ACCIDENT_YEAR,COLLISION_DATE,COLLISION_TIME,MONTH,SEASON,24HOURS,DAY_OF_WEEK,INTERSECTION,WEATHER_1,STATE_HWY_IND,ROAD_SURFACE,ROAD_COND_1,LIGHTING,STWD_VEHTYPE_AT_FAULT,CHP_VEHTYPE_AT_FAULT,DIRECTION,PCF_VIOL_CATEGORY,TYPE_OF_COLLISION,PEDESTRIAN_ACCIDENT,BICYCLE_ACCIDENT,MOTORCYCLE_ACCIDENT,TRUCK_ACCIDENT,MVIW,TOW_AWAY,HIT_AND_RUN,CONTROL_DEVICE,NUMBER_INJURED,COUNT_PED_INJURED,COUNT_BICYCLIST_INJURED,COUNT_MC_INJURED,PCF_VIOLATION,PARTY_COUNT,POINT_Y,POINT_X,COLLISION_SEVERITY
2011,2011-11-15,1815,11,3,18,2,N,A,Y,A,H,C,N,,W,12,G,Y,,,,B,N,M,A,1,1,0,0,21453.0,2,37.66350213,-120.99390896,3
2011,2011-10-31,1948,10,3,19,1,N,A,N,A,H,C,L,04,E,12,D,,Y,,,G,Y,N,A,2,0,1,0,21453.0,2,37.66675572,-120.93941456,2
2011,2011-11-11,1240,11,3,12,5,N,B,N,B,H,A,D,,W,03,C,,,,,C,N,N,D,2,0,0,0,22350.0,3,37.68931508,-121.00987328,4
2011,2011-11-18,1029,11,3,10,5,N,A,Y,A,H,A,L,,N,05,D,,Y,,,G,N,N,D,1,0,1,0,21650.0,2,37.68035728,-120.99413476,4
2011,2011-11-25,1751,11,3,17,5,N,A,N,A,-,D,A,,N,08,C,,Y,,,G,N,F,D,1,0,1,0,22107.0,2,37.6500053,-121.01424124,2
2011,2011-11-25,2129,11,3,21,5,Y,A,N,A,H,C,A,,,09,A,,,,,C,Y,N,A,3,0,0,0,21801.0,2,37.68557,-121.04518,3
2011,2011-11-26,1716,11,3,17,6,Y,A,N,A,H,B,A,,,09,-,,,,,C,Y,N,A,1,0,0,0,21801.0,2,37.63592,-121.00385,4
2011,2011-11-18,1941,11,3,19,5,Y,B,N,B,H,C,A,,,09,A,,,,,C,Y,N,A,1,0,0,0,21801.0,2,37.69689,-121.0316,4
2011,2011-11-09,1641,11,3,16,3,N,A,N,A,H,A,N,,N,11,G,Y,,,,B,N,N,A,1,1,0,0,21954.0,2,37.67250967,-121.02215807,4
2011,2011-11-20,1715,11,3,17,7,N,A,N,A,H,C,A,,W,03,C,,,,,C,Y,N,A,1,0,0,0,22350.0,3,37.700325,-121.022797,4
2011,2011-11-01,2316,11,3,23,2,Y,A,N,A,H,C,D,,,- ,D,,,,,C,Y,N,A,1,0,0,0,,2,37.63592,-121.00385,3
2011,2011-11-21,801,11,3,8,1,Y,E,N,A,H,A,-,- ,,09,A,,,,,C,Y,N,D,1,0,0,0,21801.0,2,37.68015,-120.9578,4
2011,2011-11-03,1546,11,3,15,4,N,A,Y,A,H,A,L,,N,08,D,,Y,,,G,N,N,D,1,0,1,0,22107.0,2,37.64707675,-120.99368472,4
2011,2011-11-27,315,11,3,3,7,N,E,N,B,H,C,A,,W,03,-,,,,,C,Y,M,A,1,0,0,0,22350.0,2,37.68910508,-120.99433514,4
2011,2011-11-05,1618,11,3,16,6,N,B,N,A,H,A,A,,E,03,C,,,,,C,N,N,D,1,0,0,0,22350.0,2,37.68952073,-121.02791621,4
2011,2011-11-14,1348,11,3,13,1,Y,A,N,A,H,A,L,04,,12,B,,Y,,,G,N,N,A,1,0,1,0,21453.0,2,37.67161,-121.03117,3
2011,2011-11-29,1653,11,3,16,2,N,A,N,A,H,C,A,,S,08,A,,,,,I,Y,N,D,1,0,0,0,22107.0,1,37.66352777,-120.96661178,4
2011,2011-11-22,648,11,3,6,2,Y,E,N,A,H,A,-,- ,,12,D,,,,,C,Y,N,A,3,0,0,0,21453.0,2,37.69343,-121.03154,4
2011,2011-11-20,1556,11,3,15,7,Y,B,N,A,H,A,A,,,09,C,,,,,C,N,N,A,4,0,0,0,21802.0,2,37.68214,-121.0497,4
2011,2011-11-29,2014,11,3,20,2,Y,B,Y,A,H,C,D,,,01,D,,,,,C,Y,N,A,2,0,0,0,23152.0,2,37.65109959,-120.99374465,4
2011,2011-11-30,2025,11,3,20,3,N,A,N,A,H,C,A,,W,08,C,,,,,E,N,N,D,1,0,0,0,22107.0,2,37.69848,-121.01509,4
2011,2011-11-30,915,11,3,9,3,N,B,Y,-,H,A,A,,S,08,D,,,,,C,Y,N,D,1,0,0,0,22107.0,2,37.66609542,-120.99393321,3
2011,2011-11-23,1043,11,3,10,3,N,A,N,A,H,A,A,,W,04,C,,,,,C,Y,N,A,1,0,0,0,21703.0,2,37.67101771,-121.0221634,4
2011,2011-11-30,1813,11,3,18,3,Y,A,N,A,H,C,A,,,03,C,,,,,C,Y,N,A,1,0,0,0,22350.0,2,37.66411,-121.02316,4
2011,2011-11-23,1818,11,3,18,3,N,A,Y,A,H,C,A,,N,09,F,,,,,C,Y,N,D,2,0,0,0,21804.0,3,37.6945562,-120.99434618,3
2011,2011-11-11,244,11,3,2,5,N,A,N,A,H,C,A,,N,01,B,,,,,E,Y,M,D,1,0,0,0,23152.0,3,37.67320851,-120.96325293,3
2011,2011-11-15,1717,11,3,17,2,Y,A,Y,A,H,C,A,,,10,A,Y,,,,B,N,N,D,2,2,0,0,21950.0,3,37.64923504,-120.99371455,4
2011,2011-11-24,950,11,3,9,4,Y,A,N,A,H,A,A,,,08,D,,,,,C,Y,N,D,1,0,0,0,22107.0,2,37.63619,-120.99875,3
2011,2011-11-17,1717,11,3,17,4,N,A,N,A,H,C,C,,W,03,D,,,Y,,C,Y,N,D,1,0,0,1,22350.0,2,37.6459904,-121.03128904,2
2011,2011-11-18,1745,11,3,17,5,Y,A,N,B,H,B,A,,,08,D,,Y,,,G,N,N,A,1,0,1,0,22107.0,2,37.64896,-120.97541,4
2011,2011-11-25,522,11,3,5,5,N,A,N,A,H,C,A,,N,08,D,,,,,C,Y,N,D,1,0,0,0,22107.0,2,37.6534797,-121.03102293,3
2011,2011-11-22,1745,11,3,17,2,Y,A,N,A,H,C,A,,,21,C,,,,,C,N,F,D,1,0,0,0,22106.0,2,37.66712,-120.97559,4
2011,2011-11-27,1320,11,3,13,7,N,B,Y,A,H,A,L,,N,05,D,,Y,,,G,N,N,D,1,0,1,0,21202.0,2,37.66888235,-120.99397456,4
2011,2011-11-05,1335,11,3,13,6,N,B,Y,A,H,A,A,,S,09,A,,,,,C,Y,N,A,1,0,0,0,21804.0,2,37.68810111,-120.99425562,4
2011,2011-11-06,1611,11,3,16,7,N,B,Y,A,H,A,A,,S,04,C,,,,,C,N,N,A,1,0,0,0,21703.0,2,37.69269134,-120.99432575,4
2011,2011-12-04,1000,12,4,10,7,Y,B,N,A,H,A,A,,,12,D,,,,,C,Y,N,A,1,0,0,0,21453.0,2,37.66745,-120.96665,4
2011,2011-12-06,1053,12,4,10,2,Y,A,N,A,H,A,A,,,08,D,,,,,C,Y,N,A,1,0,0,0,22100.0,2,37.68486,-121.05087,4
2011,2011-12-06,745,12,4,7,2,Y,A,N,A,H,A,A,,,12,D,,,,,C,N,N,A,2,0,0,0,21453.0,2,37.68951,-121.02656,4
2011,2011-12-06,825,12,4,8,2,Y,A,N,A,H,A,A,,,10,A,Y,,,,B,N,N,A,1,1,0,0,21950.0,2,37.64356,-120.99131,4
2011,2011-12-10,947,12,4,9,6,Y,A,N,A,H,A,A,01,,12,D,,,,,C,Y,N,A,2,0,0,0,22450.0,2,37.65118,-121.00425,4
2011,2011-12-06,830,12,4,8,2,Y,A,N,A,H,A,E,,,12,D,,,,,C,Y,N,A,1,0,0,0,21453.0,2,37.68178,-120.99418,4
2011,2011-12-06,1019,12,4,10,2,Y,A,N,A,H,A,A,,,12,D,,,,,C,Y,N,A,1,0,0,0,21453.0,2,37.64448,-120.99242,4
2011,2011-12-06,1126,12,4,11,2,Y,A,N,A,H,A,A,,,12,D,,,,,C,Y,N,A,1,0,0,0,22450.0,2,37.64354,-120.95954,4
2011,2011-12-06,1509,12,4,15,2,Y,A,Y,A,H,A,N,,,11,D,Y,,,,B,N,N,A,1,1,0,0,21954.0,2,37.63818508,-120.97374,4
2011,2011-12-01,942,12,4,9,4,N,A,N,A,H,A,A,,E,03,C,,,,,C,Y,N,A,1,0,0,0,22350.0,2,37.66861279,-120.9848249,4
2011,2011-12-12,1506,12,4,15,1,N,A,N,A,H,A,A,,S,09,D,,,,,C,N,N,D,1,0,0,0,21804.0,2,37.62671255,-121.01337827,4
2011,2011-12-01,1745,12,4,17,4,N,A,Y,A,H,C,A,,E,09,D,,,,,C,Y,N,D,1,0,0,0,21804.0,2,37.63816917,-120.9672976,4
2011,2011-12-11,1618,12,4,16,7,N,A,N,A,H,B,A,,E,08,G,,,,,E,Y,N,D,1,0,0,0,22107.0,2,37.68176676,-121.02374607,4
2011,2011-12-02,1643,12,4,16,5,Y,A,N,A,H,B,D,,,12,D,,,,,C,Y,N,A,1,0,0,0,22450.0,2,37.62423,-121.00719,4
2011,2011-12-11,1707,12,4,17,7,N,A,N,A,H,C,D,,N,04,C,,,,,C,N,N,D,2,0,0,0,21703.0,2,37.66396053,-120.95747506,4
2011,2011-12-02,1702,12,4,17,5,Y,A,N,A,H,C,D,,,09,D,,,,,C,Y,N,A,3,0,0,0,21801.0,2,37.65268,-120.97548,3
2011,2011-12-07,2223,12,4,22,3,N,A,N,A,H,C,A,,S,10,G,Y,,,,B,N,F,A,1,1,0,0,21950.0,2,,,3
2011,2011-12-08,827,12,4,8,4,Y,A,N,A,H,A,A,01,,09,D,,,,,C,Y,N,D,1,0,0,0,21801.0,2,37.6344,-121.00742,4
2011,2011-12-09,943,12,4,9,5,N,A,N,A,H,A,A,,W,10,G,Y,,,,B,N,N,A,1,1,0,0,21950.0,2,37.64141755,-120.99418299,4
2011,2011-12-03,1304,12,4,13,6,Y,A,N,A,H,A,A,,,03,C,,,,,C,Y,N,A,2,0,0,0,22350.0,2,37.66937,-120.95758,4
2011,2011-12-09,1127,12,4,11,5,N,A,N,A,H,A,-,- ,W,09,D,,,Y,,C,N,N,D,1,0,0,1,21803.0,2,37.63565646,-121.00420882,4
2011,2011-12-03,1333,12,4,13,6,N,A,N,A,H,A,A,,N,07,B,,,,,C,N,N,D,2,0,0,0,21658.0,2,37.61699087,-120.99352778,4
2011,2011-12-17,2201,12,4,22,6,N,A,N,A,H,C,-,- ,E,04,C,,,,,C,N,N,A,1,0,0,0,21703.0,2,37.5948,-120.97506107,4
2011,2011-12-16,2200,12,4,22,5,Y,A,N,A,H,C,-,- ,,10,G,Y,,,,B,N,F,A,1,1,0,0,21950.0,2,37.602,-120.94345617,4
2011,2011-12-16,825,12,4,8,5,N,E,N,A,H,A,-,- ,E,03,C,,,,,C,Y,N,A,1,0,0,0,22350.0,2,37.5947,-120.95441377,4
2011,2011-11-19,1740,11,3,17,6,N,B,N,A,H,C,D,22,S,03,C,,,,,C,N,N,D,3,0,0,0,22350.0,2,37.60746776,-120.99352292,4
2011,2011-11-05,1534,11,3,15,6,Y,A,N,A,H,A,A,08,,12,D,,,,,C,Y,N,A,4,0,0,0,21453.0,3,37.63571,-121.00182,4
2011,2011-11-01,2116,11,3,21,2,Y,A,N,A,H,C,D,22,,01,G,Y,,,,B,N,N,D,1,1,0,0,23152.0,2,37.62783,-121.00723,2
2011,2011-11-05,1155,11,3,11,6,N,B,N,A,H,A,D,22,N,08,B,,,,,C,Y,F,D,1,0,0,0,22107.0,2,37.59507379,-120.99356292,4
2011,2011-12-13,1829,12,4,18,2,N,A,N,A,H,C,-,- ,S,10,G,Y,,,,B,N,N,A,1,1,0,0,21950.0,2,37.6037,-120.94788235,4
2011,2011-12-09,1347,12,4,13,5,Y,A,N,A,H,A,-,- ,,03,C,,,,,C,Y,N,A,1,0,0,0,22350.0,2,37.6027,-120.95697578,4
2011,2011-12-07,1425,12,4,14,3,Y,A,N,A,H,A,L,04,,09,D,,Y,,,G,N,F,D,1,0,1,0,21802.0,2,37.5802,-120.9423746,3
2011,2011-11-18,2145,11,3,21,5,Y,B,Y,A,H,C,A,01,,09,D,,,,,C,Y,N,D,2,0,0,0,21801.0,2,37.61957508,-120.99432293,4
2011,2011-12-05,1240,12,4,12,1,N,A,N,A,H,A,A,01,S,03,C,,,,Y,C,Y,N,D,1,0,0,0,22350.0,2,37.63456211,-120.91132191,2
2011,2011-12-01,1155,12,4,11,4,Y,A,N,A,H,A,D,22,,09,D,,,,Y,C,Y,N,D,1,0,0,0,21802.0,2,37.50589,-120.77602,3
2011,2011-12-06,1727,12,4,17,2,N,A,Y,A,H,D,A,07,N,04,C,,,,,C,Y,N,D,2,0,0,0,21703.0,3,37.64610508,-121.01675293,4
2011,2011-12-08,1024,12,4,10,4,Y,A,N,A,H,A,-,- ,,18,D,,,,Y,C,Y,N,A,3,0,0,0,,3,37.60916,-120.84742,4
2011,2011-12-10,1040,12,4,10,6,N,A,Y,A,H,A,-,- ,N,08,B,,,,Y,C,Y,N,D,1,0,0,0,22107.0,2,37.55042514,-121.28138703,4
2011,2011-12-13,1230,12,4,12,2,N,A,N,A,H,A,D,22,N,03,C,,,,,C,N,N,D,1,0,0,0,22350.0,2,37.70820005,-121.08306337,4
2011,2011-12-04,1225,12,4,12,7,Y,A,N,A,H,A,D,22,,08,E,,,,,I,Y,N,D,1,0,0,0,22107.0,1,37.53566,-120.99413,4
2011,2011-12-11,1741,12,4,17,7,Y,A,N,A,H,C,D,22,,12,D,,,,,C,Y,N,D,1,0,0,0,22450.0,2,37.64941,-121.04014,4
2011,2011-12-13,455,12,4,4,2,Y,A,N,A,H,C,A,01,,09,D,,,,,C,N,N,D,2,0,0,0,21802.0,2,37.62495,-120.92279,3
2011,2011-12-07,809,12,4,8,3,N,A,N,A,D,A,A,07,S,03,C,,,,,C,Y,N,A,1,0,0,0,22350.0,2,37.56815544,-120.84703878,4
2011,2011-12-03,140,12,4,1,6,Y,A,N,A,H,A,A,01,,01,D,,,,,C,Y,M,A,1,0,0,0,23152.0,2,37.60942,-120.99355,4
2011,2011-12-03,1200,12,4,12,6,N,A,N,A,H,A,A,01,E,03,C,,,,,C,Y,N,A,3,0,0,0,22350.0,2,37.62060656,-120.96604295,4
2011,2011-12-07,1145,12,4,11,3,N,A,N,A,H,A,L,04,E,12,D,,Y,,,G,N,N,A,1,0,1,0,21453.0,2,37.70396177,-121.07472199,4
2011,2011-12-08,1625,12,4,16,4,N,A,N,A,H,A,C,02,E,01,F,,,Y,,A,Y,N,D,1,0,0,1,23152.0,1,37.73281559,-120.84875834,2
2011,2011-12-05,1745,12,4,17,1,N,A,N,A,H,D,A,01,N,08,E,,,,,I,Y,N,D,1,0,0,0,22107.0,1,37.98929048,-120.84581931,4
2011,2011-12-06,555,12,4,5,2,N,A,N,A,H,C,A,01,N,08,E,,,,,I,Y,N,D,1,0,0,0,22107.0,1,37.62402208,-121.12198651,4
2011,2011-12-06,1355,12,4,13,2,N,A,N,A,H,A,A,01,E,08,F,,,,,A,N,N,A,1,0,0,0,22107.0,1,37.79605917,-120.81455401,4
2011,2011-12-05,1550,12,4,15,1,N,A,N,A,H,A,-,- ,E,- ,G,Y,,,,B,N,N,A,1,1,0,0,,3,37.62057364,-121.00710246,4
2011,2011-12-01,2035,12,4,20,4,N,A,N,A,H,D,A,01,N,03,C,,,,,C,Y,N,D,1,0,0,0,22350.0,2,37.55241358,-120.99369674,4
2011,2011-12-07,1744,12,4,17,3,Y,A,Y,A,H,C,A,01,,01,D,,,,,C,Y,N,A,1,0,0,0,23152.0,2,37.70856508,-121.08155295,4
2011,2011-12-06,1934,12,4,19,2,N,A,Y,A,H,D,A,01,N,04,C,,,,,C,Y,N,D,1,0,0,0,21703.0,2,37.46880725,-120.84903635,4
2011,2011-12-11,455,12,4,4,7,N,A,Y,A,H,D,A,01,S,01,E,,,,,I,Y,N,D,1,0,0,0,23152.0,1,37.58014827,-120.94409127,3
2011,2011-12-05,1815,12,4,18,1,N,A,Y,A,H,C,A,01,S,10,G,Y,,,,B,N,N,A,1,1,0,0,21950.0,2,37.51819507,-120.8834429,4
2011,2011-12-09,2335,12,4,23,5,N,A,Y,A,H,D,A,01,N,01,F,,,,,A,Y,N,D,2,0,0,0,23153.0,1,37.51459648,-121.16046814,3
2011,2011-12-06,900,12,4,9,2,N,A,Y,A,H,A,A,08,N,07,B,,,,,C,Y,N,D,1,0,0,0,21658.0,2,37.65429749,-121.02545539,4
2011,2011-12-08,1737,12,4,17,4,N,A,Y,A,H,B,A,01,S,03,C,,,,,C,N,N,D,1,0,0,0,22350.0,2,37.66367508,-121.02788294,4
2011,2011-11-28,2007,11,3,20,1,Y,A,N,A,H,C,D,22,,01,C,,,,,C,N,F,A,1,0,0,0,23153.0,3,,,4
2011,2011-12-24,1737,12,4,17,6,Y,A,N,A,H,C,-,- ,,01,D,,,,,C,Y,F,D,2,0,0,0,23152.0,2,37.5947,-120.9405109,4
2011,2011-12-10,1723,12,4,17,6,N,A,N,A,H,D,A,01,E,03,C,,,,,C,Y,N,A,2,0,0,0,22350.0,2,37.71101268,-120.99387591,4
2011,2011-12-09,1543,12,4,15,5,N,A,N,A,H,A,D,22,N,09,D,,,,,C,Y,N,A,2,0,0,0,21804.0,2,37.69964633,-121.06883822,4
2011,2011-12-16,1740,12,4,17,5,N,A,N,A,H,D,A,01,E,03,C,,,,,C,Y,N,D,2,0,0,0,22350.0,2,,,4
2011,2011-12-14,1645,12,4,16,3,N,A,N,A,H,C,D,22,N,03,C,,,,,C,N,M,D,1,0,0,0,22350.0,3,37.60237224,-120.99350292,4
2011,2011-12-14,839,12,4,8,3,Y,A,N,A,H,A,A,01,,03,D,,,,Y,C,Y,N,A,1,0,0,0,22350.0,2,37.49228,-120.75781,3
2011,2011-12-12,355,12,4,3,1,N,A,Y,A,H,E,D,22,E,08,E,,,,,I,N,N,D,1,0,0,0,22107.0,1,37.93729558,-120.79266837,4
2011,2011-12-04,1600,12,4,16,7,N,A,N,A,H,A,A,01,E,08,A,,,,,C,N,M,A,1,0,0,0,22107.0,2,37.62161762,-120.98447232,4
2011,2011-12-26,1445,12,4,14,1,N,A,Y,A,H,A,A,01,S,04,C,,,,,C,Y,N,D,2,0,0,0,21703.0,3,37.6805031,-121.04979392,4
2011,2011-12-20,1845,12,4,18,2,N,A,N,A,H,C,D,22,W,08,G,Y,,,,B,N,N,D,1,1,0,0,22107.0,2,37.60565507,-120.99934217,4
2011,2011-12-29,650,12,4,6,4,N,A,N,A,H,D,D,22,S,08,F,,,,,I,Y,N,D,1,0,0,0,22107.0,1,,,4
2011,2011-12-24,2235,12,4,22,6,N,A,Y,A,H,D,D,22,S,01,E,,,,,I,Y,N,D,1,0,0,0,23152.0,1,37.64405806,-121.01396865,3
2011,2011-12-23,1350,12,4,13,5,N,A,N,A,H,A,D,22,W,08,E,,,,,I,Y,N,D,1,0,0,0,22107.0,1,37.53660431,-121.21378299,2
2011,2011-12-17,900,12,4,9,6,Y,E,N,A,H,A,A,01,,12,D,,,,Y,C,Y,N,A,1,0,0,0,22450.0,2,37.50711,-120.92142,3
2011,2011-12-15,600,12,4,6,4,N,C,Y,B,H,C,A,01,S,03,C,,,,Y,C,Y,N,D,2,0,0,0,22350.0,3,37.62576181,-120.99638574,4
2011,2011-12-14,535,12,4,5,3,N,A,N,A,H,E,D,22,N,08,B,,,,,C,N,N,D,2,0,0,0,22107.0,2,37.61729294,-120.99353243,4
2011,2011-12-29,430,12,4,4,4,N,A,Y,A,H,D,D,22,W,08,B,,,,Y,C,Y,N,D,1,0,0,0,22107.0,2,37.74106146,-120.91814081,4
2011,2011-12-28,1047,12,4,10,3,N,A,Y,A,H,A,A,07,E,03,C,,,,,C,N,N,D,1,0,0,0,22350.0,2,37.66371945,-120.99391293,4
2011,2011-12-20,1235,12,4,12,2,N,A,N,A,H,A,L,,E,09,D,,Y,,,G,N,N,D,1,0,1,0,21804.0,2,37.6457322,-120.99801755,2
2011,2011-12-19,451,12,4,4,1,N,A,N,A,G,C,J,,W,22,A,,,,,I,N,N,D,2,0,0,0,,1,37.68923554,-121.0035774,4
2011,2011-12-16,1400,12,4,14,5,N,A,N,A,H,A,A,,N,04,C,,,,,C,N,N,A,1,0,0,0,21703.0,2,37.68958097,-120.97600332,4
2011,2011-12-19,1418,12,4,14,1,N,A,Y,A,H,A,A,,S,09,D,,,Y,,C,Y,N,A,1,0,0,1,21801.0,2,37.66840031,-120.99395857,4
2011,2011-12-15,1528,12,4,15,4,N,B,N,A,H,B,-,,E,08,B,,,,,C,Y,N,D,2,0,0,0,22107.0,3,37.66745508,-120.96604108,3
2011,2011-12-19,1000,12,4,10,1,N,A,N,-,H,A,-,- ,S,03,C,,,,,E,N,N,D,1,0,0,0,22350.0,2,37.6506345,-121.03327641,4
2011,2011-12-06,1728,12,4,17,2,N,A,N,A,H,C,D,,W,01,E,Y,,,,I,Y,N,D,2,1,0,0,23152.0,8,37.62768293,-121.01189154,3
2011,2011-12-15,717,12,4,7,4,N,C,N,B,H,A,-,,W,03,E,,,,,I,Y,N,D,1,0,0,0,22350.0,1,37.66712508,-120.97684662,4
2011,2011-12-18,204,12,4,2,7,N,A,N,A,H,C,A,,E,01,C,,,,Y,E,N,N,D,2,0,0,0,23152.0,2,37.66777375,-121.02863998,3
2011,2011-12-15,626,12,4,6,4,N,C,N,B,H,B,A,,W,03,B,,,,,C,Y,N,A,2,0,0,0,22350.0,4,37.67039447,-120.99469376,4
2011,2011-12-26,1935,12,4,19,1,Y,A,N,A,H,C,-,- ,,12,D,,,,,C,N,N,A,2,0,0,0,21453.0,2,37.63663,-121.00291,4
2011,2011-12-17,1607,12,4,16,6,Y,A,Y,A,H,A,-,- ,,12,D,,,,,C,Y,N,D,2,0,0,0,21453.0,3,37.63557143,-120.99628616,4
2011,2011-12-23,1827,12,4,18,5,Y,A,N,A,H,D,A,,,17,B,Y,,,,B,N,N,D,1,1,0,0,24250.0,2,37.62597,-121.01864,4
2011,2011-12-23,1245,12,4,12,5,N,A,Y,A,H,A,-,- ,S,03,C,,,,,C,N,N,A,2,0,0,0,22350.0,2,37.67358775,-120.99405415,4
2011,2011-12-23,1320,12,4,13,5,N,A,N,A,H,A,A,,W,03,C,,,,,C,Y,N,D,1,0,0,0,22350.0,2,37.6998637,-120.97831667,4
2011,2011-12-23,1140,12,4,11,5,N,A,N,A,H,A,A,,N,- ,C,,,,,C,Y,N,A,2,0,0,0,,2,37.66473124,-121.03124313,4
2011,2011-12-16,2048,12,4,20,5,Y,A,N,A,H,C,A,,,09,D,,,,,C,Y,F,D,1,0,0,0,21802.0,2,37.63716,-120.99989,3
2011,2011-12-16,1920,12,4,19,5,N,A,N,A,H,C,A,,E,08,C,,,,,E,Y,N,D,1,0,0,0,22107.0,2,37.67704581,-121.01310582,4
2011,2011-12-16,1834,12,4,18,5,Y,A,N,A,H,C,-,,,01,C,,,,,C,Y,N,A,1,0,0,0,23152.0,2,37.68897,-120.95792,4
2011,2011-12-22,1548,12,4,15,4,N,A,Y,A,H,A,A,,S,09,D,,,,,C,Y,N,D,2,0,0,0,21801.0,2,37.68410627,-120.99418753,4
2011,2011-12-16,1609,12,4,16,5,N,A,N,A,H,A,A,,W,04,C,,,,,C,N,N,A,1,0,0,0,21703.0,2,37.65309692,-121.00852905,4
2011,2011-12-21,1753,12,4,17,3,N,A,N,A,H,B,A,,E,09,A,,,,,C,N,N,D,2,0,0,0,21801.0,2,37.68932797,-121.01122758,3
2011,2011-11-21,1440,11,3,14,1,Y,A,N,A,H,A,A,,,17,D,,,,,C,N,N,A,1,0,0,0,21451.0,2,37.47817,-120.84899,4
2011,2011-11-25,614,11,3,6,5,Y,A,N,A,H,A,A,,,08,D,,,,,C,Y,N,A,1,0,0,0,22107.0,2,37.50726,-120.86236,4
2011,2011-11-24,1956,11,3,19,4,Y,B,N,B,H,C,A,,,09,D,,,,,C,Y,F,A,1,0,0,0,21802.0,2,37.49632,-120.83828,4
2011,2011-12-14,1204,12,4,12,3,Y,A,N,A,H,A,A,,,08,D,,,,,C,Y,N,A,1,0,0,0,22100.0,2,37.529387,-120.848944,3
2011,2011-12-15,554,12,4,5,4,Y,C,N,B,H,C,D,,,09,A,,,,,C,Y,N,A,1,0,0,0,21802.0,3,37.49173,-120.84108,4
2011,2011-12-22,2020,12,4,20,4,N,A,N,A,H,D,D,22,N,08,B,,,,,C,N,M,D,1,0,0,0,22107.0,2,37.49378335,-120.86824941,3
2011,2011-12-02,1453,12,4,14,5,Y,A,N,A,H,A,D,,,09,D,,,,,C,Y,N,A,2,0,0,0,21802.0,2,37.52558,-120.88178,3
2011,2011-12-11,1601,12,4,16,7,Y,A,N,A,H,A,L,,,12,A,,Y,,,G,N,N,A,1,0,1,0,21453.0,2,37.49539,-120.84686,3
2011,2011-12-13,1553,12,4,15,2,Y,A,N,A,H,A,L,,,12,D,,Y,,,G,N,N,A,1,0,1,0,22450.0,2,37.49266,-120.83076,3
2011,2011-12-26,2236,12,4,22,1,N,A,N,A,H,C,-,,S,03,D,,,,,I,N,N,D,1,0,0,0,22350.0,1,37.510132,-120.876458,3
2011,2011-12-29,1230,12,4,12,4,Y,A,N,A,H,A,A,,,12,D,,,,,C,N,N,A,1,0,0,0,21453.0,3,37.49272,-120.87174,4
2011,2011-12-21,1935,12,4,19,3,Y,A,N,A,H,C,D,,,12,D,,,,,C,N,F,A,3,0,0,0,21453.0,2,37.52191,-120.8813,4
2011,2011-12-21,1739,12,4,17,3,N,A,N,A,H,C,A,,W,04,C,,,,,C,Y,N,A,1,0,0,0,21703.0,3,37.52190933,-120.88310922,4
2012,2012-01-08,1226,1,4,12,7,N,A,N,A,H,A,L,04,W,17,H,,Y,,,G,N,N,A,1,0,1,0,21451.0,2,,,4
2012,2012-01-07,1700,1,4,17,6,Y,A,N,A,H,B,A,,,09,D,,,,,C,Y,N,A,1,0,0,0,21801.0,2,37.68951499,-121.02657298,4
2011,2011-11-12,1755,11,3,17,6,Y,A,N,A,H,A,D,,,12,H,,Y,,,G,N,F,A,1,0,1,0,21453.0,2,37.48551,-120.84899,3
2011,2011-12-11,1257,12,4,12,7,N,A,N,A,H,A,-,- ,E,01,C,,,,,C,Y,N,A,2,0,0,0,23152.0,2,37.67035508,-121.01016063,4
2011,2011-12-13,1245,12,4,12,2,Y,A,N,A,H,A,D,,,09,H,,,,,C,Y,N,A,1,0,0,0,21801.0,2,37.66738,-121.03038,4
2011,2011-12-14,1551,12,4,15,3,Y,A,N,A,H,A,A,,,09,A,,,,,C,Y,N,D,1,0,0,0,21802.0,2,,,4
2011,2011-12-14,1630,12,4,16,3,Y,A,N,A,H,A,A,,,09,A,,,,,C,Y,N,D,2,0,0,0,21802.0,2,37.6133,-121.01637,4
2011,2011-12-08,1255,12,4,12,4,N,A,Y,A,H,A,A,,N,04,C,,,,,C,Y,N,D,2,0,0,0,21703.0,3,37.66027743,-120.9938457,4
2011,2011-12-08,1636,12,4,16,4,N,A,N,A,H,A,A,,E,08,-,,,,,-,Y,N,A,1,0,0,0,22100.0,2,37.64047834,-120.99302543,4
2011,2011-12-03,1449,12,4,14,6,N,A,N,A,H,A,A,,E,03,C,,,,,C,Y,N,D,1,0,0,0,22350.0,3,37.67803627,-120.96877379,4
2011,2011-12-31,216,12,4,2,6,Y,A,N,A,H,D,A,,,01,E,,,,,I,Y,N,D,1,0,0,0,23152.0,1,37.63141,-121.01491,4
2011,2011-12-30,2111,12,4,21,5,Y,A,N,A,H,C,A,,,09,D,,,,,C,N,N,A,2,0,0,0,21801.0,2,37.6698,-120.97563,4
2011,2011-12-16,1830,12,4,18,5,N,A,N,A,H,E,A,,,03,G,Y,,,,B,N,F,D,1,1,0,0,22350.0,2,37.62874,-121.01177,3
2011,2011-12-26,1515,12,4,15,1,Y,A,N,A,H,A,-,- ,,12,D,,,,,C,Y,N,A,1,0,0,0,21453.0,2,37.67806,-120.95772,4
2011,2011-12-20,1421,12,4,14,2,Y,A,N,A,H,A,-,- ,,12,D,,,,,C,Y,N,A,2,0,0,0,21453.0,2,37.69131,-120.97603,4
2011,2011-11-30,1657,11,3,16,3,N,A,N,A,H,C,A,,S,03,C,,,,,C,N,F,D,1,0,0,0,22350.0,2,37.62753642,-120.99918293,4