ACCIDENT_YEAR,COLLISION_DATE,COLLISION_TIME,MONTH,SEASON,24HOURS,DAY_OF_WEEK,INTERSECTION,WEATHER_1,STATE_HWY_IND,ROAD_SURFACE,ROAD_COND_1,LIGHTING,STWD_VEHTYPE_AT_FAULT,CHP_VEHTYPE_AT_FAULT,DIRECTION,PCF_VIOL_CATEGORY,TYPE_OF_COLLISION,PEDESTRIAN_ACCIDENT,BICYCLE_ACCIDENT,MOTORCYCLE_ACCIDENT,TRUCK_ACCIDENT,MVIW,TOW_AWAY,HIT_AND_RUN,CONTROL_DEVICE,NUMBER_INJURED,COUNT_PED_INJURED,COUNT_BICYCLIST_INJURED,COUNT_MC_INJURED,PCF_VIOLATION,PARTY_COUNT,POINT_Y,POINT_X,COLLISION_SEVERITY
2012,2012-07-06,1105,7,2,11,5,N,A,Y,A,H,A,A,01,N,03,C,,,,,C,N,N,D,1,0,0,0,22350.0,2,37.6419826,-121.01019024,4
2012,2012-07-06,1455,7,2,14,5,N,A,N,A,H,A,A,07,S,08,D,,Y,,,G,N,N,D,1,0,1,0,22107.0,2,37.60427191,-121.000219,3
2012,2012-07-05,2000,7,2,20,4,Y,A,N,A,H,A,-,- ,,12,D,,,,,C,Y,N,A,2,0,0,0,21453.0,2,37.61647503,-121.03032293,4
2012,2012-07-06,1848,7,2,18,5,N,A,N,A,H,A,A,07,W,01,A,,,,,D,Y,N,D,1,0,0,0,23152.0,2,37.65595341,-121.03124296,3
2012,2012-07-03,1620,7,2,16,2,Y,A,N,A,H,A,A,08,,09,D,,,,,C,Y,N,A,4,0,0,0,21802.0,2,37.61303494,-120.97527287,3
2012,2012-07-03,1540,7,2,15,2,N,A,N,A,H,A,-,99,S,05,F,,,Y,,A,N,M,A,1,0,0,1,21460.0,2,37.6635764,-120.90244843,3
2012,2012-07-02,1425,7,2,14,1,N,A,N,A,H,A,A,01,S,08,E,,,,,I,Y,N,D,1,0,0,0,22107.0,1,37.51832932,-120.78876356,3
2012,2012-07-03,2100,7,2,21,2,N,A,Y,A,H,D,A,01,W,08,E,,,,,I,Y,N,D,1,0,0,0,22107.0,1,37.66170491,-120.47947515,4
2012,2012-07-03,1732,7,2,17,2,N,A,Y,A,H,A,A,01,N,03,C,,,,,C,N,N,D,2,0,0,0,22350.0,2,37.64018108,-121.00825346,4
2012,2012-07-09,731,7,2,7,1,Y,A,N,A,H,A,A,07,,12,D,,,,,C,Y,N,A,2,0,0,0,22450.0,2,37.61344492,-121.04410291,2
2012,2012-07-07,1128,7,2,11,6,N,A,N,A,H,A,A,01,S,08,C,,,,,E,Y,N,D,2,0,0,0,22107.0,2,37.56723356,-120.92827377,4
2012,2012-07-04,1522,7,2,15,3,Y,A,N,A,H,A,-,- ,,09,A,,,,,C,Y,N,A,3,0,0,0,21802.0,3,37.60010496,-120.96623294,4
2012,2012-06-05,2247,6,2,22,2,Y,A,Y,A,H,C,D,22,,05,B,,,,,C,Y,F,D,2,0,0,0,21650.0,2,37.7589527,-120.86517762,3
2012,2012-06-01,834,6,2,8,5,N,A,Y,A,H,A,D,22,,09,D,,,,,C,Y,N,D,1,0,0,0,21804.0,2,37.76976239,-120.83852737,4
2012,2012-06-04,1115,6,2,11,1,N,A,N,A,H,A,D,22,,21,G,Y,,,,B,N,N,D,1,1,0,0,22106.0,2,37.766839,-120.858386,3
2012,2012-06-11,1254,6,2,12,1,Y,A,Y,A,H,A,A,01,,12,D,,,,,C,Y,N,A,1,0,0,0,21453.0,2,37.75698271,-120.87020589,4
2012,2012-07-11,1803,7,2,18,3,Y,A,N,A,H,A,-,- ,,12,D,,,,,C,Y,N,A,2,0,0,0,21453.0,2,37.61078493,-120.97530289,4
2012,2012-06-27,948,6,2,9,3,N,A,N,A,H,A,-,,N,08,B,,Y,,,G,N,N,D,1,0,1,0,22107.0,2,37.50663096,-120.83076796,3
2012,2012-07-02,1103,7,2,11,1,Y,A,N,A,H,A,A,01,,17,D,,,,,C,Y,N,A,3,0,0,0,21451.0,2,37.52188493,-120.86266286,3
2012,2012-06-28,1915,6,2,19,4,N,A,Y,A,D,A,L,,S,05,D,,Y,,,G,N,N,D,1,0,1,0,21650.0,2,37.67017379,-120.99399862,4
2012,2012-06-29,1446,6,2,14,5,N,A,Y,A,H,A,-,,N,03,C,,,,,C,Y,N,D,3,0,0,0,22350.0,3,37.66070804,-120.99385043,4
2012,2012-06-12,1100,6,2,11,2,Y,A,N,A,H,A,A,,,09,D,,,,,C,N,N,A,1,0,0,0,21801.0,2,37.64942503,-121.00743288,4
2012,2012-06-26,1616,6,2,16,2,N,A,Y,A,H,A,A,,S,04,C,,,,,C,N,N,D,1,0,0,0,21703.0,2,37.73078269,-120.99520753,4
2012,2012-06-20,1115,6,2,11,3,Y,A,N,A,H,A,A,01,,09,D,,,,,C,Y,N,A,2,0,0,0,21801.0,2,,,4
2012,2012-06-25,1945,6,2,19,1,Y,A,N,A,H,A,A,,,03,C,,,,,C,N,N,A,1,0,0,0,22350.0,2,37.65268492,-120.97549286,3
2012,2012-06-07,1748,6,2,17,4,N,A,N,A,H,A,D,,E,01,C,,,,,E,Y,N,A,1,0,0,0,23152.0,3,37.68165789,-120.96929553,4
2012,2012-06-21,1500,6,2,15,4,Y,A,N,A,H,A,L,,,05,D,,Y,,,G,N,N,A,1,0,1,0,21650.0,2,37.67479502,-121.01050285,3
2012,2012-06-21,1627,6,2,16,4,N,A,N,A,H,A,A,,S,09,D,,,,,C,Y,N,D,1,0,0,0,21804.0,2,37.66694491,-121.03015773,4
2012,2012-06-26,1630,6,2,16,2,Y,A,N,A,H,A,A,,,12,D,,,,,C,Y,N,A,3,0,0,0,21453.0,2,37.64433503,-120.99764285,4
2012,2012-06-27,1052,6,2,10,3,N,A,Y,A,H,A,-,- ,S,18,B,,,,,C,Y,N,A,1,0,0,0,,3,37.68853132,-120.99426334,4
2012,2012-06-28,630,6,2,6,4,Y,A,N,A,H,A,A,,,12,D,,,,,C,Y,N,A,3,0,0,0,21453.0,2,37.66757498,-121.01219285,3
2012,2012-06-28,953,6,2,9,4,N,A,N,A,C,A,A,,W,03,C,,,,,C,N,N,D,1,0,0,0,22350.0,3,37.69986242,-120.97935359,4
2012,2012-07-02,747,7,2,7,1,N,A,N,A,H,A,A,,E,03,C,,,,,C,Y,N,D,2,0,0,0,22350.0,2,37.64759817,-120.92472948,4
2012,2012-08-07,919,8,2,9,2,Y,A,Y,A,H,A,-,- ,,12,D,,,,,C,N,N,A,1,0,0,0,21453.0,2,37.6813684,-120.99414067,4
2012,2012-07-03,1819,7,2,18,2,Y,A,N,A,H,A,A,,,08,D,,,,,C,N,N,A,1,0,0,0,22103.0,3,37.64353499,-120.95843294,4
2012,2012-02-04,1854,2,4,18,6,N,A,N,A,H,A,-,- ,S,01,C,,,,,C,Y,N,D,1,0,0,0,23152.0,2,37.64890266,-120.93902162,2
2012,2012-07-08,1532,7,2,15,7,Y,A,Y,A,H,A,-,- ,,09,A,,,,,C,Y,N,A,1,0,0,0,21802.0,2,37.63804687,-120.94780246,3
2012,2012-07-08,2106,7,2,21,7,Y,A,Y,A,H,B,-,- ,,12,D,,,,,C,Y,N,A,2,0,0,0,21453.0,3,37.63687508,-120.99787293,4
2012,2012-07-01,1721,7,2,17,7,Y,A,N,A,H,A,-,- ,,12,D,,,,,C,N,N,A,5,0,0,0,21453.0,3,37.65803497,-120.95740286,4
2012,2012-07-04,225,7,2,2,3,N,A,N,A,H,C,-,- ,W,01,C,,,,,C,Y,N,D,1,0,0,0,23152.0,2,37.700448,-121.032217,4
2012,2012-07-04,917,7,2,9,3,Y,A,N,A,H,A,-,- ,,03,C,,,,,C,Y,N,D,1,0,0,0,22350.0,4,37.64803498,-120.95723293,4
2012,2012-07-05,1209,7,2,12,4,Y,A,N,A,H,A,-,- ,,12,B,,,,,C,Y,N,A,1,0,0,0,21453.0,2,37.67273501,-120.99404287,4
2012,2012-07-07,222,7,2,2,6,Y,A,N,A,H,C,-,- ,,01,D,,,,,C,Y,N,A,1,0,0,0,23152.0,2,37.69689502,-121.03161292,3
2012,2012-07-07,1434,7,2,14,6,Y,A,N,A,H,A,A,,,03,C,,,,,C,N,N,A,1,0,0,0,22350.0,2,37.68967493,-121.0314829,4
2012,2012-07-07,2140,7,2,21,6,N,A,Y,A,H,B,A,,E,03,C,,,,,-,Y,N,D,3,0,0,0,22350.0,2,37.63806086,-120.93759804,4
2012,2012-07-08,1354,7,2,13,7,Y,A,N,A,H,A,A,,,03,C,,,,,C,N,N,A,1,0,0,0,22350.0,2,37.66994495,-121.03064286,4
2012,2012-07-08,1731,7,2,17,7,Y,A,N,A,H,A,A,,,09,D,,,,,C,Y,N,A,2,0,0,0,21801.0,2,37.69131503,-120.97604285,4
2012,2012-07-08,1915,7,2,19,7,N,A,N,A,H,A,L,,E,05,B,,Y,,,G,N,N,A,1,0,1,0,21650.0,2,37.68564438,-121.00727153,4
2012,2012-07-09,815,7,2,8,1,Y,A,Y,A,H,A,A,,,12,D,,,,,C,Y,N,A,1,0,0,0,21453.0,2,37.63620503,-121.00350296,4
2012,2012-07-09,2240,7,2,22,1,Y,A,N,A,H,C,-,- ,,01,D,,,,,C,Y,F,A,2,0,0,0,23152.0,2,37.60925501,-120.88477286,4
2012,2012-07-01,1334,7,2,13,7,N,A,N,A,H,A,-,- ,N,09,A,,,,,C,Y,N,D,3,0,0,0,21801.0,2,37.32204398,-121.02380083,2
2012,2012-05-20,1240,5,1,12,7,N,A,N,A,H,A,A,01,W,03,C,,,,,C,Y,N,D,1,0,0,0,22350.0,3,37.46971715,-121.1340956,3
2012,2012-05-25,1201,5,1,12,5,N,A,N,A,H,A,A,01,N,09,-,,,Y,,C,Y,N,D,1,0,0,1,21804.0,2,37.52764602,-120.86698258,3
2012,2012-07-02,1254,7,2,12,1,N,A,N,A,D,A,-,- ,N,08,A,,,,,C,Y,N,D,3,0,0,0,22107.0,2,37.60342678,-120.93864018,4
2012,2012-05-19,1853,5,1,18,6,N,A,N,A,H,A,-,- ,N,09,D,,,,,C,N,N,D,1,0,0,0,21804.0,2,37.59942131,-120.9703046,3
2012,2012-05-28,1838,5,1,18,1,N,A,N,A,H,A,-,- ,S,03,C,,,,,C,Y,N,A,1,0,0,0,22350.0,2,37.6198513,-120.97525288,4
2012,2012-07-01,2035,7,2,20,7,N,A,N,A,H,C,A,,N,03,C,,,,,C,N,F,D,1,0,0,0,22350.0,2,37.68967641,-121.00891488,4
2012,2012-07-01,2138,7,2,21,7,N,A,N,A,G,C,-,- ,N,18,E,,,Y,,J,Y,N,D,1,0,0,1,,1,37.64144837,-120.92176131,4
2012,2012-07-13,1900,7,2,19,5,N,A,N,A,H,A,F,26,W,08,F,,,,Y,A,Y,N,D,1,0,0,0,22107.0,1,37.33320946,-121.04674522,4
2012,2012-07-10,2205,7,2,22,2,N,A,Y,A,D,D,D,22,N,03,C,,,,,C,Y,N,D,1,0,0,0,22350.0,2,37.50821528,-120.87844365,4
2012,2012-07-09,800,7,2,8,1,N,A,Y,A,H,A,E,22,S,08,E,,,,,J,Y,N,D,2,0,0,0,22107.0,1,37.52142426,-120.88519239,4
2012,2012-07-13,1445,7,2,14,5,N,A,N,A,H,A,A,01,S,05,B,,,,,C,Y,N,D,2,0,0,0,21650.0,2,37.5359609,-120.8067607,3
2012,2012-07-03,1215,7,2,12,2,N,A,Y,A,H,A,C,02,S,08,F,,,Y,Y,A,Y,N,D,1,0,0,1,22107.0,2,37.29708446,-121.10178068,2
2012,2012-07-17,1347,7,2,13,2,N,A,Y,A,H,A,D,22,S,03,C,,,,,C,Y,N,D,1,0,0,0,22350.0,3,37.70528508,-121.07699295,4
2012,2012-07-05,1600,7,2,16,4,N,A,Y,A,H,A,E,22,S,08,F,,,,,A,Y,N,D,1,0,0,0,22107.0,1,37.36884681,-121.12397204,4
2012,2012-07-10,1928,7,2,19,2,Y,A,N,A,H,A,D,22,,01,E,,,,,I,Y,N,D,1,0,0,0,23152.0,2,37.51443,-120.79621,3
2012,2012-07-12,1900,7,2,19,4,N,A,Y,A,H,A,A,01,N,03,C,,,,,C,Y,N,D,1,0,0,0,22350.0,2,37.54823685,-120.90636056,4
2012,2012-07-11,1341,7,2,13,3,N,A,Y,A,H,A,D,22,N,21,C,,,,,C,N,N,A,1,0,0,0,22106.0,2,37.6383246,-121.05977821,4
2012,2012-07-16,1653,7,2,16,1,N,A,Y,A,H,A,A,01,N,08,B,,,,Y,C,N,N,D,2,0,0,0,22107.0,2,37.55496995,-120.91526066,3
2012,2012-06-21,2110,6,2,21,4,N,A,Y,A,H,D,A,01,E,01,E,,,,,I,Y,N,D,1,0,0,0,23152.0,1,37.72718103,-120.99516669,3
2012,2012-07-08,300,7,2,3,7,N,A,N,A,H,D,A,01,S,01,E,,,,,I,Y,N,D,2,0,0,0,23152.0,1,37.693542,-121.086491,2
2012,2012-07-16,1,7,2,0,1,N,A,N,A,H,D,A,01,W,01,E,,,,,I,Y,N,D,2,0,0,0,23152.0,1,37.53660017,-121.2148936,3
2012,2012-07-08,350,7,2,3,7,N,A,N,A,H,D,A,01,E,01,E,,,,,I,Y,N,D,1,0,0,0,23152.0,1,37.73265601,-120.90543003,2
2012,2012-07-09,1550,7,2,15,1,Y,A,N,A,H,A,A,01,,09,D,,,,,C,Y,N,A,2,0,0,0,21802.0,2,37.565725,-120.95705284,4
2012,2012-07-11,425,7,2,4,3,N,A,Y,A,H,D,A,01,S,08,F,,,,,A,Y,N,D,1,0,0,0,22107.0,1,37.53110135,-121.2561023,4
2012,2012-07-15,516,7,2,5,7,N,A,Y,A,H,B,A,01,S,01,F,,,,,A,Y,N,D,1,0,0,0,23152.0,1,37.46405345,-120.82394081,2
2012,2012-07-16,1645,7,2,16,1,Y,A,Y,A,H,A,A,07,,08,E,,,,,I,Y,N,D,2,0,0,0,22107.0,1,37.65343148,-121.02493458,3
2012,2012-07-13,1038,7,2,10,5,N,A,Y,A,H,A,A,01,W,07,E,,,,,I,Y,N,D,1,0,0,0,21658.0,1,37.78171637,-120.75391915,4
2012,2012-07-17,1800,7,2,18,2,N,A,Y,A,H,A,A,01,W,08,D,,,,,C,N,N,A,1,0,0,0,22107.0,2,37.46738507,-120.84905289,4
2012,2012-07-14,1418,7,2,14,6,Y,A,Y,A,H,A,A,01,,03,D,,,,,C,Y,N,A,1,0,0,0,22350.0,2,37.71113509,-121.01288844,4
2012,2012-07-13,140,7,2,1,5,N,A,N,A,H,D,A,01,S,01,B,,,,,C,Y,N,D,1,0,0,0,23152.0,2,37.42925173,-121.01521715,4
2012,2012-07-11,1735,7,2,17,3,N,A,N,A,H,A,A,07,E,03,C,,,,,C,N,N,D,1,0,0,0,22350.0,2,37.63364984,-120.97356452,4
2012,2012-07-03,1222,7,2,12,2,N,A,N,A,D,A,D,,W,03,C,,,,,C,Y,N,D,3,0,0,0,22350.0,2,37.49273503,-120.86520779,4
2012,2012-07-10,2048,7,2,20,2,Y,A,N,A,H,C,A,,,03,E,,,,,I,Y,N,D,1,0,0,0,22350.0,1,37.51457495,-120.86566283,4
2012,2012-07-02,1645,7,2,16,1,N,A,N,A,H,A,A,,W,09,D,,,Y,,C,Y,N,D,1,0,0,1,21804.0,2,37.49272505,-120.87304884,3
2012,2012-07-05,1409,7,2,14,4,N,A,N,A,H,A,A,,S,08,D,,,,,C,Y,N,A,1,0,0,0,22107.0,2,37.495048,-120.876292,3
2012,2012-07-14,30,7,2,0,6,N,A,N,A,H,C,A,,S,01,D,,,,Y,C,Y,N,D,4,0,0,0,23152.0,2,37.68885183,-121.03147017,2
2012,2012-07-16,746,7,2,7,1,N,A,N,A,H,A,A,01,E,09,D,,,,,C,Y,N,D,1,0,0,0,21804.0,2,37.67807089,-120.93830967,3
2012,2012-07-21,2350,7,2,23,6,N,A,N,A,H,C,-,- ,W,01,C,,,,,C,Y,N,A,1,0,0,0,23152.0,2,37.60924504,-120.9387451,4
2012,2012-07-11,1426,7,2,14,3,Y,A,N,A,H,A,D,22,,00,D,,,,,C,Y,N,A,2,0,0,0,23104.0,2,37.485885,-121.11714294,3
2012,2012-07-10,1743,7,2,17,2,N,A,N,A,H,A,A,,W,09,D,,,,,C,,N,D,5,0,0,0,21802.0,2,37.68892567,-120.97886481,4
2012,2012-07-15,124,7,2,1,7,N,A,N,A,H,C,A,,W,08,E,,,,,I,Y,N,D,1,0,0,0,22107.0,1,37.66739015,-120.97900241,2
2012,2012-07-17,1031,7,2,10,2,Y,A,N,A,H,A,D,,,10,G,Y,,,,B,,N,A,1,1,0,0,21950.0,2,37.64730503,-121.00666295,4
2012,2012-07-17,1420,7,2,14,2,N,A,N,A,H,A,A,,E,21,C,,,,,C,N,N,A,1,0,0,0,22106.0,2,37.68967493,-121.0314829,4
2012,2012-07-17,1759,7,2,17,2,N,A,N,A,H,A,F,,E,09,D,,,,Y,C,Y,N,D,1,0,0,0,21804.0,2,37.66541506,-120.95601477,4
2012,2012-07-20,1500,7,2,15,5,N,A,N,A,H,A,A,,N,03,C,,,,,C,N,N,A,1,0,0,0,22350.0,2,37.68962788,-121.01251627,4
2012,2012-07-20,1833,7,2,18,5,Y,A,N,A,H,A,D,,,09,D,,,,,C,Y,N,A,2,0,0,0,21802.0,2,37.665745,-121.00766289,3
2012,2012-07-10,1054,7,2,10,2,N,A,N,A,H,A,D,,,08,D,,,,,C,Y,N,D,1,0,0,0,22107.0,3,37.64597497,-121.02808286,3
2012,2012-07-02,1541,7,2,15,1,N,A,N,A,H,A,C,,S,08,E,,,Y,,I,Y,N,D,1,0,0,1,22107.0,1,37.69309645,-120.95801298,3
2012,2012-07-10,1550,7,2,15,2,Y,A,N,A,H,A,A,,,17,D,,,,,C,Y,N,A,2,0,0,0,21451.0,2,37.64942503,-121.00743288,4
2012,2012-07-12,1656,7,2,16,4,N,A,N,A,H,A,A,,E,21,G,Y,,,,B,N,N,A,2,2,0,0,22106.0,4,37.67357531,-121.03116609,3
2012,2012-07-13,1849,7,2,18,5,Y,A,N,A,H,A,L,,,12,D,,Y,,,G,Y,N,A,1,0,1,0,22450.0,2,37.62782495,-121.00948291,3
2012,2012-07-13,857,7,2,8,5,Y,A,N,A,H,A,A,,,09,D,,,,,C,Y,N,A,1,0,0,0,21802.0,3,37.65739497,-120.99785291,4
2012,2012-07-14,2350,7,2,23,6,N,A,N,A,H,C,N,,E,11,G,Y,,,,B,N,N,D,1,1,0,0,21954.0,2,37.68948341,-121.02553701,2
2012,2012-07-13,1225,7,2,12,5,Y,A,N,A,H,A,A,,,10,G,Y,,,,B,N,F,A,1,1,0,0,21950.0,2,37.64452499,-121.00697291,4
2012,2012-07-14,1650,7,2,16,6,Y,A,N,A,H,A,A,,,09,D,,,,,C,Y,N,A,3,0,0,0,21801.0,2,37.64520502,-120.95718287,3
2012,2012-07-13,1407,7,2,14,5,N,A,N,A,H,A,A,,W,03,C,,,,,C,N,N,A,1,0,0,0,22350.0,3,37.66401683,-121.01234024,4
2012,2012-07-16,2200,7,2,22,1,Y,A,N,A,H,C,A,,,01,D,,,,,C,Y,N,A,1,0,0,0,23152.0,2,37.65089495,-120.98300289,4
2012,2012-07-14,1046,7,2,10,6,Y,A,N,A,H,A,A,,,03,C,,,,,C,Y,N,D,1,0,0,0,22350.0,2,37.67087,-120.92634,4
2012,2012-07-18,1826,7,2,18,3,N,A,N,A,H,A,A,,E,08,D,,,,,I,Y,N,D,1,0,0,0,22107.0,1,37.68198501,-121.01771299,4
2012,2012-07-14,1120,7,2,11,6,Y,A,Y,A,H,A,A,,,12,D,,,,,C,Y,N,A,2,0,0,0,21453.0,2,37.63812508,-120.92976292,3
2012,2012-07-19,1109,7,2,11,4,N,A,N,A,H,A,A,,W,07,B,,,,,C,N,N,A,1,0,0,0,21658.0,2,37.66352517,-120.97568025,4
2012,2012-07-15,1136,7,2,11,7,Y,A,N,A,H,A,A,,,03,C,,,,,C,N,M,D,1,0,0,0,22350.0,2,37.66994495,-121.03064286,4
2012,2012-07-19,1356,7,2,13,4,N,A,N,A,H,A,L,,N,08,G,,Y,,,G,N,N,D,1,0,1,0,22107.0,2,37.69564885,-120.98116299,3
2012,2012-07-15,1242,7,2,12,7,N,A,N,A,H,A,A,,S,24,E,,,,,I,Y,N,D,4,0,0,0,,2,37.64393313,-120.92596157,3
2012,2012-07-20,1514,7,2,15,5,Y,A,N,A,H,A,D,,,09,D,,,,,C,Y,N,A,2,0,0,0,21801.0,2,37.66039499,-121.01209298,3
2012,2012-07-22,1,7,2,0,7,N,A,N,A,H,C,A,,E,03,A,Y,,,,E,Y,F,A,1,1,0,0,22350.0,3,37.66084926,-120.97475936,4
2012,2012-07-23,628,7,2,6,1,N,B,Y,A,H,A,A,07,N,09,D,,,,,C,Y,N,D,3,0,0,0,21801.0,2,37.64092337,-121.00266689,3
2012,2012-07-23,1356,7,2,13,1,N,A,N,A,H,A,A,,E,06,C,,Y,,,G,N,F,D,1,0,1,0,21750.0,2,37.68202435,-121.00836388,4
2012,2012-07-17,1900,7,2,19,2,N,A,N,A,H,A,A,,E,08,D,,,,,C,N,M,D,1,0,0,0,22107.0,2,37.68909891,-120.9939621,4
2012,2012-07-15,1523,7,2,15,7,Y,A,N,A,H,A,A,,,12,D,,,,,C,Y,N,A,4,0,0,0,21453.0,2,37.66359504,-120.98482291,4
2012,2012-06-30,1250,6,2,12,6,Y,A,N,A,H,A,A,,,17,D,,,,,C,Y,N,A,2,0,0,0,21451.0,2,37.63879502,-121.00008295,3
2012,2012-06-16,1913,6,2,19,6,N,A,N,A,H,A,A,,W,01,E,,,,,I,Y,N,D,1,0,0,0,23152.0,1,37.62436049,-121.02838822,4
2012,2012-04-25,1500,4,1,15,3,Y,B,N,B,H,A,L,,,05,D,,Y,,,G,N,N,A,1,0,1,0,21650.0,2,37.53186494,-120.83959291,4
2012,2012-05-28,1737,5,1,17,1,Y,A,N,A,H,A,-,- ,,12,D,,,,,C,Y,N,A,3,0,0,0,21453.0,2,37.58014502,-120.9568429,4
2012,2012-05-29,1630,5,1,16,2,N,A,Y,A,H,A,A,01,N,08,B,,,,,C,Y,N,A,1,0,0,0,22107.0,4,37.63804687,-120.94780246,4
2012,2012-07-26,1413,7,2,14,4,Y,A,N,A,H,A,A,07,,09,A,,,,,C,Y,N,A,1,0,0,0,21801.0,3,37.59837495,-120.9702929,3
2012,2012-07-26,1535,7,2,15,4,Y,A,N,A,H,A,A,01,,09,D,,,,,C,Y,N,A,1,0,0,0,21802.0,2,37.60193494,-120.85174285,4
2012,2012-07-20,2221,7,2,22,5,N,A,N,A,H,C,A,01,E,08,D,,,,,C,Y,N,A,2,0,0,0,22107.0,2,37.60923369,-120.9724778,4
2012,2012-07-27,851,7,2,8,5,Y,A,N,A,H,A,-,- ,,03,C,,,,,C,Y,N,A,1,0,0,0,22350.0,3,,,4
2012,2012-06-16,1450,6,2,14,6,Y,A,N,A,H,A,-,- ,,00,D,,,,,C,Y,N,A,2,0,0,0,,2,37.464457,-121.14458,3
2012,2012-07-20,1700,7,2,17,5,N,A,Y,A,H,A,A,01,S,04,C,,,,,C,Y,N,D,1,0,0,0,21703.0,2,37.66424937,-121.02896503,4
2012,2012-06-13,745,6,2,7,3,N,A,Y,A,H,A,D,22,S,03,C,,,,,C,Y,N,D,4,0,0,0,22350.0,5,37.54391032,-120.90006096,3
2012,2012-07-19,1955,7,2,19,4,N,A,N,A,H,B,E,22,N,03,B,,,,,C,Y,N,D,2,0,0,0,22350.0,2,37.69909339,-120.84833297,4
2012,2012-07-18,1655,7,2,16,3,N,A,Y,A,H,A,A,01,E,08,B,,,,,C,Y,N,D,4,0,0,0,22107.0,2,37.78747101,-120.73022707,3
2012,2012-07-19,1655,7,2,16,4,N,A,Y,A,H,A,A,01,S,03,C,,,,,C,Y,N,D,3,0,0,0,22350.0,2,37.64412693,-121.01407966,3
2012,2012-07-19,2045,7,2,20,4,N,A,Y,A,H,D,D,22,S,01,E,,,,,I,Y,N,D,1,0,0,0,23152.0,1,37.52863675,-121.17596933,3
2012,2012-07-20,1350,7,2,13,5,N,A,Y,A,H,A,A,01,N,21,C,,,,,C,N,N,A,1,0,0,0,22106.0,2,37.61393437,-120.98064636,4
2012,2012-07-20,1213,7,2,12,5,N,A,Y,A,H,A,D,22,N,03,C,,,,,C,Y,N,A,3,0,0,0,22350.0,2,37.63872501,-120.84774657,4
2012,2012-07-27,1810,7,2,18,5,Y,A,N,A,H,A,A,07,,09,D,,,,,C,Y,N,A,2,0,0,0,21802.0,2,37.71660502,-121.09135286,4
2012,2012-07-26,1225,7,2,12,4,Y,A,N,A,H,A,D,22,,06,D,,,,Y,C,N,N,A,1,0,0,0,21755.0,2,37.62504497,-120.92280289,4
2012,2012-07-31,801,7,2,8,2,N,A,N,A,H,A,D,22,S,03,C,,,,,C,Y,N,A,1,0,0,0,22350.0,3,37.54261193,-120.92042296,4
2012,2012-08-01,2145,8,2,21,3,N,A,Y,A,H,D,D,22,N,03,C,,,,,C,Y,N,D,3,0,0,0,22350.0,2,37.70086572,-121.07218778,4
2012,2012-07-30,1850,7,2,18,1,Y,A,N,A,H,A,D,22,,01,D,,,,,C,Y,N,D,1,0,0,0,23152.0,2,37.61250493,-121.02089285,4
2012,2012-07-09,1115,7,2,11,1,N,A,N,A,H,A,G,25,W,08,A,,,,Y,C,Y,N,D,1,0,0,0,22107.0,2,37.58007138,-120.94339141,4
2012,2012-07-25,1946,7,2,19,3,N,A,N,A,H,A,A,,E,08,C,,,,,E,Y,N,A,1,0,0,0,22107.0,4,37.49269979,-120.83795078,4
2012,2012-07-13,354,7,2,3,5,Y,A,N,A,H,C,A,,,17,D,,,,,C,Y,N,A,1,0,0,0,21451.0,2,37.49273502,-120.86719293,4
2012,2012-07-26,1825,7,2,18,4,N,A,N,A,H,A,A,01,S,03,C,,,,,C,N,N,A,1,0,0,0,22350.0,2,37.63986654,-120.95711072,4
2012,2012-07-26,1926,7,2,19,4,N,A,N,A,H,A,A,,S,12,D,,,,,C,Y,N,A,2,0,0,0,21453.0,2,37.67434099,-120.95767835,3
2012,2012-07-26,2251,7,2,22,4,N,A,Y,A,H,C,-,- ,W,00,G,Y,,,,B,N,N,A,1,1,0,0,,2,37.63818508,-120.97205138,2
2012,2012-07-27,1231,7,2,12,5,N,A,N,A,H,A,A,01,W,08,C,,,,,C,N,N,A,1,0,0,0,22107.0,2,,,4
2012,2012-07-30,2027,7,2,20,1,N,A,Y,A,H,C,A,,N,03,C,,,,,C,N,F,A,1,0,0,0,22350.0,3,37.67070583,-120.99400532,4
2012,2012-07-30,1756,7,2,17,1,Y,A,N,A,H,A,A,,,12,D,,,,,C,Y,N,A,1,0,0,0,21453.0,2,37.64433503,-120.99764285,3
2012,2012-07-30,1050,7,2,10,1,N,A,N,A,H,A,A,,S,21,D,,,,,C,Y,N,D,1,0,0,0,22106.0,2,37.62714026,-121.00495522,4
2012,2012-07-30,842,7,2,8,1,N,A,N,A,H,A,C,02,W,03,F,,,Y,,I,Y,N,D,2,0,0,2,22350.0,1,37.67173163,-121.02471505,3
2012,2012-07-30,618,7,2,6,1,N,A,N,A,H,A,C,02,N,03,C,,,Y,,C,Y,N,D,1,0,0,1,22350.0,2,37.65964446,-121.01207422,2
2012,2012-07-29,1838,7,2,18,7,N,A,N,A,H,A,L,,N,05,B,,Y,,,G,N,N,D,1,0,1,0,21202.0,2,37.63376732,-121.00674545,3
2012,2012-07-28,2229,7,2,22,6,Y,A,N,A,H,C,A,,,12,D,,,,,C,Y,N,A,3,0,0,0,21453.0,2,37.64020494,-120.99814297,2
2012,2012-07-13,1705,7,2,17,5,Y,A,N,A,H,A,A,,,09,D,,,Y,,C,Y,N,A,1,0,0,0,21802.0,2,37.64357496,-121.00583293,2
2012,2012-07-12,1517,7,2,15,4,N,A,N,A,H,A,L,,N,05,D,,Y,,,G,N,N,D,1,0,1,0,21650.0,2,,,4
2012,2012-07-06,1648,7,2,16,5,Y,A,N,A,H,A,A,,,09,D,,,,,C,Y,N,A,1,0,0,0,21802.0,2,37.65642499,-121.01205288,4
2012,2012-06-30,2141,6,2,21,6,Y,A,N,A,H,C,L,,,12,D,,Y,,,G,N,N,A,1,0,1,0,21453.0,2,37.66039499,-121.01209298,3