ACCIDENT_YEAR,COLLISION_DATE,COLLISION_TIME,MONTH,SEASON,24HOURS,DAY_OF_WEEK,INTERSECTION,WEATHER_1,STATE_HWY_IND,ROAD_SURFACE,ROAD_COND_1,LIGHTING,STWD_VEHTYPE_AT_FAULT,CHP_VEHTYPE_AT_FAULT,DIRECTION,PCF_VIOL_CATEGORY,TYPE_OF_COLLISION,PEDESTRIAN_ACCIDENT,BICYCLE_ACCIDENT,MOTORCYCLE_ACCIDENT,TRUCK_ACCIDENT,MVIW,TOW_AWAY,HIT_AND_RUN,CONTROL_DEVICE,NUMBER_INJURED,COUNT_PED_INJURED,COUNT_BICYCLIST_INJURED,COUNT_MC_INJURED,PCF_VIOLATION,PARTY_COUNT,POINT_Y,POINT_X,COLLISION_SEVERITY
2012,2012-10-16,1603,10,3,16,2,N,A,N,A,H,A,D,,E,03,C,,,,,C,N,N,A,1,0,0,0,22350.0,2,37.63505984,-121.00025887,4
2012,2012-10-16,1200,10,3,12,2,Y,A,N,A,H,A,A,,,09,C,,,Y,,C,Y,N,A,1,0,0,1,21802.0,2,37.64168499,-120.96236295,3
2012,2012-10-16,734,10,3,7,2,Y,A,N,A,H,A,A,,,09,D,,,,,C,Y,N,A,4,0,0,0,21802.0,2,37.62056494,-121.00493289,2
2012,2012-11-10,1205,11,3,12,6,Y,A,N,A,H,A,D,22,,12,D,,,,,C,Y,N,A,2,0,0,0,22450.0,2,37.44287495,-121.06503285,4
2012,2012-11-20,1525,11,3,15,2,Y,B,N,A,H,A,A,01,,09,D,,,,,C,N,N,D,1,0,0,0,21802.0,2,37.64318497,-121.02112296,4
2012,2012-11-17,1520,11,3,15,6,N,B,N,B,H,A,D,22,N,08,D,,,,,C,Y,F,D,2,0,0,0,22103.0,2,37.62152623,-121.01176298,4
2012,2012-11-21,1705,11,3,17,3,N,A,Y,A,H,D,A,01,S,03,C,,,,,C,Y,N,D,1,0,0,0,22350.0,3,37.61736464,-120.98985508,4
2012,2012-11-17,955,11,3,9,6,N,B,N,A,H,A,D,22,S,03,C,,,,,C,Y,M,A,1,0,0,0,22350.0,2,37.62467962,-120.99300989,4
2012,2012-11-21,650,11,3,6,3,N,C,Y,B,H,A,D,22,W,03,B,,,,Y,C,N,N,D,1,0,0,0,22350.0,2,37.58820508,-120.95325292,4
2012,2012-09-07,1830,9,3,18,5,Y,A,N,A,H,A,D,22,,12,D,,Y,,,G,N,F,A,1,0,1,0,21453.0,2,37.50054501,-120.84886289,3
2012,2012-11-08,1055,11,3,10,4,N,B,Y,A,H,A,A,01,S,08,C,,,,Y,E,Y,N,A,1,0,0,0,22107.0,2,37.35284628,-121.11876928,4
2012,2012-11-08,1910,11,3,19,4,Y,B,N,B,H,C,A,,,09,A,,,,,C,Y,N,A,2,0,0,0,21801.0,2,37.47568492,-120.84900281,3
2012,2012-11-10,1622,11,3,16,6,Y,A,N,A,H,A,A,,,12,D,,,,,C,Y,N,A,1,0,0,0,22450.0,2,37.49273497,-120.85805282,4
2012,2012-11-30,749,11,3,7,5,Y,C,N,B,H,A,D,22,,09,A,,,,,C,N,N,A,1,0,0,0,21802.0,2,37.47270497,-121.14091292,2
2012,2012-09-28,2245,9,3,22,5,N,A,N,A,H,C,-,- ,E,00,B,,,,,C,Y,N,D,1,0,0,0,,2,37.315346,-121.013881,4
2012,2012-09-17,752,9,3,7,1,Y,A,N,A,H,A,L,04,,05,A,,Y,,,G,N,N,A,1,0,1,0,21650.0,2,37.31973508,-121.03101289,4
2012,2012-09-20,801,9,3,8,4,N,A,N,A,H,A,A,01,N,03,C,,,,,C,Y,N,-,2,0,0,0,22350.0,2,37.50029918,-120.87176295,4
2012,2012-09-25,500,9,3,5,2,Y,A,N,A,H,C,-,- ,,08,C,,Y,,,G,N,F,D,1,0,1,0,22107.0,2,37.48595,-120.84159,4
2012,2012-10-11,1411,10,3,14,4,N,C,Y,B,H,A,-,,S,09,D,,,,,C,Y,N,D,3,0,0,0,21801.0,3,37.69044589,-120.99429229,4
2012,2012-10-06,2249,10,3,22,6,Y,A,Y,A,H,C,A,,,01,C,,,,,C,N,M,A,1,0,0,0,23152.0,2,37.64583508,-121.01615293,4
2012,2012-10-31,1728,10,3,17,3,Y,A,N,A,H,B,A,,,09,D,,,,,C,N,N,D,1,0,0,0,21802.0,2,37.69656497,-121.05460298,4
2012,2012-10-30,1233,10,3,12,2,Y,A,N,A,H,A,A,,,08,B,,,,,C,N,N,D,1,0,0,0,22107.0,2,37.67106498,-120.98142298,4
2012,2012-10-27,1441,10,3,14,6,Y,A,N,A,H,A,A,,,09,D,,,,,C,Y,N,D,2,0,0,0,21801.0,2,37.68660496,-121.0406129,3
2012,2012-10-27,58,10,3,0,6,Y,A,N,A,H,C,-,,,12,D,,,,,C,Y,N,A,7,0,0,0,21453.0,2,37.63663493,-121.00292293,3
2012,2012-10-24,1023,10,3,10,3,Y,A,N,A,H,A,A,,,09,D,,,,,C,Y,N,A,4,0,0,0,21801.0,2,37.65494503,-120.93923288,3
2012,2012-10-23,1233,10,3,12,2,N,A,N,A,H,A,D,,S,03,C,,,,,C,Y,N,D,1,0,0,0,22350.0,3,37.65946322,-121.01207299,4
2012,2012-10-22,603,10,3,6,1,Y,B,Y,B,H,C,A,01,,09,A,,,,,C,Y,N,A,2,0,0,0,21453.0,2,37.69943013,-120.99449607,3
2012,2012-10-19,1904,10,3,19,5,Y,A,N,A,H,C,M,,,09,H,,,,,C,Y,N,A,1,0,0,0,21801.0,2,37.670785,-120.93976291,4
2012,2012-10-17,1030,10,3,10,3,N,A,N,A,H,A,A,,W,21,C,,,,,C,N,N,A,5,0,0,0,22106.0,2,37.64050938,-121.00035052,4
2012,2012-11-01,1751,11,3,17,4,Y,A,N,A,H,B,A,,,12,D,,,,,C,Y,N,A,1,0,0,0,21453.0,2,37.66710503,-120.95753285,4
2012,2012-11-01,824,11,3,8,4,Y,B,N,B,H,A,-,,,09,D,,,,,C,Y,N,A,1,0,0,0,21802.0,2,37.66914496,-121.01223287,4
2012,2012-11-01,2201,11,3,22,4,N,A,Y,A,H,C,A,,E,01,C,,,,,C,N,F,A,1,0,0,0,23152.0,2,37.66371945,-120.99391293,4
2012,2012-11-01,702,11,3,7,4,Y,C,N,B,H,B,A,,,10,G,Y,,,,B,N,N,D,1,1,0,0,21950.0,2,37.64837502,-120.99763284,4
2012,2012-11-06,1501,11,3,15,2,N,A,N,A,H,A,-,- ,W,03,C,,,,,C,Y,N,D,3,0,0,0,22350.0,2,37.58007397,-120.94268435,4
2012,2012-11-01,2149,11,3,21,4,N,B,Y,A,D,C,A,01,N,08,F,,,,,A,Y,N,A,1,0,0,0,22107.0,1,37.52331104,-120.88651669,4
2012,2012-11-05,740,11,3,7,1,N,A,Y,A,H,A,A,01,S,08,F,,,Y,,A,Y,N,D,2,0,0,1,22107.0,2,37.60505917,-120.9721254,2
2012,2012-10-26,1625,10,3,16,5,N,A,Y,A,H,A,F,26,S,09,A,,,,Y,C,N,N,D,1,0,0,0,21801.0,2,37.75887995,-120.86533269,3
2012,2012-11-20,307,11,3,3,2,N,A,N,A,H,D,N,60,N,11,G,Y,,,,B,Y,N,D,1,1,0,0,21954.0,2,37.61560661,-120.98533456,2
2012,2012-11-18,1131,11,3,11,7,N,B,N,B,H,A,A,,S,21,G,Y,,,,B,N,N,D,1,1,0,0,22106.0,2,37.49501605,-120.8431246,4
2012,2012-11-11,1319,11,3,13,7,N,A,N,A,H,A,N,,N,11,G,Y,,,,B,N,N,D,1,1,0,0,21954.0,2,37.50904215,-120.85809823,3
2012,2012-11-04,1531,11,3,15,7,Y,A,N,A,H,A,A,,,17,-,,,,,C,N,N,A,3,0,0,0,21451.0,2,37.47817494,-120.84900284,3
2012,2012-11-09,740,11,3,7,5,N,B,N,B,H,A,A,,W,03,C,,,,,C,N,N,A,1,0,0,0,22350.0,2,,,4
2012,2012-11-02,1545,11,3,15,5,N,A,N,A,H,A,L,,S,22,H,,Y,,,A,N,N,D,1,0,1,0,,1,37.52107691,-120.83988873,2
2012,2012-11-03,713,11,3,7,6,N,A,Y,A,H,B,A,01,N,08,E,,,,,I,Y,N,D,1,0,0,0,22107.0,1,37.38105382,-121.1283168,3
2012,2012-11-07,920,11,3,9,3,N,A,N,A,H,A,A,01,E,08,E,,,,,I,Y,N,D,1,0,0,0,22107.0,1,37.6324159,-120.96153082,4
2012,2012-11-09,230,11,3,2,5,N,B,N,A,H,D,A,07,W,08,E,,,,,I,Y,N,D,1,0,0,0,22107.0,1,37.48161844,-121.10822567,3
2012,2012-11-10,1715,11,3,17,6,N,B,N,A,H,C,C,02,W,03,C,,,Y,,C,N,N,D,2,0,0,1,22350.0,2,37.70702733,-121.08361328,2
2012,2012-11-11,603,11,3,6,7,N,A,Y,A,H,D,A,01,N,08,E,,,,,I,Y,N,D,4,0,0,0,22107.0,2,37.71270487,-121.08736885,2
2012,2012-11-15,1845,11,3,18,4,N,A,N,A,H,C,A,01,S,08,A,,,,,C,Y,N,D,1,0,0,0,22107.0,2,37.60284056,-120.99350298,4
2012,2012-10-31,1225,10,3,12,3,Y,A,N,A,H,A,L,,,09,H,,Y,,,G,N,N,D,1,0,1,0,21801.0,2,37.50425498,-120.84890282,4
2012,2012-10-30,1530,10,3,15,2,N,A,N,A,H,A,L,,S,12,D,,Y,,,G,N,N,A,1,0,1,0,21453.0,2,37.51635032,-120.84889309,3
2012,2012-10-29,1015,10,3,10,1,Y,A,N,A,H,A,A,01,,- ,-,,,,,C,Y,N,A,1,0,0,0,,2,,,4
2012,2012-10-04,815,10,3,8,4,Y,A,N,A,H,A,A,01,,09,D,,,,,C,Y,N,D,1,0,0,0,21801.0,3,37.46973,-121.1555,4
2012,2012-10-03,1745,10,3,17,3,Y,A,N,A,H,A,A,01,,08,D,,,,,C,Y,N,D,2,0,0,0,22103.0,2,37.76911498,-120.85598287,4
2012,2012-10-03,2211,10,3,22,3,N,A,N,A,H,E,A,01,E,03,C,,,,,E,Y,N,D,1,0,0,0,22350.0,1,37.76182427,-120.87027166,4
2012,2012-10-03,809,10,3,8,3,N,A,N,A,H,A,A,01,N,03,C,,,,,C,Y,N,D,2,0,0,0,22350.0,3,37.75944626,-120.84213232,4
2012,2012-10-28,1414,10,3,14,7,Y,A,Y,A,H,A,A,01,,03,C,,,,,C,N,N,D,2,0,0,0,22350.0,2,37.76819677,-120.84321523,4
2012,2012-10-29,2105,10,3,21,1,Y,A,N,A,H,C,A,01,,09,D,,,,,C,Y,N,D,1,0,0,0,21802.0,2,37.76773496,-120.84091284,4
2012,2012-10-31,1340,10,3,13,3,N,A,Y,A,H,A,A,08,E,03,C,,,,,C,N,N,A,1,0,0,0,22350.0,3,37.76566419,-120.8493762,4
2012,2012-09-13,1739,9,3,17,4,Y,A,Y,A,H,A,-,- ,,03,C,,,,,C,Y,N,D,1,0,0,0,22350.0,2,37.73270509,-120.94839298,4
2012,2012-09-20,813,9,3,8,4,Y,A,N,A,H,A,A,01,,12,D,,,,,C,Y,N,A,2,0,0,0,22450.0,2,37.72427,-120.95168,3
2012,2012-10-25,1700,10,3,17,4,N,A,Y,A,H,A,A,07,N,03,C,,,,,C,Y,N,D,1,0,0,0,22350.0,3,37.62020472,-120.99481145,3
2012,2012-10-25,715,10,3,7,4,N,B,Y,A,H,A,A,01,S,07,D,,,,,C,Y,F,D,2,0,0,0,21658.0,3,37.46603684,-120.82882167,4
2012,2012-10-26,1130,10,3,11,5,N,A,Y,A,H,A,A,01,S,07,F,,,,,A,Y,F,D,1,0,0,0,21658.0,2,37.53565077,-120.89142644,4
2012,2012-10-24,2000,10,3,20,3,N,A,Y,A,H,C,A,07,S,03,C,,,,,C,N,N,D,1,0,0,0,22350.0,2,37.63333456,-121.00007726,4
2012,2012-10-27,1105,10,3,11,6,N,A,N,A,H,A,C,02,E,08,F,,,Y,,A,Y,N,D,1,0,0,1,22107.0,1,,,4
2012,2012-10-24,1225,10,3,12,3,Y,A,N,A,H,A,A,01,,12,D,,,,,C,Y,N,A,4,0,0,0,21453.0,2,37.62158501,-121.03035295,4
2012,2012-10-30,1711,10,3,17,2,N,A,N,A,H,A,L,04,N,05,B,,Y,,,G,N,N,D,1,0,1,0,21650.0,2,37.63378841,-120.97821298,3
2012,2012-10-31,1617,10,3,16,3,N,B,Y,A,H,A,A,07,E,03,C,,,,,C,Y,N,D,2,0,0,0,22350.0,3,37.6387351,-120.81154594,3
2012,2012-10-28,658,10,3,6,7,N,A,Y,A,H,D,A,07,S,08,F,,,,,A,Y,N,D,2,0,0,0,22107.0,1,37.38703345,-121.13082795,3
2012,2012-07-20,1632,7,2,16,5,N,A,N,A,H,A,L,,N,09,D,,Y,,,G,N,N,A,1,0,1,0,21800.0,2,37.67831218,-120.93963684,3
2012,2012-12-11,439,12,4,4,2,Y,A,N,A,H,C,-,,,04,C,,,,,C,N,N,A,1,0,0,0,21703.0,2,37.58746503,-120.93867296,4
2012,2012-11-03,53,11,3,0,6,Y,A,N,A,H,C,-,- ,,08,E,,,,,I,N,F,D,2,0,0,0,22107.0,1,37.59636,-120.96116,3
2012,2012-10-27,926,10,3,9,6,Y,A,N,A,H,A,-,- ,,10,G,Y,,,,-,N,N,D,1,1,0,0,21950.0,2,37.64582496,-120.98786298,3
2012,2012-10-15,1545,10,3,15,1,Y,A,Y,A,H,A,-,- ,,17,G,Y,,,,B,N,F,A,1,1,0,0,21451.0,2,37.65109959,-120.99374465,4
2012,2012-10-18,2100,10,3,21,4,Y,A,N,A,H,C,-,- ,,01,E,,,,,I,Y,M,D,1,0,0,0,23152.0,1,37.64593495,-121.0155929,3
2012,2012-10-03,1308,10,3,13,3,Y,A,N,A,H,A,L,04,,08,A,Y,Y,,,J,N,N,A,1,0,1,0,22107.0,3,37.68931497,-121.00892289,4
2012,2012-10-19,859,10,3,8,5,N,A,Y,A,H,A,A,01,E,04,C,,,,,C,N,N,D,1,0,0,0,21703.0,2,37.63766727,-120.99876114,4
2012,2012-11-27,1225,11,3,12,2,N,B,Y,A,H,A,D,22,S,08,E,,,,,I,N,N,D,1,0,0,0,22107.0,2,37.6386476,-121.01959029,4
2012,2012-12-02,1229,12,4,12,7,N,B,N,B,H,A,D,22,E,21,C,,,,,C,N,N,D,1,0,0,0,22106.0,2,37.78475881,-120.84903291,3
2012,2012-11-07,655,11,3,6,3,N,A,Y,A,H,A,A,01,S,07,B,,,,Y,C,Y,N,D,2,0,0,0,21658.0,3,37.47763986,-120.85818362,2
2012,2012-11-21,1840,11,3,18,3,N,A,Y,A,H,D,A,07,N,09,D,,,,Y,C,N,N,A,1,0,0,0,21803.0,2,37.78997634,-120.86608365,4
2012,2012-11-27,844,11,3,8,2,N,E,Y,A,H,A,D,22,E,12,D,,,,,C,Y,N,A,1,0,0,0,21453.0,2,37.70945606,-121.08037931,4
2012,2012-11-21,1830,11,3,18,3,Y,A,N,A,H,C,D,22,,17,D,,,,,C,Y,N,A,2,0,0,0,21451.0,2,37.60942498,-120.99356298,4
2012,2012-11-22,2255,11,3,22,4,N,A,Y,A,H,D,D,22,W,08,E,,,,,I,Y,N,D,1,0,0,0,22107.0,1,37.63787301,-121.12491542,4
2012,2012-12-03,810,12,4,8,1,N,A,Y,A,H,A,A,01,N,03,C,,,,Y,C,Y,N,D,1,0,0,0,22350.0,2,37.70214566,-121.07305952,4
2012,2012-07-07,1636,7,2,16,6,N,A,N,A,H,A,L,,S,05,D,,Y,,,G,N,N,D,1,0,1,0,21202.0,2,37.68929773,-121.0224317,3
2012,2012-11-21,1250,11,3,12,3,Y,A,N,A,H,A,A,,,12,D,,,,Y,C,N,N,A,2,0,0,0,22450.0,2,37.492695,-120.88088291,3
2012,2012-11-23,1725,11,3,17,5,N,A,N,A,H,D,A,,N,01,C,,,,,C,,N,A,1,0,0,0,23152.0,2,37.5147239,-120.85810295,4
2012,2012-11-20,1759,11,3,17,2,Y,A,N,A,H,C,D,,,12,D,,,,,C,N,N,A,2,0,0,0,22450.0,2,37.52187495,-120.83533287,3
2012,2012-12-12,623,12,4,6,3,N,B,Y,B,H,D,-,- ,S,18,F,,,,,A,Y,N,D,1,0,0,0,,1,37.49019075,-121.20677643,4
2012,2012-12-13,453,12,4,4,4,Y,A,N,A,H,C,C,02,,12,D,,,Y,,C,Y,N,A,1,0,0,1,22450.0,2,37.63083499,-120.94800292,2
2012,2012-12-11,735,12,4,7,2,N,A,N,A,H,A,D,22,W,05,A,,,,,C,Y,N,A,2,0,0,0,21460.0,2,37.78822663,-120.76264952,3
2012,2012-11-30,1825,11,3,18,5,Y,B,Y,B,H,C,D,,,08,A,,,,,C,N,N,D,1,0,0,0,22107.0,2,37.504185,-120.83983289,4
2012,2012-12-11,1057,12,4,10,2,N,A,Y,A,H,A,D,22,E,21,C,,,,,C,N,N,D,1,0,0,0,22106.0,2,37.71094233,-121.07561388,4
2012,2012-12-11,430,12,4,4,2,N,A,Y,A,H,D,G,27,S,08,B,,,,Y,C,Y,N,D,1,0,0,0,22107.0,2,37.6583905,-121.02576215,4
2012,2012-12-20,1310,12,4,13,4,Y,A,N,A,H,A,A,01,,09,D,,,,,C,Y,N,A,1,0,0,0,21802.0,3,37.60212499,-120.99350291,4
2012,2012-12-13,1049,12,4,10,4,N,B,N,A,G,A,D,,W,03,B,,,,,C,N,N,A,1,0,0,0,22350.0,2,37.64405658,-120.99555856,4
2012,2012-12-05,720,12,4,7,3,Y,B,N,B,H,A,A,07,,09,D,,,,,C,Y,N,A,1,0,0,0,21802.0,3,37.58894495,-120.86094296,2
2012,2012-12-12,1725,12,4,17,3,N,B,N,A,H,D,D,22,E,08,C,,,,,E,Y,N,D,1,0,0,0,22107.0,2,37.79104002,-120.88403318,3
2012,2012-12-14,1715,12,4,17,5,Y,B,N,B,H,D,D,22,,12,D,,,,,C,Y,N,A,3,0,0,0,22450.0,2,37.62370494,-120.75541283,4
2012,2012-12-08,1720,12,4,17,6,Y,A,N,A,H,D,A,01,,12,D,,,,,C,Y,N,D,3,0,0,0,22450.0,2,37.52184495,-120.95865293,2
2012,2012-12-13,620,12,4,6,4,Y,A,N,A,H,B,A,07,,09,A,,,,,C,Y,N,D,2,0,0,0,21801.0,3,37.43275491,-121.01207291,2
2012,2012-12-14,1151,12,4,11,5,Y,A,N,A,H,A,G,27,,08,B,,Y,,Y,G,N,N,A,1,0,1,0,22107.0,2,37.63546497,-120.99971293,4
2012,2012-11-07,601,11,3,6,3,N,A,Y,A,H,A,A,,E,09,B,,,,,C,Y,N,D,1,0,0,0,21804.0,2,37.63805846,-120.93778021,2
2012,2012-11-06,1814,11,3,18,2,N,A,N,A,H,C,A,,W,10,D,Y,,,,B,N,N,D,1,1,0,0,21950.0,2,37.66361504,-120.98827062,4
2012,2012-11-01,2235,11,3,22,4,Y,A,N,A,H,D,A,,,09,D,,,,,C,Y,F,D,1,0,0,0,21802.0,2,37.64118492,-120.9261329,4
2012,2012-11-01,837,11,3,8,4,N,B,N,B,H,A,A,,E,03,A,,,,,C,Y,N,D,2,0,0,0,22350.0,2,37.64677503,-120.98526292,4
2012,2012-11-13,927,11,3,9,2,Y,A,N,A,H,A,D,,,09,D,,,,,C,Y,N,D,2,0,0,0,21802.0,2,37.64098494,-121.00450285,3
2012,2012-11-12,1931,11,3,19,1,Y,A,N,A,H,C,N,,,11,G,Y,,,,B,N,N,A,1,1,0,0,21456.0,2,37.63592498,-121.00386291,3
2012,2012-11-10,1513,11,3,15,6,Y,A,Y,A,H,A,-,- ,,03,C,,,,,C,N,F,A,4,0,0,0,22350.0,2,37.66458228,-120.9939118,4
2012,2012-11-09,2156,11,3,21,5,N,A,N,A,H,C,D,,N,01,C,,,,,C,N,F,A,1,0,0,0,23152.0,2,37.69581147,-121.02254641,4
2012,2012-11-09,730,11,3,7,5,Y,C,Y,B,H,A,-,- ,,00,D,,Y,,,G,N,N,D,1,0,1,0,,2,37.67705839,-120.99409629,3
2012,2012-11-09,744,11,3,7,5,Y,B,N,B,H,A,A,,,12,D,,,,,C,Y,N,A,1,0,0,0,21453.0,2,37.64092496,-120.9971929,3
2012,2012-11-08,1032,11,3,10,4,Y,A,N,A,H,A,A,,,09,B,,,,,C,Y,N,A,2,0,0,0,21802.0,2,37.631095,-121.00263298,4
2012,2012-11-07,1226,11,3,12,3,Y,A,N,A,H,A,L,,,12,D,,Y,,,G,N,N,A,1,0,1,0,21453.0,2,37.67454497,-120.99406295,4
2012,2012-10-24,1300,10,3,13,3,Y,A,N,A,H,A,M,,,12,D,,,,,C,Y,N,A,2,0,0,0,21453.0,2,37.49406501,-120.84872288,3
2012,2012-10-27,1221,10,3,12,6,N,A,N,A,H,A,A,,S,06,D,,,,,C,N,N,D,1,0,0,0,21750.0,2,37.50624348,-120.86237929,4
2012,2012-10-27,951,10,3,9,6,Y,A,N,A,H,A,A,,,12,D,,,,,C,Y,N,A,3,0,0,0,21453.0,2,37.47817494,-120.84900284,3
2012,2012-10-22,1825,10,3,18,1,N,B,N,A,H,A,A,01,W,21,B,,,,,C,N,N,D,3,0,0,0,22106.0,2,37.50724951,-120.83301687,3
2012,2012-10-13,2225,10,3,22,6,N,A,N,A,H,C,A,01,N,01,E,,,,,I,Y,N,D,1,0,0,0,23152.0,1,37.48812706,-120.85020294,4
2012,2012-12-14,1728,12,4,17,5,Y,C,N,B,H,C,I,11,,09,A,,Y,,,G,N,N,D,1,0,1,0,21802.0,3,37.59572497,-120.86091289,4
2012,2012-11-27,2110,11,3,21,2,N,A,Y,A,H,D,A,01,S,01,E,,,,,I,Y,N,D,1,0,0,0,23152.0,1,37.73002409,-121.10945534,2
2012,2012-11-21,1710,11,3,17,3,N,A,Y,A,H,D,A,01,S,03,C,,,,,C,N,N,D,1,0,0,0,22350.0,2,37.6172161,-120.98865939,4
2012,2012-11-22,1103,11,3,11,4,N,A,Y,A,H,A,A,01,S,08,B,,,,,C,Y,N,D,1,0,0,0,22107.0,2,37.6525099,-121.02428383,4
2012,2012-11-23,250,11,3,2,5,N,B,N,A,H,D,C,02,N,01,F,,,Y,,A,Y,N,D,1,0,0,1,23152.0,1,37.61192488,-120.84698448,3
2012,2012-11-21,1805,11,3,18,3,N,A,Y,A,H,D,A,01,S,04,C,,,,,C,Y,N,D,1,0,0,0,21703.0,3,37.56147541,-121.29571671,4
2012,2012-12-19,1216,12,4,12,3,N,A,N,B,F,A,D,22,E,- ,E,,,,,I,Y,N,D,1,0,0,0,,1,37.53673233,-120.86896909,4
2012,2012-12-17,1822,12,4,18,1,N,A,N,B,H,C,A,01,E,07,A,,,,,C,Y,N,D,1,0,0,0,21658.0,2,,,4
2012,2012-12-03,1503,12,4,15,1,Y,A,N,A,H,A,D,22,,09,D,,,,,C,N,N,A,1,0,0,0,21803.0,2,37.50053503,-120.84359292,4
2012,2012-12-02,1847,12,4,18,7,Y,A,N,A,H,C,A,01,,12,D,,,,,C,Y,N,A,1,0,0,0,22450.0,2,37.51637492,-120.83986293,4
2012,2012-12-17,2030,12,4,20,1,N,C,N,B,H,C,E,,W,03,A,,,,,I,Y,N,A,1,0,0,0,22350.0,1,,,3
2012,2012-12-27,1552,12,4,15,4,Y,A,N,A,H,A,A,01,,12,D,,,,,C,Y,N,A,1,0,0,0,21453.0,2,37.50734496,-120.85810287,4
2012,2012-12-15,1653,12,4,16,6,N,C,N,B,H,C,-,- ,E,03,C,,,,,C,Y,N,A,2,0,0,0,22350.0,2,37.60919368,-120.96536844,4
2012,2012-12-14,1615,12,4,16,5,N,A,N,A,H,A,A,,S,03,C,,,,,C,Y,N,A,1,0,0,0,22350.0,2,37.60596856,-120.93865289,3
2012,2012-10-30,1800,10,3,18,2,Y,A,Y,A,H,B,L,,,12,H,,Y,,,G,N,N,A,1,0,1,0,21453.0,2,37.68150397,-120.99414146,3
2012,2012-10-28,1713,10,3,17,7,N,A,N,A,H,A,D,,S,09,D,,,,,C,Y,N,D,6,0,0,0,21804.0,2,37.68842651,-121.05879902,4
2012,2012-11-30,301,11,3,3,5,N,B,N,B,H,C,A,,S,08,A,,,,,I,Y,N,D,1,0,0,0,22107.0,1,37.69532478,-120.99435176,2
2012,2012-11-29,2036,11,3,20,4,Y,B,N,B,H,C,A,,,09,A,,,,,C,Y,N,A,2,0,0,0,21801.0,2,37.66393499,-121.00763292,4
2012,2012-11-29,1057,11,3,10,4,Y,B,N,B,H,A,D,,,- ,D,,,,,C,Y,N,A,2,0,0,0,,2,37.63571493,-121.00183287,4
2012,2012-11-29,930,11,3,9,4,Y,B,N,B,H,A,-,- ,,12,D,,,,,C,Y,N,C,2,0,0,0,22450.0,2,37.63975501,-120.99399296,3
2012,2012-11-28,1559,11,3,15,3,N,C,Y,B,H,A,-,,S,08,D,,Y,,,G,N,N,A,1,0,1,0,22107.0,2,37.68511485,-120.99420667,4
2012,2012-11-28,1500,11,3,15,3,N,C,N,B,H,A,A,,S,03,C,,,,,C,Y,N,A,2,0,0,0,22350.0,3,37.66355131,-120.9574728,3
2012,2012-11-25,1220,11,3,12,7,Y,A,N,A,H,A,A,,,17,H,,,,,C,Y,N,A,1,0,0,0,21451.0,2,37.68935499,-121.04984299,4
2012,2012-11-18,1833,11,3,18,7,Y,A,Y,A,H,C,D,,,01,D,,,,,C,Y,N,A,1,0,0,0,23152.0,2,37.63636546,-120.99724652,4
2012,2012-11-14,736,11,3,7,3,Y,A,N,A,H,A,D,,,08,E,,Y,,,G,N,N,A,1,0,1,0,22107.0,2,37.68899495,-120.98475285,3
2012,2012-11-07,1251,11,3,12,3,N,A,Y,A,H,A,L,04,S,05,D,,Y,,,G,N,N,A,1,0,1,0,21650.0,2,37.64563679,-120.99555018,2
2012,2012-11-28,952,11,3,9,3,N,A,N,A,H,A,-,- ,N,05,G,Y,,,,B,N,F,D,1,1,0,0,21650.0,2,37.59889428,-120.94331297,4
2012,2012-11-06,219,11,3,2,2,N,A,Y,A,H,C,-,- ,N,- ,E,,,,,I,Y,N,A,1,0,0,0,,1,37.48929203,-121.14077448,3
2012,2012-10-18,1322,10,3,13,4,Y,A,Y,A,H,A,D,,,01,D,,,,,C,Y,N,A,1,0,0,0,23152.0,2,37.66363508,-121.02815293,4
2012,2012-11-26,946,11,3,9,1,Y,A,N,A,H,A,A,,,12,D,,,,,C,Y,N,A,1,0,0,0,21453.0,2,37.63497498,-121.00271295,4
2012,2012-11-24,1516,11,3,15,6,N,A,N,A,H,A,A,,S,03,C,,,,,C,N,N,A,1,0,0,0,22350.0,2,37.67048552,-120.9576084,3
2012,2012-11-23,2108,11,3,21,5,Y,A,N,-,H,C,D,,,12,B,Y,,,,B,N,F,D,1,1,0,0,22450.0,2,37.64856494,-121.00731298,4
2012,2012-11-23,902,11,3,9,5,Y,A,N,A,H,A,-,- ,,- ,D,,,,,C,Y,N,A,2,0,0,0,,2,,,3
2012,2012-11-22,1758,11,3,17,4,Y,A,N,A,H,C,A,,,12,D,,,,,C,Y,N,D,1,0,0,0,22450.0,2,37.63138492,-121.01042289,4
2012,2012-11-21,1439,11,3,14,3,Y,A,N,A,H,A,A,,,04,C,,,,,C,N,N,A,1,0,0,0,21703.0,2,37.60540499,-120.99351291,4
2012,2012-11-21,1245,11,3,12,3,N,A,N,A,H,A,A,,E,09,D,,,,,C,Y,N,D,2,0,0,0,21804.0,2,37.68896889,-120.93772965,4
2012,2012-11-21,1036,11,3,10,3,Y,B,N,B,H,A,A,,,- ,D,,,,,C,Y,N,A,2,0,0,0,,2,37.64478495,-120.99456294,4
2012,2012-11-20,1230,11,3,12,2,N,A,Y,A,H,A,A,,N,09,D,,Y,,,G,N,F,D,1,0,1,0,21804.0,2,37.67430819,-120.99406293,4
2012,2012-11-20,1230,11,3,12,2,Y,B,N,A,H,A,D,,,09,D,,,,,C,Y,N,D,2,0,0,0,21801.0,2,37.64431497,-120.98735293,4
2012,2012-11-20,800,11,3,8,2,N,B,N,A,H,A,A,,W,07,B,,,,,C,N,F,A,1,0,0,0,21658.0,2,37.63171456,-121.00698361,4