ACCIDENT_YEAR,COLLISION_DATE,COLLISION_TIME,MONTH,SEASON,24HOURS,DAY_OF_WEEK,INTERSECTION,WEATHER_1,STATE_HWY_IND,ROAD_SURFACE,ROAD_COND_1,LIGHTING,STWD_VEHTYPE_AT_FAULT,CHP_VEHTYPE_AT_FAULT,DIRECTION,PCF_VIOL_CATEGORY,TYPE_OF_COLLISION,PEDESTRIAN_ACCIDENT,BICYCLE_ACCIDENT,MOTORCYCLE_ACCIDENT,TRUCK_ACCIDENT,MVIW,TOW_AWAY,HIT_AND_RUN,CONTROL_DEVICE,NUMBER_INJURED,COUNT_PED_INJURED,COUNT_BICYCLIST_INJURED,COUNT_MC_INJURED,PCF_VIOLATION,PARTY_COUNT,POINT_Y,POINT_X,COLLISION_SEVERITY
2013,2013-07-14,9,7,2,0,7,Y,A,Y,A,H,D,A,01,,- ,G,Y,,,,B,N,N,A,1,1,0,0,,2,37.7713093,-120.8501926,3
2013,2013-07-08,1529,7,2,15,1,Y,A,N,A,H,A,A,01,,09,D,,,,,C,N,N,A,2,0,0,0,21802.0,2,37.766255,-120.844433,3
2013,2013-07-07,1105,7,2,11,7,Y,A,Y,A,H,A,A,01,,09,D,,,,,C,Y,N,A,1,0,0,0,21801.0,3,37.763917,-120.8535359,4
2013,2013-07-05,1630,7,2,16,5,N,A,Y,A,H,A,A,01,E,03,C,,,,,C,Y,N,A,3,0,0,0,22350.0,2,37.760705,-120.8610212,4
2013,2013-08-25,1945,8,2,19,7,Y,A,Y,A,H,B,A,,,12,D,,,,,C,Y,N,A,3,0,0,0,21453.0,2,37.6636351,-121.0281529,4
2013,2013-08-23,1613,8,2,16,5,Y,A,N,A,H,A,A,,,12,D,,,,,C,N,M,A,1,0,0,0,21453.0,2,37.642415,-121.0026129,3
2013,2013-08-24,1342,8,2,13,6,N,A,N,A,H,A,-,,E,03,C,,,,,C,Y,N,D,2,0,0,0,22350.0,3,37.689494,-121.0258823,4
2013,2013-08-22,745,8,2,7,4,N,A,N,A,H,A,A,,,09,D,,,,,C,Y,N,A,2,0,0,0,21802.0,2,37.6782,-120.93191,4
2013,2013-08-23,1336,8,2,13,5,Y,A,N,A,H,A,A,,,01,D,,,,,C,Y,N,A,2,0,0,0,23152.0,2,37.7002549,-121.050083,3
2013,2013-08-23,1256,8,2,12,5,N,A,N,A,H,A,A,,S,03,C,,,,,C,N,N,D,2,0,0,0,22350.0,2,37.6525185,-121.0310132,4
2013,2013-08-23,1139,8,2,11,5,N,A,Y,A,H,A,-,,,12,D,,,,,C,Y,N,A,1,0,0,0,21453.0,2,37.681504,-120.9941415,4
2013,2013-08-14,813,8,2,8,3,N,-,N,A,H,A,-,- ,S,05,D,,,,,C,Y,N,D,1,0,0,0,21460.0,2,37.6525147,-120.9710273,4
2013,2013-08-15,1737,8,2,17,4,N,A,N,A,H,A,A,,E,04,C,,,,,C,N,N,D,4,0,0,0,21703.0,4,37.6856583,-121.0439881,4
2013,2013-08-13,1313,8,2,13,2,Y,A,N,A,H,A,A,01,,09,-,,,,,C,N,N,A,3,0,0,0,21801.0,2,37.500515,-120.8398429,3
2013,2013-05-21,757,5,1,7,2,Y,A,N,A,H,A,A,,,03,C,,,,,C,Y,N,A,1,0,0,0,22350.0,3,37.6890649,-120.9215629,4
2013,2013-09-13,914,9,3,9,5,N,A,N,A,H,A,A,,E,03,C,,,,,C,Y,N,A,1,0,0,0,22350.0,2,37.635925,-121.0038629,4
2013,2013-09-02,1300,9,3,13,1,N,A,N,A,H,A,D,,W,03,C,,,,,C,Y,N,A,2,0,0,0,22350.0,3,37.6893462,-121.0126048,4
2013,2013-09-03,901,9,3,9,2,Y,A,Y,A,H,A,A,,,12,D,,,,,C,Y,N,A,1,0,0,0,21453.0,2,37.6340251,-120.9943029,4
2013,2013-08-30,1735,8,2,17,5,Y,A,N,A,H,A,A,,,09,-,,,,,C,Y,N,A,4,0,0,0,21801.0,2,37.696235,-120.9580528,3
2013,2013-08-30,1723,8,2,17,5,Y,A,Y,A,H,A,D,,,12,D,,,,,C,Y,N,A,1,0,0,0,21453.0,2,37.6381453,-120.9230222,4
2013,2013-08-29,1818,8,2,18,4,N,A,N,A,H,A,A,,E,21,C,,,,,C,Y,F,D,1,0,0,0,22106.0,2,37.635885,-120.986415,4
2013,2013-08-29,1506,8,2,15,4,N,A,N,A,H,A,A,,,09,B,,,,,-,Y,N,-,1,0,0,0,21802.0,2,37.6613249,-121.031153,4
2013,2013-08-29,1123,8,2,11,4,N,A,N,A,H,A,A,,W,21,C,,,,,C,N,N,A,1,0,0,0,22106.0,2,37.6354182,-120.9997761,4
2013,2013-08-27,2234,8,2,22,2,Y,A,Y,A,H,C,A,,,01,D,,,,,C,Y,N,A,1,0,0,0,23152.0,3,37.6368751,-120.9978729,2
2013,2013-08-27,1350,8,2,13,2,Y,A,Y,A,H,A,L,,,05,D,,Y,,,-,N,F,-,1,0,1,0,21650.0,2,37.6348095,-120.9933112,3
2013,2013-08-27,803,8,2,8,2,N,A,N,A,H,A,D,,E,06,B,,Y,,,G,N,N,D,1,0,1,0,21750.0,2,37.6068651,-121.0101523,2
2013,2013-08-26,2015,8,2,20,1,Y,A,N,A,D,B,C,,,03,H,,,Y,,A,Y,N,A,1,0,0,1,22350.0,1,37.69995,-120.99453,3
2013,2013-08-18,1206,8,2,12,7,N,A,N,A,H,A,A,,E,08,B,,,Y,,C,Y,N,D,1,0,0,1,22107.0,2,37.7000073,-121.0673258,4
2013,2013-08-24,1143,8,2,11,6,Y,A,Y,A,H,A,A,,,09,B,,,Y,,C,Y,N,A,1,0,0,1,21453.0,2,37.6677751,-121.0351129,3
2013,2013-08-24,1847,8,2,18,6,Y,A,N,A,H,A,A,,,05,A,,,,,C,N,N,D,2,0,0,0,21650.0,2,37.689495,-121.040213,4
2013,2013-08-26,1213,8,2,12,1,Y,A,N,A,H,A,L,,,05,D,,Y,,,G,Y,N,A,1,0,1,0,21650.0,2,37.645905,-121.0066529,4
2013,2013-08-26,1451,8,2,14,1,Y,A,N,A,H,A,A,,,09,D,,,,,C,Y,N,A,1,0,0,0,21801.0,2,37.6605249,-121.0343729,4
2013,2013-08-26,1639,8,2,16,1,N,A,N,A,H,A,A,,E,09,D,,,,,C,Y,N,D,2,0,0,0,21804.0,3,37.6636404,-120.9928075,4
2013,2013-09-05,820,9,3,8,4,Y,A,N,A,H,A,A,08,,09,D,,,,,C,Y,N,A,2,0,0,0,21802.0,3,37.710812,-121.09335,4
2013,2013-09-11,1615,9,3,16,3,N,A,Y,A,H,A,C,02,S,09,D,,,Y,,C,N,N,D,1,0,0,1,21804.0,3,37.638725,-120.8477466,4
2013,2013-09-17,1600,9,3,16,2,N,A,Y,A,H,A,D,22,E,03,C,,,,,C,N,N,D,1,0,0,0,22350.0,2,37.7284451,-121.107703,4
2013,2013-09-15,1650,9,3,16,7,N,A,Y,A,H,A,D,22,W,03,C,,,,,C,Y,N,A,2,0,0,0,22350.0,2,37.7111841,-121.0278842,4
2013,2013-09-17,1635,9,3,16,2,N,A,Y,A,H,A,F,25,E,03,C,,,,Y,C,Y,N,D,2,0,0,0,22350.0,2,37.3329333,-121.0201292,4
2013,2013-09-06,2220,9,3,22,5,N,A,Y,A,H,C,D,22,S,01,E,,,,,I,N,N,D,1,0,0,0,23152.0,1,37.5184079,-120.8838635,3
2013,2013-09-17,1425,9,3,14,2,N,A,Y,A,H,A,G,25,N,07,B,,,,Y,C,Y,M,D,2,0,0,0,21658.0,2,37.3546263,-121.1197575,3
2013,2013-09-09,600,9,3,6,1,N,A,N,A,H,D,D,22,N,01,E,,,,,I,Y,N,D,1,0,0,0,23152.0,1,,,2
2013,2013-09-09,1701,9,3,17,1,Y,A,N,A,H,A,A,07,,09,D,,,,,C,Y,N,D,1,0,0,0,21802.0,2,37.521815,-120.9406429,4
2013,2013-09-15,2210,9,3,22,7,N,A,Y,A,H,D,A,01,S,03,C,,,,,C,Y,N,D,1,0,0,0,22350.0,2,37.3033084,-121.1037886,4
2013,2013-09-13,1655,9,3,16,5,N,A,Y,A,H,A,A,07,E,03,C,,,,,C,Y,N,D,1,0,0,0,22350.0,2,37.7545617,-120.8882457,4
2013,2013-09-13,845,9,3,8,5,Y,A,Y,A,H,A,A,01,,- ,D,,,,,C,Y,N,A,2,0,0,0,,2,37.7899763,-120.8660837,4
2013,2013-09-06,1619,9,3,16,5,N,A,Y,A,H,A,A,01,N,03,C,,,,,C,Y,N,D,7,0,0,0,22350.0,4,37.587253,-120.9519253,2
2013,2013-08-28,1340,8,2,13,3,Y,A,N,A,H,A,A,07,,03,C,,,,,C,N,N,A,1,0,0,0,22350.0,2,37.601985,-120.9386329,4
2013,2013-09-05,1245,9,3,12,4,N,A,Y,A,H,A,-,- ,N,04,C,,,,,C,Y,N,A,1,0,0,0,21703.0,2,37.5802188,-120.9386331,4
2013,2013-09-03,520,9,3,5,2,Y,A,N,A,H,D,A,01,,12,E,,,,,I,N,N,A,1,0,0,0,22450.0,1,37.551105,-120.7124529,4
2013,2013-09-03,1410,9,3,14,2,N,A,Y,A,H,A,A,01,S,21,C,,,,,C,N,N,D,1,0,0,0,22106.0,2,37.4721151,-120.8442529,4
2013,2013-09-04,1745,9,3,17,3,N,A,Y,A,H,A,A,07,S,03,C,,,,,C,N,N,D,1,0,0,0,22350.0,2,37.5747507,-120.9373285,4
2013,2013-09-03,600,9,3,6,2,Y,A,N,A,H,A,A,07,,12,D,,,,,C,Y,N,A,1,0,0,0,22450.0,2,37.449265,-120.976403,4
2013,2013-08-30,1855,8,2,18,5,N,A,N,A,H,A,A,01,E,09,A,,,,,C,Y,F,A,2,0,0,0,21802.0,2,37.609402,-120.986179,3
2013,2013-08-31,1515,8,2,15,6,Y,A,Y,A,H,A,A,01,,09,A,,,,,C,Y,N,D,3,0,0,0,21801.0,2,37.6406617,-121.0049357,2
2013,2013-08-26,1508,8,2,15,1,N,A,Y,A,H,A,A,01,S,08,E,,,,,I,Y,N,D,1,0,0,0,22107.0,1,37.7303383,-121.1098195,4
2013,2013-08-27,1400,8,2,14,2,N,A,N,A,H,A,L,04,N,08,H,,Y,,,G,N,F,D,1,0,1,0,22107.0,2,,,3
2013,2013-08-21,2243,8,2,22,3,N,A,Y,A,H,D,A,01,E,01,E,,,,,I,Y,N,D,1,0,0,0,23152.0,1,37.8011813,-120.7201192,3
2013,2013-08-30,1414,8,2,14,5,Y,A,N,A,H,A,A,01,,12,A,,,,,C,Y,N,A,4,0,0,0,21453.0,2,37.609425,-120.993563,2
2013,2013-08-23,745,8,2,7,5,Y,A,Y,A,H,A,A,01,,09,D,,,,,C,Y,N,A,1,0,0,0,21453.0,2,37.7110457,-121.0682984,4
2013,2013-08-30,1605,8,2,16,5,N,A,Y,A,H,A,A,01,S,03,C,,,,,C,Y,N,D,1,0,0,0,22350.0,2,37.6155519,-120.981836,4
2013,2013-09-06,919,9,3,9,5,Y,A,N,A,H,A,-,- ,,09,D,,,,,D,Y,N,D,1,0,0,0,21800.0,2,37.6093149,-120.920513,4
2013,2013-09-07,127,9,3,1,6,Y,A,Y,A,H,C,D,22,,03,C,,,,,C,N,N,D,1,0,0,0,22350.0,2,37.4642841,-121.1232207,4
2013,2013-09-01,2025,9,3,20,7,N,A,N,A,H,C,C,02,E,01,E,,,Y,,J,Y,N,D,1,0,0,1,23152.0,2,37.6138169,-121.0071475,2
2013,2013-07-23,1853,7,2,18,2,N,A,Y,A,H,A,-,- ,E,03,C,,,,,C,Y,N,D,3,0,0,0,22350.0,3,37.638231,-120.7781683,4
2013,2013-09-09,1609,9,3,16,1,N,A,N,A,H,A,L,,S,05,B,,Y,,,G,N,N,A,1,0,1,0,21202.0,2,37.6449413,-120.9893487,3
2013,2013-09-05,252,9,3,2,4,N,A,N,A,H,D,D,,N,22,A,,,,,I,Y,N,D,2,0,0,0,,1,,,3
2013,2013-09-05,749,9,3,7,4,N,A,N,A,H,A,A,,,03,C,,,,,C,N,N,D,1,0,0,0,22350.0,2,,,4
2013,2013-09-05,1217,9,3,12,4,N,A,N,A,H,A,A,,E,07,B,,,,,C,Y,N,D,2,0,0,0,21658.0,4,37.6713345,-121.0210713,4
2013,2013-09-04,1934,9,3,19,3,Y,A,N,A,H,A,A,,,12,D,,,,,C,Y,N,A,1,0,0,0,21453.0,4,37.636875,-120.997873,4
2013,2013-09-04,1350,9,3,13,3,N,A,N,A,H,A,A,,E,08,D,,,,,C,Y,N,D,1,0,0,0,21460.0,2,37.6891396,-120.9971259,4
2013,2013-09-04,1902,9,3,19,3,Y,A,N,A,H,A,A,,,09,D,,,Y,,C,Y,N,D,2,0,0,1,21801.0,2,37.6313749,-121.030463,3
2013,2013-09-11,818,9,3,8,3,Y,A,N,A,H,A,D,,,12,D,,,,,C,,N,A,1,0,0,0,21453.0,2,37.6438649,-121.000723,4
2013,2013-09-09,1243,9,3,12,1,Y,A,Y,A,H,A,D,,,07,B,,,Y,,C,Y,N,D,2,0,0,2,21658.0,2,37.658875,-120.9938429,4
2013,2013-09-06,1852,9,3,18,5,Y,A,N,A,H,A,D,,,12,B,,,,,C,Y,N,A,2,0,0,0,21453.0,3,37.6999649,-121.0689829,4
2013,2013-09-07,1958,9,3,19,6,Y,A,N,A,H,C,A,,,12,A,,,,,C,Y,N,A,4,0,0,0,22450.0,2,37.6313749,-121.030463,3
2013,2013-09-10,820,9,3,8,2,Y,A,N,A,H,A,A,,,09,D,,,,,C,Y,N,A,1,0,0,0,21802.0,2,37.6421249,-120.9932329,4
2013,2013-09-10,1750,9,3,17,2,Y,A,N,A,H,A,D,,,09,H,,,,,C,Y,N,A,1,0,0,0,21801.0,2,37.6526849,-120.9754929,2
2013,2013-09-07,1905,9,3,19,6,N,A,N,A,H,A,D,,S,10,G,Y,,,,B,N,N,A,1,1,0,0,21950.0,2,37.667317,-120.9757,4
2013,2013-08-18,126,8,2,1,7,Y,A,N,A,H,C,A,,,01,D,,,,,C,Y,N,A,2,0,0,0,23152.0,2,37.6641449,-121.022033,4
2013,2013-09-13,734,9,3,7,5,Y,A,N,A,H,A,L,04,,09,D,,Y,,,G,N,N,A,1,0,1,0,21804.0,2,37.6708649,-120.9258628,3
2013,2013-09-10,1211,9,3,12,2,N,A,N,A,H,A,A,,E,08,C,,,,,E,Y,N,D,1,0,0,0,22107.0,2,37.6895097,-121.0392497,4
2013,2013-09-16,1421,9,3,14,1,Y,A,N,A,H,A,-,,,12,D,,,,,C,Y,N,A,1,0,0,0,21453.0,2,37.637385,-121.0019929,4
2013,2013-09-15,1622,9,3,16,7,Y,A,Y,A,H,A,-,- ,,09,A,,,,,C,Y,N,A,4,0,0,0,21801.0,2,37.6366349,-121.0029229,4
2013,2013-09-14,1644,9,3,16,6,Y,A,N,A,H,A,-,- ,,18,-,,,,,-,N,N,A,1,0,0,0,,2,37.6454749,-120.9935729,4
2013,2013-09-11,605,9,3,6,3,Y,A,N,A,H,C,A,01,,12,D,,,,,C,Y,N,A,1,0,0,0,21453.0,2,37.639565,-121.0064029,4
2013,2013-09-11,1114,9,3,11,3,N,A,N,A,H,A,-,- ,E,03,H,,,,,A,Y,N,D,1,0,0,0,22350.0,1,37.6458729,-121.0046903,3
2013,2013-09-12,743,9,3,7,4,N,A,Y,A,H,A,L,,S,05,D,,Y,,,G,N,N,D,1,0,1,0,21650.0,2,37.6378617,-121.0303725,4
2013,2013-09-12,1945,9,3,19,4,Y,A,N,A,H,A,A,,,08,D,Y,,,,B,N,N,D,1,1,0,0,22107.0,2,37.647015,-120.993683,4
2013,2013-09-14,2354,9,3,23,6,Y,A,N,A,H,C,-,,,09,H,,,,,C,Y,N,A,2,0,0,0,21801.0,2,37.638375,-121.003163,4
2013,2013-09-13,327,9,3,3,5,Y,A,N,A,-,C,A,,,01,E,,,,,I,Y,N,A,1,0,0,0,23152.0,1,37.666755,-120.9212729,3
2013,2013-09-13,742,9,3,7,5,Y,A,N,A,H,A,-,- ,,- ,D,,,,,J,Y,N,A,1,0,0,0,,2,37.704115,-121.0363729,3
2013,2013-09-07,1135,9,3,11,6,Y,A,N,A,H,A,-,,,09,D,,,,,C,N,N,D,1,0,0,0,21802.0,2,37.663665,-120.9666129,4
2013,2013-09-08,1809,9,3,18,7,Y,A,N,A,H,A,A,,,09,D,,,,,C,Y,N,A,2,0,0,0,21802.0,2,37.6818849,-121.0313629,3
2013,2013-09-13,1735,9,3,17,5,Y,A,N,A,H,A,A,,,09,D,,,,,C,Y,N,D,1,0,0,0,21801.0,2,37.674805,-121.0312429,3
2013,2013-09-14,1125,9,3,11,6,Y,A,N,A,H,A,-,,,09,H,,,,,C,Y,N,D,1,0,0,0,21801.0,2,37.672685,-120.9899529,4
2013,2013-09-14,1204,9,3,12,6,Y,A,N,A,H,A,N,,,11,G,Y,,,,B,N,N,A,1,1,0,0,21954.0,2,37.672985,-120.9667529,2
2013,2013-09-04,1640,9,3,16,3,Y,A,N,A,H,A,D,22,,09,D,,,,,C,N,N,A,1,0,0,0,21802.0,2,37.594685,-120.8517929,4
2013,2013-08-16,1633,8,2,16,5,N,A,Y,A,H,A,L,04,W,05,-,,Y,,,G,N,N,A,1,0,1,0,21650.0,2,,,4
2013,2013-08-20,1719,8,2,17,2,Y,A,N,A,H,A,D,,,12,D,,,,,C,Y,N,A,3,0,0,0,21453.0,3,37.493085,-120.8442128,3
2013,2013-08-10,1339,8,2,13,6,N,A,N,A,H,A,D,22,S,21,D,,,,,C,N,N,D,1,0,0,0,22106.0,2,37.5136052,-120.8489029,4
2013,2013-09-08,1931,9,3,19,7,N,A,N,A,H,C,-,- ,N,00,D,,,,,C,N,M,D,1,0,0,0,,2,37.6023668,-120.9386349,4
2013,2013-09-22,831,9,3,8,7,Y,A,N,A,H,A,A,,,08,C,,,,Y,C,N,N,A,1,0,0,0,22100.0,2,37.634975,-121.002713,4
2013,2013-08-14,1300,8,2,13,3,Y,A,N,A,H,A,-,99,,08,D,Y,,,,G,N,F,D,1,1,0,0,22107.0,2,37.6228349,-120.986153,3
2013,2013-08-24,1906,8,2,19,6,N,A,N,A,H,A,A,07,E,01,F,,,,,A,Y,N,D,1,0,0,0,23152.0,1,37.7759596,-120.8964476,3
2013,2013-09-05,1900,9,3,19,4,N,A,N,A,H,B,A,01,W,01,C,,,,,C,Y,N,A,1,0,0,0,23152.0,2,37.7109652,-120.9766776,4
2013,2013-09-06,1100,9,3,11,5,N,A,Y,A,H,A,A,01,S,03,C,,,,,C,N,N,D,2,0,0,0,22350.0,2,37.6460502,-121.016395,4
2013,2013-09-06,1535,9,3,15,5,N,A,Y,A,H,A,A,01,N,07,C,,,,,C,Y,N,D,3,0,0,0,21658.0,2,37.6496561,-121.0206571,4
2013,2013-09-11,515,9,3,5,3,Y,A,Y,A,H,D,A,01,,09,A,,,,,C,Y,N,A,2,0,0,0,21802.0,2,37.7935962,-120.9230819,3
2013,2013-09-17,1100,9,3,11,2,N,A,Y,A,H,A,A,01,S,08,E,,,,,I,Y,N,D,1,0,0,0,22107.0,1,37.3912974,-121.1337168,4
2013,2013-09-09,610,9,3,6,1,Y,A,Y,A,H,D,A,01,,09,D,,,,,C,Y,N,D,1,0,0,0,21801.0,2,37.7899763,-120.8660837,4
2013,2013-09-04,1920,9,3,19,3,N,A,Y,A,H,C,A,01,E,03,C,,,,,C,N,F,A,3,0,0,0,22350.0,2,37.7111762,-121.0289816,4
2013,2013-09-13,830,9,3,8,5,N,A,Y,A,H,A,A,08,E,03,C,,,,,C,Y,N,D,1,0,0,0,22350.0,3,37.7112182,-121.0216669,4
2013,2013-09-04,345,9,3,3,3,N,A,N,A,H,D,N,60,S,11,G,Y,,,,B,N,F,D,1,1,0,0,21954.0,2,37.6159078,-120.98169,3
2013,2013-09-08,1735,9,3,17,7,N,A,Y,A,H,A,A,01,W,03,C,,,,,C,N,M,A,2,0,0,0,22350.0,2,37.6386486,-121.0197883,4
2013,2013-09-04,1620,9,3,16,3,N,A,Y,A,H,A,A,01,N,08,F,,,,,A,Y,N,D,1,0,0,0,22107.0,1,37.2738974,-121.0962836,3
2013,2013-09-17,1240,9,3,12,2,N,A,N,A,H,A,A,01,S,08,E,,,,,I,Y,N,D,1,0,0,0,22107.0,1,37.8031239,-120.8958347,4
2013,2013-08-14,1155,8,2,11,3,Y,A,Y,A,H,A,A,01,,03,A,,,,,I,Y,N,A,1,0,0,0,22350.0,2,37.638322,-121.0599762,3
2013,2013-08-28,1700,8,2,17,3,Y,A,N,A,H,A,A,,,09,A,,,,,C,N,N,A,1,0,0,0,21801.0,2,37.4850749,-120.8490028,4
2013,2013-09-17,1019,9,3,10,2,Y,A,N,A,H,A,L,,,12,D,,Y,,,G,N,N,A,1,0,1,0,21453.0,2,37.6635249,-120.9756129,3
2013,2013-09-10,823,9,3,8,2,Y,A,N,A,H,A,-,- ,,12,B,,,,,C,Y,N,-,1,0,0,0,22450.0,2,37.587475,-120.9478129,4
2013,2013-09-13,2130,9,3,21,5,Y,A,N,A,H,C,-,- ,,12,D,,,,,C,Y,N,A,2,0,0,0,21453.0,2,37.580365,-120.9936829,4
2013,2013-09-12,1510,9,3,15,4,Y,A,N,A,H,A,-,- ,,09,D,,,,,C,Y,N,D,2,0,0,0,21801.0,2,37.5823649,-120.975273,3
2013,2013-09-09,1500,9,3,15,1,N,A,N,A,H,A,-,- ,W,03,C,,,,,C,N,N,A,2,0,0,0,22350.0,3,37.5801971,-120.9641299,4
2013,2013-09-19,814,9,3,8,4,Y,A,N,A,H,A,-,- ,,10,G,Y,,,,B,Y,N,A,1,1,0,0,21950.0,2,37.6278349,-121.0083629,3
2013,2013-09-18,704,9,3,7,3,N,A,N,A,H,A,L,04,E,05,D,,Y,,,G,N,N,A,1,0,1,0,21202.0,2,37.6889684,-120.9377988,4
2013,2013-09-19,1126,9,3,11,4,Y,A,Y,A,H,A,A,,,12,D,,,,,C,,N,A,2,0,0,0,21453.0,2,37.635925,-121.0038629,4
2013,2013-09-19,816,9,3,8,4,N,A,Y,A,H,A,-,- ,E,09,D,,,,,C,Y,N,D,3,0,0,0,21804.0,2,37.6637194,-120.9939129,4
2013,2013-09-19,2029,9,3,20,4,N,A,N,A,H,C,C,,N,03,B,,,Y,,C,N,N,D,1,0,0,1,22350.0,2,37.684126,-120.957922,3
2013,2013-09-19,1737,9,3,17,4,Y,A,N,A,H,A,A,,,12,D,,,,,C,Y,N,A,2,0,0,0,22450.0,2,37.644815,-121.0018629,3
2013,2013-09-17,2009,9,3,20,2,Y,A,N,A,H,C,A,,,10,D,Y,,,,B,N,N,A,2,2,0,0,21950.0,3,37.660395,-121.012093,3
2013,2013-09-12,739,9,3,7,4,N,A,N,A,H,A,A,,E,03,C,,,,,C,N,N,A,1,0,0,0,22350.0,2,37.6458849,-120.9877076,4
2013,2013-09-17,1818,9,3,18,2,N,A,N,A,H,A,E,,W,01,C,,,,,C,Y,N,D,1,0,0,0,23152.0,3,37.6522706,-120.9627588,4
2013,2013-09-16,747,9,3,7,1,N,A,N,A,H,A,-,- ,E,00,B,,,,,E,Y,N,A,1,0,0,0,,2,37.6674704,-121.0034959,4
2013,2013-09-12,1453,9,3,14,4,N,A,N,A,H,A,D,,N,05,A,,,,,E,Y,N,A,1,0,0,0,21650.0,2,37.6907125,-120.9918411,3
2013,2013-09-13,2104,9,3,21,5,Y,A,N,A,H,C,-,- ,,12,G,,Y,,,G,N,F,A,1,0,1,0,21453.0,2,37.627805,-121.0117529,3
2013,2013-09-23,741,9,3,7,1,N,A,N,A,H,A,N,,W,11,G,Y,,,,B,N,N,A,1,1,0,0,21950.0,2,37.6278349,-121.0083802,4
2013,2013-09-22,1211,9,3,12,7,Y,A,N,A,H,A,D,,,12,D,,,,,C,Y,N,A,1,0,0,0,21453.0,2,37.6366349,-121.0029229,4
2013,2013-09-20,1424,9,3,14,5,Y,A,N,A,H,A,A,,,12,D,,,,,C,Y,N,A,2,0,0,0,21453.0,2,37.6364349,-121.0008729,4
2013,2013-09-10,911,9,3,9,2,Y,A,N,-,H,A,A,,,12,D,,,,,C,Y,N,A,1,0,0,0,21453.0,2,37.6366349,-121.0029229,4
2013,2013-09-07,939,9,3,9,6,Y,A,N,A,H,A,A,,,09,D,,,,,C,Y,N,A,1,0,0,0,21802.0,2,37.670605,-121.0221329,4
2013,2013-09-22,858,9,3,8,7,Y,A,N,A,H,A,A,,,12,D,,,,,-,Y,N,A,1,0,0,0,21453.0,2,37.627835,-121.0049629,3
2013,2013-09-19,1329,9,3,13,4,N,A,N,A,H,A,A,,S,09,D,,Y,,,G,N,N,A,1,0,1,0,21800.0,2,37.6635268,-120.9393829,3
2013,2013-08-14,212,8,2,2,3,N,A,N,A,H,C,D,,E,08,E,,,,,I,Y,N,A,1,0,0,0,22107.0,1,,,3
2013,2013-08-13,1928,8,2,19,2,N,A,N,A,H,B,A,,N,05,B,,,,,C,Y,N,D,1,0,0,0,21650.0,2,37.6584658,-120.9710864,4
2013,2013-09-17,1824,9,3,18,2,N,A,Y,A,H,A,A,01,N,08,D,,,,Y,C,N,N,D,1,0,0,0,22107.0,2,37.527534,-120.8887111,4
2013,2013-09-17,820,9,3,8,2,N,A,N,A,H,A,N,60,S,11,D,Y,,,,B,N,N,D,1,1,0,0,21954.0,2,37.6132501,-121.018613,4
2013,2013-09-16,910,9,3,9,1,N,A,Y,A,H,A,A,01,N,04,C,,,,,C,Y,N,D,1,0,0,0,21703.0,2,37.7124513,-121.0868595,4
2013,2013-09-14,1710,9,3,17,6,N,A,N,A,H,A,D,22,S,01,E,,,,,I,Y,N,D,1,0,0,0,23152.0,1,,,2
2013,2013-09-14,1703,9,3,17,6,N,A,Y,A,H,A,D,22,E,03,C,,,,,C,Y,N,A,3,0,0,0,22350.0,3,37.7111629,-121.0308105,4
2013,2013-09-13,2210,9,3,22,5,N,A,N,A,H,C,D,22,S,07,B,,,,,C,N,N,D,1,0,0,0,21658.0,2,37.6182843,-120.9849149,4
2013,2013-09-25,915,9,3,9,3,N,A,Y,B,H,A,D,22,N,03,C,,,,,C,Y,N,D,1,0,0,0,22350.0,2,37.7119951,-121.0859429,4
2013,2013-09-21,1740,9,3,17,6,N,B,N,B,H,A,D,22,E,03,E,,,,,I,Y,N,D,2,0,0,0,22350.0,1,37.6237122,-120.7719501,4
2013,2013-09-17,1201,9,3,12,2,N,A,Y,A,H,A,D,22,N,08,E,,,,,I,Y,N,D,1,0,0,0,22107.0,1,37.7286337,-120.9951908,2
2013,2013-09-15,215,9,3,2,7,N,A,N,A,H,C,D,22,N,01,C,,,,,C,N,N,A,2,0,0,0,23152.0,2,37.4930537,-120.9945932,3
2013,2013-09-18,1725,9,3,17,3,N,A,Y,A,H,A,A,01,W,03,C,,,,Y,C,N,N,D,1,0,0,0,22350.0,2,37.7091923,-121.0807442,4
2013,2013-09-21,815,9,3,8,6,Y,A,N,A,H,A,A,07,,12,D,,,,,C,Y,N,A,3,0,0,0,22450.0,2,37.492825,-120.9584528,4
2013,2013-12-08,217,12,4,2,7,N,-,Y,-,-,-,-,- ,N,01,C,Y,,,,C,Y,N,D,2,1,0,0,23152.0,4,37.5548549,-120.9151285,2
2013,2013-12-14,310,12,4,3,6,N,A,N,A,H,C,A,01,S,01,E,,,,,I,Y,N,D,2,0,0,0,23152.0,1,37.695979,-121.0676429,3
2013,2013-08-16,2151,8,2,21,5,N,A,N,A,H,C,L,,W,05,-,,Y,,,G,N,F,A,1,0,1,0,21202.0,2,37.6121648,-120.9386806,3
2013,2013-08-27,830,8,2,8,2,N,A,N,A,H,A,-,- ,N,18,E,,,,,I,Y,N,D,1,0,0,0,,1,37.529176,-120.9582161,2
2013,2013-08-21,750,8,2,7,3,N,A,Y,A,H,A,A,01,E,04,C,,,,,C,Y,N,D,2,0,0,0,21703.0,2,37.6387251,-120.8384348,4
2013,2013-08-18,1320,8,2,13,7,Y,A,N,A,H,A,A,07,,12,D,,,,,C,Y,N,A,4,0,0,0,22450.0,2,37.580255,-120.8790028,2
2013,2013-08-23,1655,8,2,16,5,N,A,Y,A,H,A,A,01,N,03,C,,,,,C,Y,N,D,1,0,0,0,22350.0,2,37.6692428,-121.0371383,4
2013,2013-08-24,2325,8,2,23,6,N,A,N,A,H,C,A,01,N,09,A,,,Y,,C,Y,N,D,3,0,0,1,21801.0,2,37.4494951,-121.0034386,2
2013,2013-08-23,1330,8,2,13,5,N,A,Y,A,H,A,A,01,W,08,E,,,,,I,Y,N,D,1,0,0,0,22107.0,1,37.637823,-121.168586,4
2013,2013-08-17,1950,8,2,19,6,N,A,Y,A,H,A,A,07,S,01,F,,,,,A,Y,N,D,2,0,0,0,23152.0,1,37.4442194,-121.1085164,3