ACCIDENT_YEAR,COLLISION_DATE,COLLISION_TIME,MONTH,SEASON,24HOURS,DAY_OF_WEEK,INTERSECTION,WEATHER_1,STATE_HWY_IND,ROAD_SURFACE,ROAD_COND_1,LIGHTING,STWD_VEHTYPE_AT_FAULT,CHP_VEHTYPE_AT_FAULT,DIRECTION,PCF_VIOL_CATEGORY,TYPE_OF_COLLISION,PEDESTRIAN_ACCIDENT,BICYCLE_ACCIDENT,MOTORCYCLE_ACCIDENT,TRUCK_ACCIDENT,MVIW,TOW_AWAY,HIT_AND_RUN,CONTROL_DEVICE,NUMBER_INJURED,COUNT_PED_INJURED,COUNT_BICYCLIST_INJURED,COUNT_MC_INJURED,PCF_VIOLATION,PARTY_COUNT,POINT_Y,POINT_X,COLLISION_SEVERITY
2013,2013-10-10,1653,10,3,16,4,N,A,N,A,H,A,A,01,S,03,C,,,,,C,N,M,D,1,0,0,0,22350.0,2,37.5966379,-120.9386305,4
2013,2013-10-04,1655,10,3,16,5,N,A,N,A,H,A,-,- ,W,09,D,,,,,C,N,N,A,1,0,0,0,21801.0,2,37.601985,-120.938771,4
2013,2013-10-24,1051,10,3,10,4,Y,A,N,A,H,A,E,,,03,C,,,,,C,Y,N,A,1,0,0,0,22350.0,2,37.6893449,-121.0125129,4
2013,2013-10-19,1946,10,3,19,6,Y,A,N,A,H,C,A,,,09,D,,,,,C,N,N,A,1,0,0,0,21802.0,2,37.6407149,-120.9951229,4
2013,2013-10-04,2029,10,3,20,5,Y,A,N,A,H,-,A,,,09,D,,,,,C,N,N,A,1,0,0,0,21801.0,2,37.696895,-121.0316129,4
2013,2013-10-26,1253,10,3,12,6,Y,A,N,A,H,A,A,,,09,D,,,,,-,N,N,A,3,0,0,0,21801.0,2,37.609215,-121.0015329,4
2013,2013-10-21,820,10,3,8,1,Y,A,N,A,H,A,A,,,09,D,,,,,C,Y,N,A,2,0,0,0,21801.0,2,37.656425,-121.0120529,4
2013,2013-10-21,909,10,3,9,1,Y,A,N,A,H,A,A,,,12,D,,,,,C,Y,N,A,2,0,0,0,21453.0,2,37.637865,-120.9989829,4
2013,2013-10-22,120,10,3,1,2,Y,A,N,A,H,C,-,- ,,- ,E,,,,,I,Y,N,A,1,0,0,0,,1,,,2
2013,2013-10-21,1701,10,3,17,1,N,A,N,A,H,A,A,,W,05,A,,,,,C,Y,N,A,1,0,0,0,21460.0,2,37.6891159,-120.9953615,4
2013,2013-10-21,1842,10,3,18,1,N,A,N,A,H,C,L,,N,05,D,,Y,,,G,N,N,D,1,0,1,0,21202.0,2,37.6836875,-121.022353,3
2013,2013-10-22,1438,10,3,14,2,N,A,Y,A,H,A,A,,S,07,C,,,,,C,Y,N,A,1,0,0,0,21658.0,2,37.6875634,-120.994246,4
2013,2013-10-08,1615,10,3,16,2,Y,B,N,A,H,A,D,,,09,D,,,,,-,Y,N,A,1,0,0,0,21801.0,2,37.633725,-121.0066929,4
2013,2013-10-27,15,10,3,0,7,Y,A,N,A,H,C,A,,,09,B,,,,,C,Y,N,A,4,0,0,0,21453.0,2,37.700677,-121.012776,4
2013,2013-10-25,1421,10,3,14,5,N,A,N,A,H,A,A,,S,03,C,,,,,C,Y,N,D,2,0,0,0,22350.0,2,37.6887703,-121.0498237,3
2013,2013-10-24,1946,10,3,19,4,Y,A,Y,A,H,C,D,,,04,C,,,,,C,Y,N,A,2,0,0,0,21703.0,2,37.6381251,-120.9297629,3
2013,2013-10-23,1010,10,3,10,3,Y,A,N,A,H,A,D,,,12,A,,,,,-,Y,N,A,1,0,0,0,21453.0,2,37.663565,-120.9574729,4
2013,2013-10-23,1104,10,3,11,3,Y,A,Y,A,H,A,L,04,,09,D,,Y,,,G,N,N,A,1,0,1,0,21804.0,2,37.6557606,-120.9937829,3
2013,2013-10-11,2117,10,3,21,5,Y,A,N,A,H,C,-,- ,,03,-,,Y,,,G,N,N,-,1,0,1,0,22350.0,2,37.609175,-120.9570629,4
2013,2013-10-20,1858,10,3,18,7,N,A,N,A,H,C,-,- ,S,03,C,,,,,C,Y,N,A,2,0,0,0,22350.0,2,,,4
2013,2013-09-01,2128,9,3,21,7,Y,A,N,A,H,C,A,,,09,D,,,,,C,Y,N,A,1,0,0,0,21801.0,2,37.678025,-120.9757829,4
2013,2013-10-22,300,10,3,3,2,Y,A,N,A,H,C,A,,,12,D,,,,,C,Y,N,D,1,0,0,0,22450.0,2,37.616515,-121.011783,4
2013,2013-10-18,2118,10,3,21,5,Y,A,N,A,H,D,A,01,,09,E,,,,,I,Y,N,A,1,0,0,0,21802.0,2,37.711015,-120.8666029,4
2013,2013-10-15,1350,10,3,13,2,N,A,Y,A,H,A,A,01,S,07,B,,,,,C,Y,N,D,1,0,0,0,21658.0,2,37.6629693,-121.0270722,4
2013,2013-10-19,1500,10,3,15,6,N,A,N,A,H,A,A,01,S,03,C,,,,,C,Y,N,D,1,0,0,0,22350.0,2,37.6053776,-120.9935129,4
2013,2013-10-22,1315,10,3,13,2,N,A,N,A,H,A,A,01,S,08,E,,,,,I,Y,N,D,1,0,0,0,22107.0,1,37.5359344,-121.0673623,3
2013,2013-10-24,1525,10,3,15,4,N,A,Y,A,H,A,A,01,S,08,E,,,,,I,Y,N,D,1,0,0,0,22107.0,1,37.6534753,-121.0252218,4
2013,2013-10-16,1650,10,3,16,3,Y,A,N,A,H,A,A,01,,09,B,,,,,C,N,N,D,1,0,0,0,21802.0,2,37.565725,-120.9570528,4
2013,2013-10-16,2340,10,3,23,3,N,A,N,A,H,D,A,01,W,03,C,,,,,C,Y,N,D,1,0,0,0,22350.0,2,37.710905,-120.9293921,4
2013,2013-10-16,2150,10,3,21,3,N,A,Y,A,H,C,A,01,W,03,C,,,,,C,Y,N,D,3,0,0,0,22350.0,2,37.6382306,-120.9060767,4
2013,2013-10-11,1040,10,3,10,5,N,A,N,A,B,A,A,01,S,03,E,,,,,I,Y,N,A,1,0,0,0,22350.0,1,37.8602581,-120.8794645,3
2013,2013-10-16,1640,10,3,16,3,N,A,N,A,H,A,A,01,N,05,B,,,,,C,Y,N,D,1,0,0,0,21460.0,2,37.6622555,-120.784352,3
2013,2013-10-20,1930,10,3,19,7,Y,A,N,A,H,C,A,01,,17,D,,,,,C,Y,N,A,4,0,0,0,21451.0,2,37.609425,-120.993563,4
2013,2013-10-17,2126,10,3,21,4,Y,A,N,A,H,C,A,01,,01,E,,,,,I,Y,N,D,1,0,0,0,23152.0,1,37.620595,-120.9661628,4
2013,2013-10-18,1715,10,3,17,5,Y,A,N,A,H,A,-,- ,,00,D,,,,,C,Y,N,A,3,0,0,0,,2,37.623705,-120.9343229,3
2013,2013-10-23,1554,10,3,15,3,N,A,N,A,H,A,A,01,S,03,C,,,,,C,Y,N,D,2,0,0,0,22350.0,2,37.7093077,-120.9583406,4
2013,2013-10-15,1830,10,3,18,2,N,A,N,A,D,B,A,01,S,03,C,,,,,C,Y,N,D,4,0,0,0,22350.0,2,37.5748558,-120.8470814,4
2013,2013-10-22,2010,10,3,20,2,N,A,N,A,H,D,A,01,S,01,E,,,,,I,Y,N,D,1,0,0,0,23152.0,1,37.4642207,-121.0311642,3
2013,2013-10-27,343,10,3,3,7,N,A,Y,A,H,C,A,01,N,01,E,,,,,I,Y,N,D,1,0,0,0,23152.0,1,37.6093447,-120.9768386,4
2013,2013-10-16,1515,10,3,15,3,N,A,Y,A,H,A,A,08,N,09,A,,,,,C,Y,N,D,6,0,0,0,21801.0,2,37.4689293,-121.1267129,2
2013,2013-10-17,1508,10,3,15,4,Y,A,N,A,H,A,-,- ,,09,A,,,,,C,Y,N,A,4,0,0,0,21801.0,3,37.663935,-121.0076329,4
2013,2013-10-15,925,10,3,9,2,Y,A,N,A,H,A,D,,,12,D,,,,,C,Y,N,A,2,0,0,0,21453.0,2,37.669375,-120.957593,4
2013,2013-10-15,652,10,3,6,2,N,A,N,A,H,A,D,,S,- ,C,,,,,C,N,N,D,1,0,0,0,,2,37.6886204,-120.975973,4
2013,2013-10-16,2,10,3,0,3,N,A,N,A,H,C,A,,E,01,C,,,,,E,Y,N,D,3,0,0,0,23152.0,2,37.663545,-120.9547229,3
2013,2013-10-15,1726,10,3,17,2,N,A,N,A,H,A,D,,N,04,C,,,,,C,N,N,D,1,0,0,0,21703.0,2,37.6653598,-120.9756435,4
2013,2013-10-15,1245,10,3,12,2,Y,A,Y,A,H,A,-,- ,,09,D,,,,,C,Y,N,A,1,0,0,0,21801.0,2,37.637615,-120.989593,2
2013,2013-10-15,1130,10,3,11,2,Y,A,N,A,H,A,L,,,08,H,,Y,,,G,N,N,D,1,0,1,0,22107.0,2,37.688955,-120.9398029,4
2013,2013-10-16,1751,10,3,17,3,N,A,N,A,H,A,A,,E,09,B,,,,,C,Y,N,D,1,0,0,0,21801.0,4,37.671065,-120.981423,4
2013,2013-10-17,1648,10,3,16,4,N,A,Y,A,H,A,A,,S,09,D,,Y,,,G,N,N,D,1,0,1,0,21804.0,2,37.6710342,-120.9940109,4
2013,2013-10-17,1039,10,3,10,4,N,A,N,A,H,A,-,- ,W,00,D,,Y,,,G,N,F,A,1,0,1,0,,2,,,3
2013,2013-10-08,1800,10,3,18,2,N,A,N,A,H,A,A,,,21,D,,Y,,,G,N,M,D,1,0,1,0,22106.0,2,,,4
2013,2013-10-18,1947,10,3,19,5,N,A,N,A,H,C,A,,S,08,A,,,,,I,Y,N,D,1,0,0,0,22107.0,1,37.686183,-120.933823,3
2013,2013-10-18,2227,10,3,22,5,N,A,Y,A,H,C,N,,N,11,G,Y,,,,B,N,N,A,1,1,0,0,21453.0,2,37.6508225,-120.9937416,4
2013,2013-10-20,900,10,3,9,7,Y,A,N,A,H,A,A,,,12,D,,,,,C,Y,N,A,1,0,0,0,21453.0,2,37.641225,-120.9993829,4
2013,2013-10-20,49,10,3,0,7,N,A,N,A,H,C,D,,E,01,A,,,,,I,Y,N,D,1,0,0,0,23152.0,1,37.6373024,-120.9997338,3
2013,2013-10-19,1013,10,3,10,6,Y,A,N,A,H,A,A,,,10,B,Y,,,,B,N,N,A,1,1,0,0,21950.0,2,37.688995,-120.9847528,4
2013,2013-11-15,1550,11,3,15,5,Y,A,N,A,H,A,I,11,,03,C,,,,,C,Y,N,D,1,0,0,0,22350.0,2,37.590395,-120.975223,4
2013,2013-10-27,320,10,3,3,7,N,A,Y,A,H,D,A,01,N,01,A,,,,Y,C,Y,N,D,1,0,0,0,23152.0,2,37.4583949,-120.8490829,2
2013,2013-10-31,820,10,3,8,4,Y,A,N,A,H,B,G,25,,03,C,,,,Y,C,Y,N,A,1,0,0,0,22350.0,2,37.4927449,-120.9404129,4
2013,2013-10-30,1510,10,3,15,3,N,A,Y,A,H,A,D,22,W,03,C,,,,,C,Y,N,D,1,0,0,0,22350.0,2,37.6382819,-121.1990335,4
2013,2013-10-22,1550,10,3,15,2,N,A,Y,A,H,A,A,01,N,08,E,,,,Y,I,Y,N,D,1,0,0,0,22107.0,2,37.5974957,-120.9635263,4
2013,2013-10-25,1405,10,3,14,5,N,A,Y,A,H,A,A,07,S,03,C,,,,,C,Y,N,D,1,0,0,0,22350.0,3,37.6649259,-121.029474,4
2013,2013-10-30,800,10,3,8,3,N,A,Y,A,H,A,A,01,N,08,B,,,,Y,C,Y,N,D,1,0,0,0,22107.0,3,37.59584,-120.9616843,4
2013,2013-11-05,1755,11,3,17,2,N,A,Y,A,H,C,D,22,N,03,C,,,,,C,Y,N,D,1,0,0,0,22350.0,2,37.6159463,-120.9829897,4
2013,2013-10-18,1435,10,3,14,5,Y,A,N,A,H,A,D,22,,03,C,,,,,C,Y,N,D,1,0,0,0,22350.0,2,37.608845,-121.1217529,4
2013,2013-10-24,1830,10,3,18,4,N,A,Y,A,H,D,A,01,N,03,C,,,,,C,Y,N,D,1,0,0,0,22350.0,4,37.6866451,-121.0575629,4
2013,2013-10-26,1735,10,3,17,6,N,A,Y,A,H,A,D,22,S,08,F,,,,,A,Y,N,D,1,0,0,0,22107.0,1,37.3814123,-121.1284375,4
2013,2013-10-16,840,10,3,8,3,N,A,Y,A,H,A,D,22,E,03,B,,,,,C,Y,N,D,1,0,0,0,22350.0,3,37.6384584,-120.7971146,4
2013,2013-10-30,1553,10,3,15,3,N,A,Y,A,H,A,G,25,E,03,C,,,,Y,C,N,N,D,1,0,0,0,22350.0,2,37.6399965,-121.2430254,4
2013,2013-10-01,1726,10,3,17,2,N,A,N,A,H,A,A,,N,03,D,,,,,C,Y,N,D,1,0,0,0,22350.0,3,37.482917,-120.885328,4
2013,2013-11-01,1202,11,3,12,5,N,A,N,A,H,A,-,- ,S,03,C,,,,,C,Y,N,D,1,0,0,0,22350.0,2,37.6814104,-120.975873,4
2013,2013-11-04,1321,11,3,13,1,Y,A,N,A,H,A,-,- ,,00,D,,,,,C,Y,N,A,2,0,0,0,,2,37.657615,-120.921233,4
2013,2013-11-03,1357,11,3,13,7,N,B,N,A,H,A,-,- ,S,01,C,,,,,C,Y,N,A,3,0,0,0,23152.0,2,37.6459456,-121.030253,4
2013,2013-11-03,1045,11,3,10,7,N,A,N,A,H,A,D,,N,04,C,,,,,C,Y,N,D,1,0,0,0,21703.0,2,37.6897984,-120.9579393,4
2013,2013-11-03,1120,11,3,11,7,Y,A,Y,A,H,A,L,,,05,D,,Y,,,G,N,N,-,1,0,1,0,21650.0,2,37.657553,-120.9938204,4
2013,2013-11-02,1419,11,3,14,6,N,A,N,A,H,A,A,,N,03,E,,,,,I,Y,N,A,1,0,0,0,22350.0,1,37.681918,-121.0313638,3
2013,2013-11-01,1015,11,3,10,5,N,A,N,A,H,A,C,,S,03,C,,,Y,,C,Y,N,D,1,0,0,1,22350.0,2,37.6269812,-121.0117573,2
2013,2013-10-11,2129,10,3,21,5,Y,A,N,A,H,C,N,,,11,G,Y,,,,B,N,N,A,1,1,0,0,21456.0,2,37.6818849,-121.0313629,4
2013,2013-10-14,1918,10,3,19,1,Y,A,N,A,H,C,A,,,03,C,,,,,C,Y,N,A,1,0,0,0,22350.0,3,37.669715,-121.0122329,4
2013,2013-10-22,1130,10,3,11,2,Y,A,Y,A,H,A,A,,,09,D,,,,,C,Y,N,A,1,0,0,0,21802.0,2,37.6426649,-120.9974829,4
2013,2013-10-16,1503,10,3,15,3,Y,A,Y,A,H,A,A,,,09,D,,,,,C,Y,N,D,1,0,0,0,21802.0,2,37.6313749,-121.030463,4
2013,2013-10-18,1146,10,3,11,5,Y,A,N,A,H,A,-,- ,,09,D,,,,,C,Y,N,A,1,0,0,0,21801.0,2,37.641955,-120.9984329,2
2013,2013-10-30,1407,10,3,14,3,Y,A,N,A,H,A,L,04,,08,B,,Y,,,G,N,N,A,1,0,1,0,22107.0,2,37.688925,-120.9703529,3
2013,2013-10-29,1950,10,3,19,2,N,A,Y,A,H,C,A,,N,09,A,,,Y,,C,Y,N,D,2,0,0,1,21801.0,2,37.6863802,-120.9942247,2
2013,2013-10-29,1257,10,3,12,2,N,B,N,A,H,A,D,,W,03,C,,,,,C,Y,N,A,1,0,0,0,22350.0,3,37.6858891,-121.0406491,4
2013,2013-10-29,1907,10,3,19,2,N,A,N,A,H,C,A,,S,09,D,,,Y,,C,Y,N,D,1,0,0,1,21804.0,2,37.6704028,-121.0375105,4
2013,2013-10-29,942,10,3,9,2,Y,A,N,A,H,A,D,,,03,C,,,,,C,N,N,A,1,0,0,0,22350.0,2,37.6893449,-121.0125129,4
2013,2013-10-28,2014,10,3,20,1,Y,A,Y,A,H,B,D,,,03,C,,,,,C,Y,F,A,1,0,0,0,22350.0,2,37.6677751,-121.0351129,4
2013,2013-10-26,239,10,3,2,6,Y,A,N,A,H,C,M,,,08,-,,Y,,,G,N,F,D,1,0,1,0,22107.0,2,37.652305,-120.9915129,3
2013,2013-10-31,741,10,3,7,4,N,A,N,A,H,A,A,,N,03,C,,,,,C,Y,N,D,1,0,0,0,22350.0,2,,,4
2013,2013-10-30,856,10,3,8,3,N,A,N,A,H,A,-,- ,S,09,B,,,,,C,Y,N,A,1,0,0,0,21453.0,2,37.6634756,-120.9756128,3
2013,2013-10-07,1640,10,3,16,1,N,A,N,A,H,A,A,01,N,09,C,,,,,C,N,N,A,1,0,0,0,21802.0,2,37.463529,-120.8308372,4
2013,2013-10-07,830,10,3,8,1,N,B,N,A,H,A,A,01,N,04,C,,,,,C,N,N,A,2,0,0,0,21703.0,2,37.6325223,-120.9570873,4
2013,2013-10-12,300,10,3,3,6,N,A,Y,A,H,D,A,01,N,01,E,,,,,I,Y,N,D,1,0,0,0,23152.0,1,37.5296193,-121.1775219,3
2013,2013-10-09,1555,10,3,15,3,Y,A,N,A,H,A,A,01,,05,D,,,,,C,Y,N,D,2,0,0,0,21752.0,2,37.3606049,-120.9864129,2
2013,2013-10-15,755,10,3,7,2,N,A,N,A,H,A,A,01,N,08,C,,Y,,,G,N,N,D,1,0,1,0,22107.0,2,37.5540749,-120.865327,4
2013,2013-10-09,1515,10,3,15,3,N,A,Y,A,B,A,A,01,N,08,F,,,,,A,Y,N,A,1,0,0,0,22107.0,1,37.9606929,-120.8436236,3
2013,2013-10-09,1425,10,3,14,3,N,A,Y,A,H,A,A,07,W,03,C,,,,,C,N,N,A,1,0,0,0,22350.0,2,37.7112222,-121.0225802,4
2013,2013-10-04,2355,10,3,23,5,N,A,Y,A,H,D,A,01,S,01,E,,,,,I,Y,N,D,1,0,0,0,23152.0,1,37.7152815,-121.0920818,3
2013,2013-10-04,1809,10,3,18,5,N,A,Y,A,H,A,A,01,S,03,C,,,,,C,Y,N,D,4,0,0,0,22350.0,3,37.6359279,-121.0031683,3
2013,2013-10-13,2040,10,3,20,7,N,A,Y,A,H,D,A,07,S,08,F,,,,,A,Y,N,D,1,0,0,0,22107.0,1,37.7258651,-121.103533,4
2013,2013-10-07,1938,10,3,19,1,N,A,N,A,H,D,A,01,W,08,E,,,,,I,Y,N,A,1,0,0,0,22107.0,1,37.5440149,-120.9113447,4
2013,2013-10-01,1505,10,3,15,2,N,A,Y,A,H,-,A,01,S,09,D,,,,,C,Y,N,D,1,0,0,0,21801.0,2,37.5307384,-120.8578485,4
2013,2013-10-09,1307,10,3,13,3,N,A,N,A,H,A,A,,N,09,D,,,Y,,C,N,N,D,3,0,0,1,21804.0,2,37.534356,-120.8886765,3
2013,2013-10-13,1330,10,3,13,7,Y,A,N,A,H,A,-,- ,,00,D,,,,,C,Y,N,A,2,0,0,0,,2,37.492725,-120.8717529,4
2013,2013-10-30,830,10,3,8,3,Y,A,Y,A,H,A,A,01,,09,D,,Y,,,G,N,M,D,1,0,1,0,21800.0,2,37.605635,-121.001363,4
2013,2013-10-30,150,10,3,1,3,N,A,Y,A,H,D,A,07,N,08,F,,,,,A,Y,N,D,1,0,0,0,22107.0,1,37.6885051,-121.0596429,4
2013,2013-10-26,1146,10,3,11,6,N,A,N,A,H,A,A,07,E,- ,D,,,,,C,Y,N,D,1,0,0,0,,2,37.7104726,-121.1299317,4
2013,2013-10-31,820,10,3,8,4,N,A,N,A,B,A,A,01,E,05,A,,,,,C,Y,N,D,3,0,0,0,21650.0,2,37.7376306,-120.5404007,4
2013,2013-10-18,1157,10,3,11,5,Y,A,N,A,H,A,-,- ,,00,D,,,,,C,N,N,A,2,0,0,0,,2,37.5511649,-120.8470829,4
2013,2013-10-23,1310,10,3,13,3,N,A,Y,A,H,A,-,- ,N,18,E,,,,,J,Y,N,D,1,0,0,0,,1,37.7292797,-121.1085677,4
2013,2013-10-26,1335,10,3,13,6,N,A,N,A,H,A,A,01,S,08,E,,,,,I,Y,N,D,3,0,0,0,22107.0,1,37.608006,-120.6456529,3
2013,2013-10-26,1940,10,3,19,6,N,A,Y,A,H,C,C,02,W,08,E,,,Y,,I,N,N,D,1,0,0,1,22107.0,1,37.512733,-121.1584383,2
2013,2013-10-17,750,10,3,7,4,N,A,Y,A,H,A,A,01,N,03,C,,,,,C,N,N,D,1,0,0,0,22350.0,2,37.62011,-120.9947523,4
2013,2013-10-25,1333,10,3,13,5,N,A,Y,A,H,A,L,04,S,05,H,,Y,,,G,N,N,D,1,0,1,0,21650.0,2,37.7054255,-120.994725,3
2013,2013-10-27,2047,10,3,20,7,N,A,Y,A,H,D,A,01,S,03,C,,,,,C,Y,N,D,2,0,0,0,22350.0,2,37.5126529,-121.2349239,3
2013,2013-10-28,2310,10,3,23,1,N,A,Y,A,H,D,A,01,E,08,E,,,,,I,Y,N,D,1,0,0,0,22107.0,1,37.6387252,-120.8438486,4
2013,2013-11-03,1915,11,3,19,7,N,A,Y,A,H,D,A,01,S,01,F,,,,,A,Y,N,D,2,0,0,0,23152.0,1,37.4863164,-120.8664947,3
2013,2013-11-01,2205,11,3,22,5,N,A,Y,A,H,D,A,01,S,08,E,,,,,I,Y,N,D,1,0,0,0,22107.0,1,37.518759,-120.8840303,4
2013,2013-11-04,908,11,3,9,1,Y,A,N,A,H,A,A,07,,09,A,,,,,C,Y,N,D,2,0,0,0,21801.0,2,37.5588449,-121.1801729,3
2013,2013-10-26,1423,10,3,14,6,Y,A,N,-,H,A,-,- ,,00,D,,,,,C,N,N,A,1,0,0,0,,2,37.601995,-120.9435029,4
2013,2013-10-31,2035,10,3,20,4,N,A,N,A,H,C,-,- ,W,03,C,,,,,C,Y,N,A,1,0,0,0,22350.0,2,37.6091681,-120.9575634,3
2013,2013-10-30,1513,10,3,15,3,Y,A,N,A,H,A,A,01,,09,A,,,,,C,Y,N,D,1,0,0,0,21801.0,3,37.498965,-120.8419128,4
2013,2013-10-11,725,10,3,7,5,Y,A,N,A,H,A,A,07,,10,G,Y,,,,B,N,N,A,1,1,0,0,21950.0,2,37.5145549,-120.8692329,3
2013,2013-10-26,1920,10,3,19,6,Y,A,N,A,H,C,A,01,,09,D,,,,,C,Y,N,A,1,0,0,0,21801.0,2,37.521855,-120.8672529,3
2013,2013-10-26,1648,10,3,16,6,N,A,N,A,H,A,-,- ,E,03,C,,,,,C,Y,N,D,2,0,0,0,22350.0,2,37.521905,-120.8867727,4
2013,2013-10-30,1621,10,3,16,3,N,A,Y,A,H,A,L,04,,05,H,,Y,,,G,N,N,D,1,0,1,0,21650.0,2,37.504135,-120.8375728,3
2013,2013-10-30,724,10,3,7,3,Y,A,N,A,H,A,A,01,,17,H,,Y,,,G,N,N,A,1,0,1,0,21451.0,3,37.500275,-120.8400829,4
2013,2013-11-01,1231,11,3,12,5,Y,A,N,A,H,A,-,- ,,12,H,,,,,C,N,N,A,2,0,0,0,21453.0,2,,,4
2013,2013-11-04,35,11,3,0,1,N,A,N,A,H,C,-,- ,N,00,A,,,,,I,Y,N,D,3,0,0,0,,1,37.606397,-120.9386566,3
2013,2013-11-01,1752,11,3,17,5,N,A,N,A,H,B,-,- ,N,04,C,,,,,C,N,N,A,1,0,0,0,21703.0,2,37.5956552,-120.9386278,4
2013,2013-10-19,1752,10,3,17,6,Y,A,Y,A,H,B,D,22,,08,D,,,,,C,Y,N,D,1,0,0,0,22107.0,2,37.768115,-120.8434929,4
2013,2013-10-28,1204,10,3,12,1,N,A,Y,A,H,A,G,25,W,07,E,,,,Y,I,Y,N,D,1,0,0,0,21658.0,2,37.6378341,-121.182169,2
2013,2013-11-08,1810,11,3,18,5,N,-,Y,-,-,-,-,- ,N,- ,C,,,,,C,Y,N,D,2,0,0,0,,3,37.7101098,-121.0828706,4
2013,2013-11-07,1640,11,3,16,4,N,A,N,A,H,A,D,22,W,03,C,,,,,C,Y,N,D,3,0,0,0,22350.0,3,37.608844,-121.1218911,3
2013,2013-11-04,1534,11,3,15,1,Y,A,N,A,H,A,A,01,,09,D,,,,Y,C,N,N,A,2,0,0,0,21802.0,2,37.695865,-121.132133,3
2013,2013-11-07,1530,11,3,15,4,N,A,N,A,H,A,D,22,W,03,C,,,,,C,N,N,D,1,0,0,0,22350.0,2,37.5241668,-120.7997358,4
2013,2013-11-07,1555,11,3,15,4,Y,A,N,A,H,A,A,07,,12,D,,,,,C,Y,N,A,2,0,0,0,22450.0,2,37.507375,-120.9585429,4
2013,2013-10-15,1614,10,3,16,2,Y,A,N,A,H,A,-,- ,,08,D,,,,,C,Y,N,A,3,0,0,0,21460.0,2,37.6121649,-120.9386529,4
2013,2013-10-24,1251,10,3,12,4,N,A,Y,A,H,A,-,,,03,C,,,,,C,N,N,A,2,0,0,0,22350.0,4,37.7594945,-120.8639003,4
2013,2013-10-31,1938,10,3,19,4,N,A,Y,A,H,C,A,01,,03,C,,,,,C,Y,N,A,3,0,0,0,22350.0,3,37.7658653,-120.8488958,3
2013,2013-10-31,1433,10,3,14,4,N,A,N,A,-,-,A,07,E,01,E,,,,Y,C,Y,N,A,1,0,0,0,23152.0,2,37.505995,-120.8519865,3
2013,2013-10-24,748,10,3,7,4,N,A,N,A,E,A,D,22,W,03,C,,,,,C,Y,N,D,1,0,0,0,22350.0,2,37.532837,-120.865177,4
2013,2013-10-28,1902,10,3,19,1,Y,A,N,A,H,B,D,22,,06,C,,,,,C,N,M,D,1,0,0,0,21755.0,2,37.478165,-120.8480728,4
2013,2013-10-22,1540,10,3,15,2,Y,A,N,A,H,A,D,,,12,B,,,,,C,Y,N,A,2,0,0,0,21453.0,3,37.500545,-120.8488629,4
2013,2013-11-04,755,11,3,7,1,N,A,N,A,H,A,N,,E,11,G,Y,,,,B,N,N,A,1,1,0,0,21954.0,2,37.496068,-120.8459667,3
2013,2013-10-16,1846,10,3,18,3,Y,A,N,A,H,C,-,- ,,09,A,,,,,C,Y,N,A,1,0,0,0,21804.0,2,37.609275,-120.8607928,4
2013,2013-10-24,1548,10,3,15,4,Y,A,N,-,H,A,A,01,,09,D,,,,,C,Y,N,A,1,0,0,0,21802.0,2,37.580225,-120.9359028,4
2013,2013-10-24,1633,10,3,16,4,N,A,N,A,H,A,D,22,E,08,D,,,,,C,Y,N,D,2,0,0,0,22107.0,3,37.609245,-120.9386519,4
2013,2013-10-15,1348,10,3,13,2,Y,A,N,A,H,A,A,01,,09,C,,,,,C,Y,N,A,1,0,0,0,21801.0,2,37.601985,-120.9386329,4
2012,2012-08-25,2355,8,2,23,6,N,A,Y,A,H,D,A,01,S,01,C,,,,,E,Y,N,D,1,0,0,0,23152.0,2,37.5706865,-120.93312602,3
2013,2013-11-06,1118,11,3,11,3,Y,A,N,A,H,-,E,22,,04,C,,,,,C,N,N,D,1,0,0,0,21703.0,2,37.505525,-120.8577728,4
2013,2013-11-27,1733,11,3,17,3,Y,A,N,A,H,C,A,01,,03,C,,,,,C,N,N,D,6,0,0,0,22350.0,2,37.609235,-120.9753429,4
2013,2013-11-27,2035,11,3,20,3,Y,A,N,A,H,C,A,01,,12,D,,,,,C,Y,N,A,1,0,0,0,22450.0,2,37.590395,-120.975223,4
2013,2013-11-28,1009,11,3,10,4,N,A,N,A,H,A,A,01,W,09,D,,,,,C,Y,N,A,2,0,0,0,21802.0,2,,,3
2013,2013-11-30,1315,11,3,13,6,Y,A,N,A,H,A,L,04,,11,H,,Y,,,G,N,N,A,1,0,1,0,21954.0,2,37.601985,-120.9386329,4
2013,2013-10-29,1421,10,3,14,2,N,A,Y,A,H,A,L,04,,05,D,,Y,,,G,N,N,A,2,0,2,0,21202.0,3,37.7326951,-120.9529892,4
2013,2013-11-14,759,11,3,7,4,N,A,Y,A,H,A,A,07,W,04,C,,,,,C,N,N,A,1,0,0,0,21703.0,2,37.7327051,-120.9371928,4
2013,2013-11-20,1818,11,3,18,3,Y,B,N,B,H,C,-,- ,,00,D,,,,,D,N,M,A,1,0,0,0,20001.0,3,37.722685,-120.9219729,4
2013,2013-11-14,1120,11,3,11,4,N,A,Y,A,H,A,A,01,S,03,C,,,,,C,Y,N,D,1,0,0,0,22350.0,2,37.6257618,-120.9963857,4
2013,2013-11-10,102,11,3,1,7,Y,A,N,A,H,C,D,22,,01,E,,,,,I,Y,N,A,1,0,0,0,23152.0,1,37.580175,-120.8471129,3
2013,2013-11-20,1610,11,3,16,3,N,B,N,B,H,A,D,22,S,03,C,,,,,C,Y,N,A,1,0,0,0,22350.0,2,37.6053419,-120.9935127,4
2013,2013-11-19,1130,11,3,11,2,N,B,N,A,H,A,D,22,E,03,C,,,,,C,N,N,D,1,0,0,0,22350.0,2,37.4932943,-121.0308168,4
2013,2013-11-18,1715,11,3,17,1,Y,A,N,A,H,C,G,25,,09,D,,,,Y,C,N,N,A,1,0,0,0,21802.0,2,37.629125,-120.9228928,4