ACCIDENT_YEAR,COLLISION_DATE,COLLISION_TIME,MONTH,SEASON,24HOURS,DAY_OF_WEEK,INTERSECTION,WEATHER_1,STATE_HWY_IND,ROAD_SURFACE,ROAD_COND_1,LIGHTING,STWD_VEHTYPE_AT_FAULT,CHP_VEHTYPE_AT_FAULT,DIRECTION,PCF_VIOL_CATEGORY,TYPE_OF_COLLISION,PEDESTRIAN_ACCIDENT,BICYCLE_ACCIDENT,MOTORCYCLE_ACCIDENT,TRUCK_ACCIDENT,MVIW,TOW_AWAY,HIT_AND_RUN,CONTROL_DEVICE,NUMBER_INJURED,COUNT_PED_INJURED,COUNT_BICYCLIST_INJURED,COUNT_MC_INJURED,PCF_VIOLATION,PARTY_COUNT,POINT_Y,POINT_X,COLLISION_SEVERITY
2014,2014-05-22,2120,5,1,21,4,Y,A,N,A,H,C,-,- ,,09,D,,,,,C,N,N,A,1,0,0,0,21800.0,2,37.73271997,-120.94271995,4
2014,2014-05-15,2344,5,1,23,4,N,A,N,A,H,D,A,01,S,08,E,,,,,I,Y,M,D,2,0,0,0,22107.0,1,37.51513959,-121.06735482,3
2014,2014-05-19,2031,5,1,20,1,Y,B,N,A,H,C,-,,,09,B,,,,,C,N,N,A,1,0,0,0,21802.0,2,37.58595997,-120.95691999,4
2014,2014-05-07,1458,5,1,14,3,Y,A,N,A,H,A,A,01,,- ,D,,,,,C,N,N,A,1,0,0,0,,2,37.72541988,-120.92670999,4
2014,2014-05-28,2106,5,1,21,3,Y,A,N,A,H,C,-,,,09,D,,,,,C,Y,N,A,3,0,0,0,21804.0,2,37.59475991,-120.94188996,4
2014,2014-05-27,1256,5,1,12,2,Y,A,N,A,H,A,-,,,09,D,,,,,C,N,N,B,2,0,0,0,21800.0,2,,,4
2014,2014-05-24,832,5,1,8,6,Y,A,N,A,H,A,A,01,,03,C,,,,,C,N,F,A,1,0,0,0,22350.0,2,37.49175991,-120.8489899,4
2014,2014-03-29,2347,3,1,23,6,N,-,N,B,H,C,D,,W,08,C,,,,,C,Y,M,D,1,0,0,0,22107.0,2,37.62874244,-120.99560983,4
2014,2014-04-25,1239,4,1,12,5,N,A,Y,A,H,A,D,,S,03,C,,,,,C,Y,N,A,1,0,0,0,22350.0,3,37.67787126,-120.99413825,4
2014,2014-04-22,1600,4,1,16,2,Y,A,N,A,H,A,A,,,09,D,,Y,,,G,N,F,D,1,0,1,0,21802.0,2,37.62423997,-121.01176989,4
2014,2014-04-21,1606,4,1,16,1,N,A,Y,A,H,A,-,,S,03,C,,,,,C,N,N,D,1,0,0,0,22350.0,2,37.64892695,-120.99374416,4
2014,2014-04-19,1525,4,1,15,6,N,A,N,A,H,A,L,04,W,05,A,,Y,,,G,N,N,D,1,0,1,0,21650.0,2,37.68186303,-121.02768459,2
2014,2014-04-05,1629,4,1,16,6,Y,A,N,A,H,A,A,,,09,A,,,,,C,Y,N,A,2,0,0,0,21801.0,2,37.68896996,-120.98474985,4
2014,2014-04-08,1618,4,1,16,2,Y,A,N,A,H,A,A,,,09,D,,,,,C,Y,N,A,2,0,0,0,21802.0,2,37.59496992,-121.0051299,3
2014,2014-01-28,1440,1,4,14,2,Y,A,N,A,H,A,-,- ,,09,A,,,,,C,Y,N,A,1,0,0,0,21802.0,3,37.7109399,-120.94007999,4
2014,2014-05-20,1319,5,1,13,2,N,A,N,A,H,A,-,,E,03,C,,,,,C,N,N,A,1,0,0,0,22350.0,2,37.60930944,-120.96527522,4
2014,2014-05-21,1448,5,1,14,3,N,A,N,A,H,A,-,- ,S,00,A,,,,,C,Y,N,A,2,0,0,0,,2,37.58761155,-120.99364063,4
2014,2014-05-20,1909,5,1,19,2,N,A,N,A,H,A,-,,W,04,C,,,,,C,N,N,D,3,0,0,0,21703.0,2,37.60930982,-120.92059665,4
2014,2014-05-26,800,5,1,8,1,N,A,N,A,H,A,A,01,E,01,F,,,,,A,Y,N,D,1,0,0,0,23152.0,1,37.46369,-120.99937,4
2014,2014-05-11,230,5,1,2,7,N,A,Y,A,H,A,A,07,S,08,E,,,,,I,Y,M,D,1,0,0,0,22107.0,1,37.71258515,-121.08710602,4
2014,2014-05-22,1450,5,1,14,4,N,A,Y,A,H,A,A,01,S,07,E,,,,,I,Y,N,D,1,0,0,0,21658.0,1,37.66294284,-121.02702667,4
2014,2014-05-27,2130,5,1,21,2,N,A,N,A,H,D,L,04,N,09,D,,Y,,,G,N,N,D,1,0,1,0,21804.0,2,37.60511002,-121.00132304,3
2014,2014-05-26,118,5,1,1,1,N,A,N,A,H,D,A,01,S,08,E,,,,,I,Y,F,D,1,0,0,0,22107.0,1,37.54405013,-120.95700197,2
2014,2014-05-20,611,5,1,6,2,N,B,Y,A,H,A,A,01,S,08,F,,,,,A,Y,N,D,2,0,0,0,22107.0,1,37.47232484,-120.84476092,3
2014,2014-05-08,1711,5,1,17,4,N,A,N,A,H,A,A,01,S,01,D,,,,,E,Y,M,A,1,0,0,0,23152.0,2,37.61308129,-121.01862732,4
2014,2014-05-22,1113,5,1,11,4,Y,A,N,A,H,A,A,01,,10,G,Y,,,,B,N,N,A,1,1,0,0,21950.0,2,37.50724997,-120.83078986,4
2014,2014-05-17,2038,5,1,20,6,N,A,N,A,H,C,L,04,E,05,D,,Y,,,G,Y,N,D,1,0,1,0,21202.0,2,37.50729,-120.8527446,2
2014,2014-05-24,1922,5,1,19,6,N,A,N,A,H,A,C,,N,08,E,,,Y,,I,Y,N,D,1,0,0,1,22107.0,1,37.50862288,-120.87619585,2
2014,2014-05-16,604,5,1,6,5,Y,A,N,A,H,A,A,01,,12,D,,,,,C,N,N,A,2,0,0,0,21453.0,2,37.49308992,-120.84422998,4
2014,2014-05-12,1614,5,1,16,1,Y,A,N,A,H,A,A,01,,09,D,,,,,C,N,N,A,3,0,0,0,21802.0,2,37.49268999,-120.83985993,3
2014,2014-04-27,1808,4,1,18,7,Y,A,N,A,H,A,L,04,,05,D,,Y,,,G,N,N,D,1,0,1,0,21650.0,2,37.69316995,-121.00116999,3
2014,2014-04-21,1423,4,1,14,1,Y,A,N,A,D,A,A,01,,09,D,,,,,C,N,N,A,1,0,0,0,21800.0,2,37.72541993,-120.9585599,4
2014,2014-05-29,934,5,1,9,4,Y,A,Y,A,H,A,-,,,09,A,,,,,D,Y,N,A,3,0,0,0,21453.0,2,37.7326434,-120.9586957,4
2014,2014-05-18,225,5,1,2,7,Y,A,N,A,H,C,A,01,,01,E,,,,,I,Y,N,A,1,0,0,0,23152.0,1,37.52169995,-120.80324994,4
2014,2014-05-20,1620,5,1,16,2,N,B,Y,A,H,A,A,08,W,21,C,,,,,C,Y,N,D,1,0,0,0,22106.0,2,37.71102975,-120.99546565,4
2014,2014-05-20,1920,5,1,19,2,N,B,N,A,H,A,A,01,E,03,E,,,,,I,N,N,D,1,0,0,0,22350.0,1,37.59828,-121.01433716,4
2014,2014-05-17,1125,5,1,11,6,N,A,N,A,H,A,A,01,S,03,-,,,,,C,N,N,D,2,0,0,0,22350.0,2,37.60154115,-121.03034099,4
2014,2014-05-19,2140,5,1,21,1,N,A,Y,A,D,D,A,01,N,03,C,,,,,C,Y,N,A,6,0,0,0,22350.0,3,37.70972643,-121.08223276,4
2014,2014-05-19,1418,5,1,14,1,Y,B,N,A,H,A,A,01,,09,D,,,,,C,N,N,D,1,0,0,0,21801.0,2,37.6954099,-121.06917993,4
2014,2014-05-25,1215,5,1,12,7,Y,A,Y,A,H,A,B,07,,12,D,,,,,C,Y,N,A,2,0,0,0,21453.0,2,37.78384806,-120.85811898,3
2014,2014-05-15,105,5,1,1,4,Y,A,N,A,H,C,A,07,,01,E,,,,,I,Y,N,D,1,0,0,0,23152.0,1,37.62565998,-120.94814987,3
2014,2014-05-15,1430,5,1,14,4,N,A,N,A,H,A,C,02,N,03,F,,,Y,,A,Y,N,D,1,0,0,1,22350.0,1,37.82731304,-120.68851826,3
2014,2014-05-16,1330,5,1,13,5,N,A,N,-,A,A,C,02,E,08,E,,,Y,,I,N,N,A,1,0,0,1,22107.0,1,37.78681333,-120.84054286,2
2014,2014-05-16,2055,5,1,20,5,N,A,N,A,H,D,A,01,W,08,E,,,,,I,Y,N,D,1,0,0,0,22107.0,1,37.7833882,-120.86905553,4
2014,2014-05-18,1915,5,1,19,7,N,A,N,A,H,A,A,07,E,08,F,,,,,A,Y,N,D,3,0,0,0,22107.0,1,37.87192393,-120.80025214,3
2014,2014-05-19,1235,5,1,12,1,Y,A,N,-,A,A,A,01,,09,D,,,,,C,N,N,A,1,0,0,0,21802.0,2,37.48019989,-120.83038999,4
2014,2014-05-21,1609,5,1,16,3,N,B,Y,A,H,A,A,01,S,03,C,,,,,C,Y,N,D,1,0,0,0,22350.0,2,37.70889546,-121.08070934,4
2014,2014-05-19,1348,5,1,13,1,Y,A,N,A,H,A,-,,,09,D,,,,,C,Y,N,A,2,0,0,0,21802.0,2,37.645804,-120.766898,4
2014,2014-04-17,1816,4,1,18,4,N,A,N,A,H,A,-,,W,03,G,Y,,,,B,N,N,D,1,1,0,0,22350.0,3,37.7290487,-120.92872413,4
2014,2014-04-03,1539,4,1,15,4,N,A,N,A,H,A,A,,W,08,D,,,Y,,C,Y,N,A,1,0,0,1,22107.0,2,37.6351549,-121.00493081,4
2014,2014-05-16,1730,5,1,17,5,N,A,N,A,H,A,A,,W,03,C,,,,,C,Y,N,D,1,0,0,0,22350.0,2,37.69620084,-120.96241024,4
2014,2014-05-17,2032,5,1,20,6,N,A,N,A,H,C,A,,S,01,A,,,,,C,Y,N,D,2,0,0,0,23152.0,2,37.64333412,-120.92116661,2
2014,2014-05-20,1445,5,1,14,2,Y,A,N,A,H,A,L,,,08,B,,Y,,,G,N,N,D,1,0,1,0,22100.0,2,37.66359989,-120.9813899,3
2014,2014-05-20,2222,5,1,22,2,N,A,N,A,H,C,A,,S,01,E,,,,,I,Y,N,A,1,0,0,0,23152.0,1,37.64902,-120.97551,3
2014,2014-05-22,1724,5,1,17,4,N,A,N,A,H,A,A,,S,08,C,,,,,E,Y,N,D,1,0,0,0,22107.0,2,37.67667807,-120.94023,4
2014,2014-05-24,1514,5,1,15,6,N,A,N,A,H,A,A,,S,03,F,,,,,I,Y,N,D,2,0,0,0,22350.0,1,37.65252082,-120.95738,3
2014,2014-05-26,1756,5,1,17,1,Y,A,N,A,H,A,A,,,09,D,,,,,C,Y,N,A,1,0,0,0,21802.0,2,37.66574994,-121.00761994,2
2014,2014-05-25,2119,5,1,21,7,N,A,N,A,H,B,A,,W,08,B,,,,,C,N,F,D,1,0,0,0,22107.0,2,37.60637239,-121.01200411,4
2014,2014-05-12,1348,5,1,13,1,Y,A,N,A,H,A,A,,,09,D,,,,,C,N,N,A,2,0,0,0,21802.0,2,37.64144993,-120.99416999,4
2014,2014-05-16,2349,5,1,23,5,Y,A,N,A,H,D,A,,,09,B,,,Y,,C,Y,N,D,1,0,0,1,21801.0,2,37.68179991,-120.92148994,2
2014,2014-05-23,529,5,1,5,5,N,A,N,A,H,B,D,,N,01,C,,,,,E,Y,N,A,1,0,0,0,23152.0,2,37.64382112,-121.00610252,3
2014,2014-05-29,1900,5,1,19,4,Y,A,N,A,H,A,L,,,08,D,,Y,,,G,,F,D,1,0,1,0,22107.0,2,37.62601997,-121.01179998,4
2014,2014-05-31,1610,5,1,16,6,Y,A,N,A,H,A,A,01,,17,D,,,,,C,Y,N,A,1,0,0,0,21451.0,2,37.5072699,-120.8352799,4
2014,2014-05-30,2209,5,1,22,5,N,A,N,A,H,C,A,01,N,08,E,,,,,I,Y,N,D,1,0,0,0,22107.0,1,37.50499481,-120.83985568,3
2014,2014-05-27,1854,5,1,18,2,Y,A,Y,A,H,A,A,01,,09,B,,,Y,,C,N,N,D,1,0,0,1,21801.0,2,37.63823764,-120.76539328,3
2014,2014-06-01,2049,6,2,20,7,N,A,N,A,H,C,-,,S,03,C,,,,,C,Y,F,A,2,0,0,0,22350.0,3,37.5946758,-120.99360239,4
2014,2014-05-27,1218,5,1,12,2,N,A,N,A,H,A,-,,S,03,C,,,,,-,N,N,A,1,0,0,0,22350.0,2,37.66051627,-121.03113,4
2014,2014-05-30,1503,5,1,15,5,N,A,N,A,H,A,A,,N,12,B,,,Y,,D,Y,N,A,1,0,0,1,21453.0,2,37.68599605,-121.0498427,3
2014,2014-05-30,652,5,1,6,5,N,A,Y,A,H,A,A,,S,01,C,,,,,C,Y,N,A,5,0,0,0,23152.0,2,37.67787126,-120.99413825,3
2014,2014-05-22,1712,5,1,17,4,N,A,N,A,H,A,C,,E,03,C,,,Y,,C,N,N,D,1,0,0,1,22350.0,2,37.64355,-120.98529603,2
2014,2014-05-20,1430,5,1,14,2,N,B,N,A,H,A,A,,S,08,F,,,,,C,Y,N,D,1,0,0,0,22107.0,2,37.67319355,-121.02839267,3
2014,2014-05-16,1941,5,1,19,5,Y,A,N,A,H,B,A,,,09,D,,,,,C,Y,N,D,1,0,0,0,21802.0,2,37.66363998,-120.98825987,4
2014,2014-06-11,1149,6,2,11,3,Y,A,N,A,H,A,D,,,08,B,,,,,C,N,N,A,1,0,0,0,22107.0,2,37.6938899,-121.06541986,4
2014,2014-06-02,1230,6,2,12,1,N,A,N,A,H,A,A,07,N,03,-,,,,,C,Y,N,A,1,0,0,0,22350.0,3,37.51012415,-120.84898,4
2014,2014-06-13,1411,6,2,14,5,N,A,N,A,H,A,-,,N,03,C,,,,,C,N,N,D,1,0,0,0,22350.0,2,,,4
2014,2014-05-21,2204,5,1,22,3,Y,A,N,A,H,C,A,,,01,A,,,,,J,Y,N,A,1,0,0,0,23152.0,1,37.62781995,-121.01184997,4
2014,2014-04-08,1203,4,1,12,2,N,A,Y,A,H,A,D,22,E,03,C,,,,,C,Y,N,A,1,0,0,0,22350.0,4,37.76053426,-120.86144107,4
2014,2014-04-28,1836,4,1,18,1,Y,A,N,A,H,A,D,22,,08,D,,,,,C,Y,N,D,5,0,0,0,22107.0,2,37.76186,-120.87924986,4
2014,2014-05-13,1618,5,1,16,2,N,A,N,A,H,A,A,08,S,04,C,,,,,C,Y,N,D,3,0,0,0,21703.0,2,37.76117847,-120.84334801,3
2014,2014-05-06,1141,5,1,11,2,N,A,N,A,H,A,-,,W,09,D,,,,,C,Y,N,A,1,0,0,0,21802.0,2,37.76727891,-120.85295187,4
2014,2014-04-22,1915,4,1,19,2,-,A,N,A,H,A,-,- ,,- ,H,,,,,E,Y,N,D,1,0,0,0,,1,,,4
2014,2014-04-30,1210,4,1,12,3,-,A,N,A,H,A,A,01,,- ,E,,,,,I,Y,N,D,1,0,0,0,,1,37.767918,-120.840495,3
2014,2014-04-03,1248,4,1,12,4,-,A,Y,A,H,A,N,60,,11,G,Y,,,,B,N,N,A,1,1,0,0,21950.0,2,37.76864052,-120.84165193,3
2014,2014-05-31,935,5,1,9,6,N,-,Y,-,-,-,A,01,N,03,C,,,,,C,Y,N,D,2,0,0,0,22350.0,4,37.68122885,-121.05098188,3
2014,2014-05-29,1745,5,1,17,4,N,A,Y,A,H,A,A,01,S,03,C,,,,,C,Y,N,D,5,0,0,0,22350.0,3,37.64414932,-121.01408954,4
2014,2014-05-22,1125,5,1,11,4,Y,A,Y,A,H,A,L,04,,05,D,,Y,,,G,N,N,A,1,0,1,0,21202.0,2,37.61196536,-120.97927482,2
2014,2014-05-27,1856,5,1,18,2,N,A,N,A,H,A,L,04,E,08,F,,Y,,,A,N,N,D,1,0,1,0,22107.0,1,37.61763853,-120.98060098,3
2014,2014-05-31,1424,5,1,14,6,N,A,Y,A,H,A,A,01,E,03,C,,,,,C,Y,N,D,2,0,0,0,22350.0,2,37.7514897,-120.90281947,3
2014,2014-05-28,815,5,1,8,3,N,A,N,A,H,A,-,- ,S,18,E,,,,,I,Y,N,D,1,0,0,0,,3,37.63062905,-120.95677894,2
2014,2014-05-29,1620,5,1,16,4,Y,A,N,A,H,A,A,01,,12,D,,,,,C,Y,N,A,2,0,0,0,21453.0,2,37.73148997,-120.99522988,4
2014,2014-05-31,50,5,1,0,6,N,A,Y,A,H,D,A,07,W,01,E,,,,,I,Y,N,D,1,0,0,0,23152.0,1,37.73275567,-120.98007238,3
2014,2014-05-24,223,5,1,2,6,N,A,N,A,H,D,A,01,W,01,G,Y,,,,B,N,N,D,1,1,0,0,23152.0,2,37.62282,-120.98640348,4
2014,2014-05-30,1800,5,1,18,5,N,A,N,A,H,A,C,02,S,01,E,,,Y,,I,Y,N,D,1,0,0,1,23152.0,1,,,4
2014,2014-05-29,1625,5,1,16,4,Y,A,N,A,H,A,A,01,,09,A,,,,,C,Y,N,D,1,0,0,0,21801.0,2,37.696358,-121.095651,4
2014,2014-02-01,1637,2,4,16,6,N,A,N,A,H,A,-,,W,03,C,,,,,C,Y,N,D,1,0,0,0,22350.0,2,37.46426133,-121.12674227,4
2014,2014-05-10,1741,5,1,17,6,N,A,N,A,H,A,A,,N,09,D,,,,,C,Y,N,A,1,0,0,0,21801.0,2,37.68951917,-120.95799098,3
2014,2014-05-09,529,5,1,5,5,Y,A,Y,A,A,C,L,,,12,-,,Y,,,G,N,N,A,1,0,1,0,21453.0,2,37.63818197,-120.95726173,4
2014,2014-05-08,2119,5,1,21,4,N,A,Y,A,H,C,-,,S,03,C,,,,,C,Y,N,A,1,0,0,0,22350.0,2,37.68523442,-120.99434242,4
2014,2014-05-08,1545,5,1,15,4,Y,A,N,A,H,A,D,,,03,C,,,,,C,N,N,A,2,0,0,0,22350.0,2,,,4
2014,2014-05-05,1454,5,1,14,1,N,A,N,A,H,A,L,04,N,05,A,,Y,,,G,N,N,A,1,0,1,0,21202.0,2,37.67279181,-120.98400873,4
2014,2014-05-30,1242,5,1,12,5,Y,A,Y,A,H,A,A,01,,- ,D,,,,,C,Y,N,A,1,0,0,0,,2,37.7326774,-120.95869707,4
2014,2014-02-20,1749,2,4,17,4,Y,A,N,A,H,B,-,,,03,C,,,,,C,N,M,A,1,0,0,0,22350.0,2,37.71087991,-120.92186992,4
2014,2014-05-19,1245,5,1,12,1,N,A,N,A,H,A,-,- ,E,18,H,,,,,A,N,N,A,1,0,0,0,,1,37.60937321,-121.0009095,2
2014,2014-06-03,1317,6,2,13,2,N,A,Y,A,H,A,N,60,N,11,F,Y,,,,A,Y,N,D,1,0,0,0,21954.0,2,37.6729455,-121.04152466,4
2014,2014-06-06,1513,6,2,15,5,N,A,N,A,H,A,A,,E,04,C,,,,,C,Y,N,A,1,0,0,0,21703.0,3,37.6688279,-120.98719575,4
2014,2014-06-06,2010,6,2,20,5,N,A,N,A,H,A,A,,E,01,E,,,,,I,N,N,D,1,0,0,0,23152.0,1,37.6866195,-121.04023203,4
2014,2014-06-07,1634,6,2,16,6,N,A,N,A,H,A,E,,W,08,B,Y,,,,B,N,F,A,1,1,0,0,22107.0,2,37.62058866,-121.00269903,3
2014,2014-06-08,112,6,2,1,7,N,A,N,A,H,C,A,,S,08,C,,,,,E,Y,N,D,1,0,0,0,22107.0,4,37.67351891,-120.9577045,3
2013,2013-06-09,1322,6,2,13,7,N,A,N,A,H,A,N,,N,11,G,Y,,,,B,N,N,D,1,1,0,0,21954.0,2,37.6540389,-121.0286856,3
2014,2014-06-05,1250,6,2,12,4,N,A,N,-,H,A,A,,W,03,C,,,,,C,Y,N,A,3,0,0,0,22350.0,3,37.68954274,-121.02910276,3
2014,2014-06-05,1509,6,2,15,4,N,A,N,A,H,A,A,,E,03,-,,,,,C,Y,N,A,1,0,0,0,22350.0,4,37.66885703,-120.98730371,4
2014,2014-06-06,604,6,2,6,5,Y,A,Y,A,H,A,A,,,12,D,,,,,C,Y,N,A,2,0,0,0,21453.0,2,37.66450699,-121.02931819,4
2014,2014-06-02,1337,6,2,13,1,Y,-,N,-,-,-,-,- ,,00,-,,,,,-,Y,N,-,5,0,0,0,,2,37.69690999,-121.03168989,3
2014,2014-06-10,1428,6,2,14,2,Y,A,N,A,H,A,-,,,12,F,,,,,C,Y,N,A,3,0,0,0,21453.0,3,,,4
2014,2014-06-01,1350,6,2,13,7,N,A,Y,A,H,A,A,01,E,08,E,,,,,I,Y,N,D,3,0,0,0,22107.0,1,37.63633565,-120.55789961,3
2014,2014-05-20,1357,5,1,13,2,N,A,N,A,H,A,-,- ,N,- ,D,,,,,C,Y,N,A,3,0,0,0,,2,37.64586,-121.00278,3
2014,2014-06-08,848,6,2,8,7,N,A,Y,A,H,A,A,01,S,01,C,,,,Y,C,Y,N,D,1,0,0,0,23152.0,2,37.48987481,-120.86868317,2
2014,2014-06-11,1240,6,2,12,3,N,A,Y,A,H,A,D,22,E,04,C,,,,,C,N,N,A,1,0,0,0,21703.0,2,37.73277223,-120.98564827,4
2014,2014-06-10,810,6,2,8,2,Y,A,N,A,H,A,E,23,,09,E,,,,,I,N,N,A,1,0,0,0,21802.0,2,37.32980006,-121.10396986,4
2014,2014-06-08,1325,6,2,13,7,N,A,Y,A,H,A,A,01,W,05,D,,,,,C,Y,N,A,1,0,0,0,21460.0,2,37.63872946,-120.84830413,4
2014,2014-06-09,1940,6,2,19,1,N,A,N,A,H,A,A,08,E,01,E,,,,,I,Y,N,D,1,0,0,0,23152.0,1,37.64560278,-121.06383315,4
2014,2014-06-09,2311,6,2,23,1,N,A,N,A,H,D,A,01,E,01,F,,,,,A,Y,N,D,1,0,0,0,23152.0,1,37.73278788,-120.88528189,3
2014,2014-06-10,1355,6,2,13,2,N,A,N,A,H,A,A,01,W,08,E,,,,,I,Y,N,D,1,0,0,0,22107.0,1,37.71105433,-120.85075959,4
2014,2014-06-15,820,6,2,8,7,N,A,N,A,H,A,A,01,W,08,E,,,,,J,Y,N,D,1,0,0,0,22107.0,1,37.71104709,-120.8538152,4
2014,2014-06-07,2120,6,2,21,6,N,A,N,A,H,D,A,01,W,01,D,,,,,C,Y,N,D,2,0,0,0,23152.0,2,37.46346,-120.83085,4
2014,2014-06-08,205,6,2,2,7,N,A,N,A,H,D,-,- ,E,01,E,,,,,I,Y,N,D,1,0,0,0,23152.0,1,37.6064306,-121.02703354,3
2014,2014-06-08,410,6,2,4,7,N,A,N,A,H,D,A,01,N,08,E,,,,,I,Y,N,D,1,0,0,0,22107.0,1,37.54400746,-120.9204,3
2014,2014-06-07,1205,6,2,12,6,N,A,N,A,H,A,L,04,E,08,H,,Y,,,G,N,N,D,1,0,1,0,22107.0,1,37.76189001,-120.79241116,3
2014,2014-06-06,1550,6,2,15,5,N,A,Y,A,H,A,A,01,E,21,D,Y,,,,C,N,N,D,1,1,0,0,22106.0,3,37.70718982,-120.99478381,4
2014,2014-06-07,58,6,2,0,6,N,A,N,A,H,D,A,01,N,01,E,,,,,I,Y,N,D,1,0,0,0,23152.0,1,37.51778666,-121.14022271,3
2014,2014-06-18,1036,6,2,10,3,Y,A,N,A,H,A,A,,,12,B,,,,,C,Y,N,A,1,0,0,0,21453.0,2,37.64459989,-120.99251987,4
2014,2014-06-17,2115,6,2,21,2,N,A,N,A,H,D,C,06,W,03,C,,,Y,,E,Y,N,D,1,0,0,1,22350.0,2,37.61035,-120.99704,2
2014,2014-06-17,1704,6,2,17,2,Y,A,Y,A,H,A,A,,,12,D,,,,,C,Y,N,A,1,0,0,0,21453.0,2,37.68122885,-121.05098188,4
2014,2014-06-06,1300,6,2,13,5,N,A,Y,A,H,A,C,02,W,08,F,,,Y,,A,N,N,D,1,0,0,1,22107.0,1,37.66299258,-120.47230684,4
2014,2014-06-17,909,6,2,9,2,N,A,N,A,H,A,A,,W,03,C,,,,,C,N,N,D,1,0,0,0,22350.0,2,37.64880864,-120.97618485,4
2014,2014-06-04,1800,6,2,18,3,N,A,Y,A,H,A,A,01,S,03,C,,,,,C,N,N,D,1,0,0,0,22350.0,2,37.65259123,-121.02435813,4
2014,2014-06-16,1924,6,2,19,1,N,A,N,A,H,A,D,,E,01,D,,,,,C,Y,N,A,1,0,0,0,23152.0,2,37.64324943,-121.03020547,4
2014,2014-06-16,1530,6,2,15,1,N,A,N,A,H,A,L,,S,09,D,,Y,,,G,N,N,D,1,0,1,0,21804.0,2,37.61721269,-121.0118,3
2014,2014-06-16,1055,6,2,10,1,Y,A,N,A,H,A,A,,,09,G,Y,,,,B,N,N,A,1,1,0,0,21453.0,2,37.644566,-121.006975,2
2014,2014-06-10,1840,6,2,18,2,N,A,Y,A,H,A,D,,W,03,C,,,,,C,Y,N,A,1,0,0,0,22350.0,2,37.6386713,-121.02246684,4
2014,2014-06-10,1832,6,2,18,2,N,A,N,A,H,A,A,,W,10,G,Y,,,,B,N,N,A,1,1,0,0,21950.0,2,37.63780058,-120.99900256,4
2014,2014-06-04,1226,6,2,12,3,N,A,N,A,H,A,A,,W,21,C,,,,,C,Y,N,D,1,0,0,0,22106.0,2,37.68632813,-121.03357286,4
2014,2014-06-01,1848,6,2,18,7,Y,A,Y,A,H,A,C,,,01,H,,,Y,,-,N,N,D,1,0,0,1,23152.0,1,37.65888989,-120.95205991,3
2014,2014-06-10,1246,6,2,12,2,N,A,N,A,H,A,A,,W,07,B,,,,,C,Y,N,A,1,0,0,0,21658.0,2,37.66710746,-120.97743222,4
2014,2014-06-10,1202,6,2,12,2,N,A,N,A,H,A,-,,S,07,B,,,,,C,N,N,A,2,0,0,0,21658.0,2,37.65729627,-120.95750196,4
2014,2014-06-09,1752,6,2,17,1,N,A,N,A,H,A,A,,E,03,C,,,,,C,Y,N,A,2,0,0,0,22350.0,3,37.67047492,-121.00612195,4
2014,2014-06-04,311,6,2,3,3,N,A,N,A,H,C,A,,S,08,C,,,,,E,Y,N,D,1,0,0,0,22107.0,2,37.67797762,-120.9668389,4
2014,2014-06-03,1028,6,2,10,2,Y,A,Y,A,H,A,D,,,12,D,,,,,C,Y,N,A,2,0,0,0,21453.0,2,37.63839187,-120.99959524,4
2014,2014-06-05,2220,6,2,22,4,N,A,N,A,H,C,N,,W,11,G,Y,,,,B,N,F,D,1,1,0,0,21954.0,2,37.66361,-120.98269545,4
2014,2014-06-03,1940,6,2,19,2,Y,A,N,A,H,A,A,,,07,B,,,,,C,N,N,D,1,0,0,0,21658.0,2,37.63642989,-121.00082991,3
2014,2014-06-03,1739,6,2,17,2,Y,A,N,A,H,A,A,,,12,D,,,,,C,Y,N,A,2,0,0,0,21453.0,2,37.68206996,-121.01238986,2
2014,2014-06-03,1642,6,2,16,2,N,A,Y,A,H,A,-,- ,S,04,C,,,,,C,N,N,A,1,0,0,0,21703.0,2,37.68420168,-120.9942313,4
2014,2014-06-02,2221,6,2,22,1,N,A,N,A,H,C,A,,W,03,A,,,,,I,Y,N,D,1,0,0,0,22350.0,1,37.66732056,-120.975771,3
2014,2014-06-02,1958,6,2,19,1,N,A,N,A,H,A,-,,N,03,H,,,,,-,Y,N,D,1,0,0,0,22350.0,1,37.68401796,-120.95792141,3
2014,2014-06-02,1903,6,2,19,1,Y,A,N,A,H,A,-,,,12,D,,,,,C,Y,N,A,1,0,0,0,22450.0,2,37.63555,-121.01187991,4
2014,2014-06-02,1655,6,2,16,1,Y,A,N,A,H,A,-,,,08,D,,,,,C,Y,N,A,2,0,0,0,22107.0,2,37.59499998,-121.00138996,3
2014,2014-05-29,754,5,1,7,4,Y,A,N,A,H,A,A,01,,21,C,,,,,C,N,N,A,1,0,0,0,22106.0,2,37.50729997,-120.84882994,4
2014,2014-06-02,1641,6,2,16,1,Y,A,N,A,H,A,A,,,03,D,Y,,,,B,N,N,A,1,1,0,0,22350.0,2,37.68206996,-121.01238986,3
2014,2014-06-01,1152,6,2,11,7,N,A,N,A,H,A,-,,,09,B,,,,,I,Y,N,D,1,0,0,0,21804.0,2,37.50723996,-120.87503996,4
2014,2014-03-04,834,3,1,8,2,N,A,N,A,H,A,A,,S,07,C,,,,,C,Y,N,A,1,0,0,0,21658.0,2,37.65302508,-121.00745917,4
2014,2014-05-24,2230,5,1,22,6,N,-,N,A,H,C,-,,W,17,H,,,,,-,N,N,-,1,0,0,0,21712.0,2,,,2
2014,2014-05-30,1634,5,1,16,5,N,A,N,A,H,A,A,08,N,01,E,,,,,I,Y,N,D,1,0,0,0,23152.0,1,37.52167519,-120.88118,4
2014,2014-05-04,1722,5,1,17,7,N,A,Y,A,H,A,C,02,E,08,F,,,Y,,A,N,N,D,1,0,0,1,22107.0,1,37.65207917,-120.48958352,2