ACCIDENT_YEAR,COLLISION_DATE,COLLISION_TIME,MONTH,SEASON,24HOURS,DAY_OF_WEEK,INTERSECTION,WEATHER_1,STATE_HWY_IND,ROAD_SURFACE,ROAD_COND_1,LIGHTING,STWD_VEHTYPE_AT_FAULT,CHP_VEHTYPE_AT_FAULT,DIRECTION,PCF_VIOL_CATEGORY,TYPE_OF_COLLISION,PEDESTRIAN_ACCIDENT,BICYCLE_ACCIDENT,MOTORCYCLE_ACCIDENT,TRUCK_ACCIDENT,MVIW,TOW_AWAY,HIT_AND_RUN,CONTROL_DEVICE,NUMBER_INJURED,COUNT_PED_INJURED,COUNT_BICYCLIST_INJURED,COUNT_MC_INJURED,PCF_VIOLATION,PARTY_COUNT,POINT_Y,POINT_X,COLLISION_SEVERITY
2014,2014-05-03,1835,5,1,18,6,N,A,N,A,H,A,A,01,S,08,B,,,,,C,Y,N,D,1,0,0,0,22107.0,2,,,4
2014,2014-05-06,806,5,1,8,2,Y,B,N,B,H,A,A,,,09,D,,,,,C,Y,N,D,3,0,0,0,21802.0,2,37.66746991,-121.03036989,3
2014,2014-05-06,1132,5,1,11,2,Y,A,Y,A,H,A,A,01,,08,D,,,,,C,Y,N,A,2,0,0,0,22107.0,2,37.75134216,-120.90312778,3
2014,2014-04-25,1022,4,1,10,5,N,B,N,B,G,A,A,,N,09,D,,,,,C,Y,N,D,1,0,0,0,21804.0,2,37.67576212,-120.95775771,4
2014,2014-04-14,824,4,1,8,1,N,A,N,A,H,A,D,,S,05,A,,,,,E,Y,N,D,1,0,0,0,21650.0,3,,,3
2014,2014-04-26,1215,4,1,12,6,N,A,N,D,A,A,C,02,W,03,F,,,Y,,A,N,N,D,1,0,0,1,22350.0,1,37.7097399,-120.50578204,3
2014,2014-04-17,1805,4,1,18,4,N,A,Y,A,H,A,M,47,N,07,F,,,,,A,Y,F,D,2,0,0,0,21658.0,2,37.46569897,-121.18218889,3
2014,2014-04-30,1630,4,1,16,3,N,A,Y,A,H,A,A,01,N,03,C,,,,,C,N,N,D,1,0,0,0,22350.0,2,37.6666914,-121.03281405,4
2014,2014-04-24,723,4,1,7,4,N,A,Y,A,H,A,A,01,N,07,E,,,,,I,Y,M,A,1,0,0,0,21658.0,2,37.70316118,-121.07418504,4
2014,2014-04-26,2134,4,1,21,6,Y,A,Y,A,H,D,A,07,,12,D,,,,,C,Y,N,A,3,0,0,0,22450.0,2,37.79330447,-120.91393548,3
2014,2014-04-27,1539,4,1,15,7,N,B,N,A,H,A,-,- ,S,18,G,Y,,,,B,N,N,D,1,1,0,0,,2,37.48460635,-120.85806238,4
2014,2014-04-28,654,4,1,6,1,N,A,Y,A,H,A,-,- ,N,18,E,,,,,I,Y,N,A,1,0,0,0,,1,37.71090204,-121.0773152,4
2014,2014-04-29,1920,4,1,19,2,Y,A,N,A,H,A,-,- ,,00,D,,,,,C,N,N,A,1,0,0,0,,2,37.55132,-120.99367993,3
2014,2014-04-29,1457,4,1,14,2,N,A,Y,A,H,A,A,08,S,08,E,,,,,I,Y,N,D,1,0,0,0,22107.0,1,37.69110875,-121.06321143,3
2014,2014-04-26,1825,4,1,18,6,N,B,N,A,H,A,C,02,N,08,F,,,Y,,A,Y,N,D,2,0,0,2,22107.0,1,37.81572543,-120.65819636,3
2014,2014-04-24,1920,4,1,19,4,N,A,Y,A,H,C,A,01,N,04,C,,,,,C,N,N,D,1,0,0,0,21703.0,2,37.6312967,-120.99822339,4
2014,2014-03-31,859,3,1,8,1,N,A,N,A,H,A,A,,E,08,B,,,Y,,C,Y,N,A,1,0,0,1,22107.0,2,37.68897265,-120.98426621,3
2014,2014-04-01,1449,4,1,14,2,N,C,N,B,H,A,-,,E,08,C,,,,,C,Y,N,D,3,0,0,0,22107.0,2,37.46453907,-121.17489468,3
2014,2014-04-23,1824,4,1,18,3,Y,A,N,A,H,A,L,04,,12,D,,Y,,,G,N,N,A,1,0,1,0,21453.0,2,37.60200998,-120.93871986,4
2014,2014-04-14,1512,4,1,15,1,N,A,N,A,H,A,A,01,W,03,C,,,,,C,N,N,A,1,0,0,0,22350.0,4,37.52187702,-120.86517545,4
2014,2014-05-09,1827,5,1,18,5,Y,A,N,A,H,A,-,,,04,C,,,,,C,Y,M,A,2,0,0,0,21703.0,2,37.60929994,-120.97421992,4
2014,2014-04-11,1700,4,1,17,5,Y,A,N,A,H,A,A,07,,03,C,,,,,C,N,N,D,1,0,0,0,22350.0,2,37.49277998,-120.86033996,4
2014,2014-04-11,1531,4,1,15,5,Y,B,N,A,H,A,A,07,,12,D,,,,,C,Y,F,A,1,0,0,0,22450.0,2,37.58028,-120.92955,3
2014,2014-04-27,1800,4,1,18,7,N,A,N,A,H,A,A,,W,04,C,,,,,C,N,N,D,1,0,0,0,21703.0,2,37.60625311,-121.01357913,4
2014,2014-04-12,1511,4,1,15,6,Y,A,N,A,H,A,L,,,05,A,,Y,,,G,N,N,A,1,0,1,0,21650.0,2,37.67227997,-120.95769,2
2014,2014-04-10,1707,4,1,17,4,Y,A,N,A,H,A,-,,,09,B,,,,,D,N,N,D,1,0,0,0,21801.0,2,37.67800993,-120.97582997,4
2014,2014-03-23,1805,3,1,18,7,N,A,N,A,H,A,A,01,S,01,A,,,,,C,Y,N,D,2,0,0,0,23152.0,2,37.73278,-120.8396,2
2014,2014-04-19,420,4,1,4,6,N,A,N,A,H,D,A,01,N,08,E,,,,,I,Y,N,D,1,0,0,0,22107.0,1,37.66642915,-120.7893341,4
2014,2014-04-15,1930,4,1,19,2,N,A,N,A,B,A,N,60,S,11,G,Y,,Y,,B,N,N,D,2,1,0,1,21954.0,2,37.43219008,-121.04448077,2
2014,2014-04-15,2245,4,1,22,2,Y,A,Y,A,H,C,A,07,,09,F,,,Y,,A,N,N,A,1,0,0,1,21802.0,2,37.63864523,-121.01614555,3
2014,2014-04-15,1630,4,1,16,2,N,A,Y,A,H,A,A,01,E,12,D,,,,,C,N,N,A,1,0,0,0,22450.0,2,37.71117616,-121.03100185,4
2014,2014-04-12,58,4,1,0,6,N,A,N,A,H,D,A,01,E,03,C,,,,,C,Y,N,D,1,0,0,0,22350.0,2,37.62331107,-121.13555283,4
2014,2014-04-12,2015,4,1,20,6,Y,A,Y,A,H,D,A,01,,12,D,,,,,C,Y,F,A,3,0,0,0,22450.0,2,37.79330447,-120.91393548,4
2014,2014-04-12,1317,4,1,13,6,Y,A,N,A,B,A,M,96,,08,F,,,,,A,N,N,D,1,0,0,0,22107.0,1,37.66549997,-121.03656993,2
2014,2014-04-29,715,4,1,7,2,Y,A,N,A,H,A,A,01,,12,D,,,,,C,Y,N,A,1,0,0,0,22450.0,2,37.62916995,-120.92304996,4
2014,2014-04-18,1732,4,1,17,5,N,A,N,A,H,A,C,02,E,08,F,,,Y,,I,N,N,A,1,0,0,1,22107.0,1,37.88420057,-120.83080263,4
2014,2014-04-19,322,4,1,3,6,N,A,N,A,H,D,A,01,N,01,E,,,,,I,Y,N,D,1,0,0,0,23152.0,1,37.48126234,-120.99447114,3
2014,2014-04-21,213,4,1,2,1,N,A,Y,A,H,C,A,01,S,01,E,,,,,I,Y,N,D,2,0,0,0,23152.0,1,37.69289083,-121.06529934,3
2014,2014-06-23,1014,6,2,10,1,Y,A,N,A,H,A,A,,,09,F,,,,,C,Y,N,A,1,0,0,0,21801.0,2,37.69624994,-120.95808991,4
2014,2014-06-20,1218,6,2,12,5,N,A,N,A,H,A,A,,S,08,D,,,,,C,Y,N,D,1,0,0,0,22107.0,2,37.6437717,-120.99516365,3
2014,2014-06-16,1700,6,2,17,1,Y,A,N,A,H,A,D,,,08,B,,,,,C,N,N,A,1,0,0,0,22107.0,2,37.60068988,-120.99353992,4
2014,2014-06-11,1331,6,2,13,3,Y,A,N,A,H,A,D,,,09,D,,Y,,,G,N,N,A,1,0,1,0,21800.0,2,37.66533988,-120.97570994,4
2014,2014-06-19,1333,6,2,13,4,Y,A,N,A,H,A,-,,,03,C,,,,,C,N,N,-,1,0,0,0,22350.0,2,37.49906999,-120.83986989,4
2014,2014-06-11,1733,6,2,17,3,Y,A,N,A,H,A,A,07,,09,D,,,,,C,Y,N,A,3,0,0,0,21802.0,3,37.50724999,-120.88088987,3
2014,2014-06-04,2033,6,2,20,3,Y,A,N,A,H,A,A,08,,09,D,,Y,,,G,N,N,A,1,0,1,0,21800.0,2,37.50036994,-120.85081996,3
2014,2014-06-02,1743,6,2,17,1,-,A,N,A,H,A,-,,,08,B,,,,,E,N,N,-,1,0,0,0,22107.0,2,,,4
2014,2014-06-05,1127,6,2,11,4,Y,A,N,A,H,A,-,,,- ,D,,,,,C,,N,A,1,0,0,0,,2,37.59480992,-120.86544992,4
2014,2014-06-06,1753,6,2,17,5,Y,A,N,A,H,A,A,01,,09,A,,,,,C,N,N,A,3,0,0,0,21801.0,2,37.49268995,-120.83832992,3
2014,2014-06-12,1555,6,2,15,4,N,A,N,A,H,A,A,,S,03,C,,,,,C,N,M,D,2,0,0,0,22350.0,2,37.48775,-120.86725,4
2014,2014-06-22,1340,6,2,13,7,Y,A,N,A,H,A,D,22,,12,D,,,,,C,Y,N,A,3,0,0,0,22450.0,2,37.55132,-120.99367993,4
2014,2014-06-14,2140,6,2,21,6,N,A,N,A,H,C,A,01,W,01,C,,,,,E,Y,N,D,1,0,0,0,23152.0,2,37.70610589,-121.08733131,3
2014,2014-06-17,1002,6,2,10,2,N,A,N,A,H,A,A,01,E,08,D,,,,,E,Y,N,D,1,0,0,0,22107.0,4,37.7110655,-120.99397669,4
2014,2014-06-17,1220,6,2,12,2,N,A,N,A,H,A,A,07,S,05,B,,,,,C,Y,N,D,2,0,0,0,21460.0,2,37.81420799,-120.89479786,3
2014,2014-06-20,948,6,2,9,5,N,A,N,A,H,A,A,01,W,08,B,,,,Y,C,Y,N,D,1,0,0,0,22107.0,2,37.44895365,-120.86899868,4
2014,2014-06-12,1736,6,2,17,4,N,A,Y,A,H,A,A,01,N,07,D,,,,Y,C,Y,N,D,1,0,0,0,21658.0,2,37.70109486,-121.07236948,3
2014,2014-06-06,900,6,2,9,5,N,A,Y,A,H,A,A,01,N,03,C,,,,,C,Y,N,D,2,0,0,0,22350.0,2,37.5503652,-121.28070662,2
2014,2014-06-23,1605,6,2,16,1,Y,A,N,A,H,A,A,01,,12,D,,,,,C,Y,N,A,2,0,0,0,22450.0,2,37.55122993,-120.92955996,4
2014,2014-05-09,1132,5,1,11,5,N,A,N,A,H,A,A,,S,03,C,,,,,C,Y,N,D,1,0,0,0,22350.0,2,37.49355877,-120.86806055,3
2014,2014-05-12,2208,5,1,22,1,Y,A,N,A,H,C,A,,,08,D,,,Y,,C,Y,N,D,1,0,0,1,22107.0,2,37.62773997,-121.03046988,2
2014,2014-05-29,2206,5,1,22,4,N,A,N,A,H,C,A,,W,04,C,,,,,C,Y,N,A,2,0,0,0,21703.0,2,37.66779,-121.03138,4
2014,2014-05-31,2302,5,1,23,6,Y,A,N,A,H,C,-,- ,,00,A,,,,,C,Y,N,A,3,0,0,0,,2,37.66355994,-120.93936992,3
2014,2014-06-08,22,6,2,0,7,N,A,N,A,H,C,A,01,S,01,C,,,,,C,Y,N,A,2,0,0,0,23152.0,2,37.60941516,-120.99365614,4
2014,2014-05-30,2010,5,1,20,5,N,A,N,A,H,B,A,01,N,01,E,,,,,I,Y,N,D,1,0,0,0,23152.0,1,,,3
2014,2014-06-13,1317,6,2,13,5,Y,A,Y,A,H,A,A,,,09,D,,,,,C,Y,N,A,1,0,0,0,21801.0,2,37.6395669,-121.00101781,4
2014,2014-06-22,1530,6,2,15,7,N,A,N,A,H,A,A,,E,07,E,,,Y,,A,Y,N,D,1,0,0,1,21658.0,2,37.66762998,-120.98141742,3
2014,2014-06-21,2249,6,2,22,6,N,A,N,A,H,D,D,,E,10,A,Y,,,,B,N,N,D,1,1,0,0,21950.0,2,37.67575985,-120.97575581,4
2014,2014-06-10,220,6,2,2,2,N,A,N,A,H,D,A,,W,01,A,,,,,E,Y,N,D,1,0,0,0,23152.0,3,37.68549256,-120.99539031,4
2014,2014-06-07,950,6,2,9,6,N,A,N,A,H,A,A,,W,09,D,,,Y,,C,N,N,A,2,0,0,2,21804.0,2,37.67213841,-120.97322298,3
2014,2014-06-21,827,6,2,8,6,N,A,N,A,H,A,D,,N,03,C,,,,,C,Y,N,A,2,0,0,0,22350.0,3,37.65327865,-121.03105125,4
2014,2014-06-20,1413,6,2,14,5,N,A,N,A,H,A,A,,N,10,G,Y,,,,B,N,N,A,1,1,0,0,21950.0,2,37.65307,-120.95739,4
2014,2014-06-20,1300,6,2,13,5,N,A,N,A,H,A,A,,W,03,C,,,,,C,N,N,A,1,0,0,0,22350.0,3,37.68474644,-121.05099736,4
2014,2014-06-20,908,6,2,9,5,Y,A,N,A,H,A,A,,,- ,D,,,,,C,N,N,A,1,0,0,0,,2,37.64459989,-120.99251987,4
2014,2014-06-19,1228,6,2,12,4,Y,A,N,A,H,A,C,,,08,E,,,Y,,I,N,N,D,1,0,0,1,22107.0,1,37.6881699,-121.04985999,4
2014,2014-06-17,1811,6,2,18,2,Y,A,N,A,H,A,A,,,09,D,,,,,C,Y,N,A,4,0,0,0,21802.0,2,37.68893989,-120.94886991,4
2014,2014-06-12,2029,6,2,20,4,N,A,Y,A,H,C,-,,S,03,E,,,,,I,Y,N,D,1,0,0,0,22350.0,1,37.67036653,-120.99402325,4
2014,2014-06-20,1910,6,2,19,5,N,A,N,A,-,B,D,22,E,03,C,,,,,C,Y,N,A,1,0,0,0,22350.0,3,37.59463553,-120.96267349,4
2014,2014-06-22,2011,6,2,20,7,Y,A,N,A,H,A,-,,,03,E,,,,,I,Y,N,A,1,0,0,0,22350.0,1,37.60129991,-120.93138987,4
2014,2014-04-19,2220,4,1,22,6,N,A,N,A,-,D,L,04,E,17,D,,Y,,,G,Y,N,A,1,0,1,0,21208.0,2,37.68891,-120.96979164,2
2014,2014-05-16,1442,5,1,14,5,Y,A,N,A,H,A,A,01,,05,A,,,,,C,Y,N,A,2,0,0,0,21650.0,2,37.76639,-120.86249989,4
2014,2014-06-08,1330,6,2,13,7,N,A,N,A,H,A,-,,E,00,C,,,,,E,Y,N,D,1,0,0,0,12500.0,3,37.47200028,-121.15687278,3
2014,2014-06-04,1640,6,2,16,3,Y,A,N,A,H,A,N,60,,11,G,Y,,,,B,N,N,D,1,1,0,0,21954.0,2,37.47052995,-121.15504999,4
2014,2014-07-15,1434,7,2,14,2,Y,A,N,A,H,A,-,- ,,03,E,,,,,I,N,N,D,1,0,0,0,22350.0,1,37.60737995,-120.96997995,4
2014,2014-06-30,1704,6,2,17,1,N,A,N,A,H,A,A,,E,08,C,,,,,E,Y,N,D,1,0,0,0,22107.0,3,37.66366001,-120.96880636,3
2014,2014-06-29,2149,6,2,21,7,N,A,N,A,H,C,N,,N,11,G,Y,,,,B,N,F,D,1,1,0,0,21954.0,2,37.62926874,-121.01651993,3
2014,2014-06-29,1157,6,2,11,7,Y,A,Y,A,H,A,A,,,09,D,,,Y,,C,Y,N,D,1,0,0,1,21804.0,2,37.66865641,-120.99400384,4
2014,2014-06-29,320,6,2,3,7,N,A,N,A,H,C,A,,S,03,A,,,,,I,Y,N,B,1,0,0,0,22350.0,1,37.64902,-120.97551,4
2014,2014-06-27,2009,6,2,20,5,N,A,N,A,D,A,A,,N,03,E,,,,,A,Y,N,C,1,0,0,0,22350.0,3,37.63310422,-121.00591575,4
2014,2014-06-21,1240,6,2,12,6,Y,A,N,A,H,A,A,,,03,C,,,,,C,N,N,D,2,0,0,0,22350.0,3,37.67080988,-120.94400991,4
2014,2014-06-25,1732,6,2,17,3,Y,B,N,A,H,A,A,,,09,D,,,,,C,N,N,A,2,0,0,0,21801.0,2,,,4
2014,2014-06-24,1716,6,2,17,2,Y,A,N,A,H,A,A,,,07,H,,,Y,,C,N,N,A,1,0,0,1,21658.0,2,,,3
2014,2014-06-22,1740,6,2,17,7,Y,A,N,A,H,A,A,01,,12,-,,,,,C,Y,N,A,2,0,0,0,21453.0,2,37.69343991,-121.03161,4
2014,2014-05-13,2002,5,1,20,2,N,A,N,A,H,C,A,,E,09,D,,,Y,,C,Y,N,D,1,0,0,1,21801.0,2,,,3
2014,2014-05-28,1308,5,1,13,3,Y,A,N,A,H,A,A,,,12,B,,,Y,,C,Y,N,A,3,0,0,2,22450.0,3,37.64590992,-121.00532997,4
2014,2014-06-20,1902,6,2,19,5,Y,A,N,A,H,A,A,,,08,D,,,,,C,Y,N,A,1,0,0,0,22107.0,2,37.70022997,-121.05457998,4
2014,2014-05-30,1320,5,1,13,5,Y,A,N,A,H,A,A,01,,12,D,,,,,C,Y,N,A,1,0,0,0,22450.0,2,37.55853995,-120.91325999,4
2014,2014-07-04,1007,7,2,10,5,Y,A,N,A,H,A,-,- ,,18,H,,Y,,,G,N,N,A,1,0,1,0,,2,37.59474996,-120.93869998,4
2014,2014-07-03,1819,7,2,18,4,N,A,N,A,H,A,-,,W,08,D,,,,,C,N,N,A,1,0,0,0,22107.0,3,37.59475,-120.93908655,4
2014,2014-07-02,103,7,2,1,3,N,A,N,A,H,B,A,,S,21,E,,,,,I,Y,N,D,1,0,0,0,22106.0,1,37.64720642,-120.98788917,4
2014,2014-07-02,845,7,2,8,3,Y,A,N,A,H,A,D,,,10,G,Y,,,,B,N,N,A,1,1,0,0,21950.0,2,37.66041995,-121.01213999,4
2014,2014-07-03,827,7,2,8,4,Y,A,Y,A,H,A,A,,,12,D,Y,,,,B,Y,N,A,2,0,0,0,21453.0,3,37.66450699,-121.02931819,3
2014,2014-07-03,2217,7,2,22,4,Y,A,N,A,H,C,A,,,01,D,,,,,C,Y,F,A,1,0,0,0,23152.0,2,37.63565992,-121.00183998,4
2014,2014-02-04,2115,2,4,21,2,N,A,N,A,H,C,N,,N,11,G,Y,,,,B,N,N,D,1,1,0,0,21954.0,2,37.66433263,-120.97568943,2
2014,2014-07-05,1358,7,2,13,6,N,A,N,A,H,A,D,,N,12,C,,,,,C,N,N,D,1,0,0,0,22450.0,2,37.67316241,-121.0403539,4
2014,2014-06-13,2230,6,2,22,5,N,A,N,A,H,C,C,02,N,01,F,,,Y,,A,Y,N,D,1,0,0,1,23152.0,1,37.789856,-120.863286,3
2014,2014-06-12,425,6,2,4,4,Y,A,N,A,H,B,A,01,,12,D,,,,,C,Y,N,A,2,0,0,0,22450.0,2,37.54728993,-120.91127992,3
2014,2014-06-24,1442,6,2,14,2,N,A,Y,A,H,A,A,01,N,08,E,,,,,I,Y,N,D,1,0,0,0,22107.0,1,37.54266622,-121.27132374,3
2014,2014-06-13,2346,6,2,23,5,N,A,N,A,H,D,A,01,E,01,E,,,,,I,Y,N,D,1,0,0,0,23152.0,1,37.78909634,-120.79400724,3
2014,2014-06-22,1543,6,2,15,7,N,A,Y,A,H,A,A,08,W,03,C,,,,,C,N,N,A,1,0,0,0,22350.0,2,37.71123176,-121.02294129,4
2014,2014-06-22,2004,6,2,20,7,Y,A,N,A,H,A,A,01,,01,E,,,,,J,Y,N,D,1,0,0,0,23152.0,1,37.78881999,-120.79743986,3
2014,2014-06-17,2118,6,2,21,2,Y,A,N,A,H,D,A,07,,01,D,,,,,C,N,N,A,1,0,0,0,23152.0,2,37.5511799,-120.84707997,4
2014,2014-06-17,731,6,2,7,2,N,A,Y,A,H,A,A,01,N,08,D,,,,,C,Y,N,D,1,0,0,0,22107.0,2,37.71090204,-121.0773152,4
2014,2014-06-11,1010,6,2,10,3,N,A,Y,A,H,A,C,02,N,03,C,,,Y,,C,Y,N,D,1,0,0,1,22350.0,2,37.46873421,-120.84903163,2
2014,2014-06-18,1715,6,2,17,3,Y,A,Y,A,H,A,A,01,,09,D,,,,,C,Y,N,A,1,0,0,0,21801.0,2,37.63823103,-121.06732699,4
2014,2014-06-14,1258,6,2,12,6,N,B,Y,A,H,A,A,01,S,03,C,,,,,C,Y,N,D,2,0,0,0,22350.0,3,37.68079142,-121.05008142,4
2014,2014-06-24,735,6,2,7,2,N,A,N,A,H,A,A,01,S,08,E,,,,,I,Y,N,D,1,0,0,0,22107.0,1,37.74410847,-121.00321173,4
2014,2014-06-16,1735,6,2,17,1,N,A,Y,A,A,A,A,07,N,01,E,,,,,I,Y,N,D,1,0,0,0,23152.0,1,37.6196207,-120.99471279,3
2014,2014-06-24,925,6,2,9,2,N,A,N,A,H,A,A,01,N,08,F,,,,,A,Y,N,D,1,0,0,0,22107.0,1,37.53852091,-120.75636454,4
2014,2014-06-27,1234,6,2,12,5,Y,B,N,A,H,A,A,01,,09,D,,,,,C,N,N,A,1,0,0,0,21802.0,2,37.70667991,-121.08406986,4
2014,2014-06-30,204,6,2,2,1,Y,A,N,A,H,C,-,,,- ,C,,,,,C,Y,N,A,1,0,0,0,,2,37.61397991,-120.93870995,4
2014,2014-06-17,1210,6,2,12,2,N,A,N,A,H,A,L,,E,07,D,,Y,,,G,N,N,A,1,0,1,0,21658.0,2,37.66718,-120.9571938,3
2014,2014-07-01,1850,7,2,18,2,N,A,N,A,H,A,D,22,W,03,C,,,,,C,N,N,A,1,0,0,0,22350.0,2,37.53706,-120.89205,4
2014,2014-06-06,805,6,2,8,5,Y,A,N,A,H,A,A,07,,21,D,,,,,C,Y,N,A,1,0,0,0,22106.0,2,37.50858997,-120.83527995,4
2014,2014-06-14,1443,6,2,14,6,Y,A,N,A,H,A,A,01,,09,D,,,,,C,Y,N,A,3,0,0,0,21801.0,2,37.47816995,-120.84482986,4
2014,2014-06-30,424,6,2,4,1,N,A,N,A,H,C,-,,S,06,C,,,,,C,Y,N,A,1,0,0,0,21750.0,2,37.73266997,-120.92214988,4
2014,2014-06-26,1346,6,2,13,4,Y,A,N,A,H,A,D,22,,04,C,,,,,C,N,N,A,1,0,0,0,21703.0,2,37.73271991,-120.94045999,4
2014,2014-07-07,1321,7,2,13,1,N,A,N,A,D,A,D,,W,03,C,,,,,C,N,N,D,1,0,0,0,22350.0,3,37.67048014,-121.00892371,4
2014,2014-07-02,742,7,2,7,3,Y,A,N,A,H,A,-,- ,,- ,B,,,,,C,Y,F,-,1,0,0,0,,2,37.49604996,-120.84598988,3
2014,2014-06-19,709,6,2,7,4,Y,A,N,A,H,A,D,22,,10,G,Y,,,,B,N,N,A,1,1,0,0,21950.0,2,37.51934993,-120.8489699,2
2014,2014-07-04,2143,7,2,21,5,Y,A,N,A,H,C,D,22,,10,G,Y,,,,B,N,F,A,1,1,0,0,21950.0,2,37.4904799,-120.84897994,3
2014,2014-06-28,1813,6,2,18,6,Y,A,N,A,H,A,D,,,09,D,,,,,C,,N,A,2,0,0,0,21801.0,2,37.67851992,-121.04720995,3
2014,2014-07-01,1816,7,2,18,2,N,A,N,A,H,A,A,,E,03,C,,,,,C,N,N,D,1,0,0,0,22350.0,2,37.66779896,-121.03127697,4
2014,2014-07-08,1145,7,2,11,2,Y,A,N,A,H,A,A,,,09,D,,,,,C,Y,N,D,2,0,0,0,21802.0,2,37.65954989,-120.97563987,4
2014,2014-07-08,2048,7,2,20,2,N,A,N,A,H,C,A,,S,07,C,,,,,C,Y,N,D,4,0,0,0,21658.0,2,37.68910541,-121.05983199,4
2014,2014-07-09,1318,7,2,13,3,N,A,N,A,H,A,D,,E,03,C,,,,,C,Y,N,D,2,0,0,0,22350.0,2,37.65096,-120.98982845,4
2014,2014-07-09,2007,7,2,20,3,Y,A,Y,A,H,A,A,,,12,A,,,,,C,Y,N,A,2,0,0,0,21453.0,2,37.67050896,-120.99411994,4
2014,2014-06-16,39,6,2,0,1,Y,A,N,A,H,C,A,,,08,-,,,,,C,N,N,A,1,0,0,0,22107.0,2,37.68167993,-120.97598987,4
2014,2014-06-04,1622,6,2,16,3,Y,A,N,A,H,A,L,04,,04,B,,Y,,,G,N,N,A,1,0,1,0,21703.0,2,37.47573994,-121.14087986,3
2014,2014-06-23,2027,6,2,20,1,Y,A,N,A,H,B,L,04,,05,D,,Y,,,G,N,F,A,1,0,1,0,21650.0,2,37.52178991,-120.85447998,3
2014,2014-06-26,931,6,2,9,4,Y,A,N,A,H,A,A,01,,09,D,,,,,C,Y,N,A,1,0,0,0,21801.0,2,37.50341989,-120.85431997,4
2014,2014-07-01,1121,7,2,11,2,N,A,N,A,H,A,A,,W,08,-,,,,,C,Y,N,D,4,0,0,0,22107.0,2,37.66000429,-120.98857304,3
2014,2014-07-01,1241,7,2,12,2,Y,A,N,A,H,A,C,,,05,D,,,Y,,C,Y,N,D,1,0,0,1,21460.0,2,37.65537996,-120.93729993,3
2014,2014-07-01,1723,7,2,17,2,N,A,N,A,H,A,A,,N,01,A,,,,,C,Y,N,D,3,0,0,0,23153.0,3,37.70106402,-121.07005901,3
2014,2014-07-01,1920,7,2,19,2,Y,A,N,A,H,B,A,,,03,E,,,,,I,Y,N,A,1,0,0,0,22350.0,2,37.67438998,-121.02828988,4
2014,2014-07-01,2031,7,2,20,2,Y,A,N,A,H,A,D,,,09,D,,,,,C,N,N,D,4,0,0,0,21802.0,2,37.62056989,-121.00493997,3
2015,2015-09-29,741,9,3,7,2,Y,A,N,A,H,A,-,,,12,D,,,,,C,Y,N,A,1,0,0,0,21453.0,2,37.6459299,-121.01190992,3
2014,2014-06-15,1857,6,2,18,7,N,A,N,A,H,A,-,,N,09,H,,,,,A,N,N,A,1,0,0,0,21801.0,2,37.73319161,-120.9405602,4
2014,2014-06-28,1535,6,2,15,6,N,A,Y,A,H,A,-,,W,08,B,,,,,C,N,N,D,1,0,0,0,22107.0,2,37.73267903,-120.95924618,4
2014,2014-07-01,1718,7,2,17,2,N,A,N,A,H,A,L,04,S,05,D,,Y,,,G,N,N,D,1,0,1,0,21202.0,2,,,4
2014,2014-07-02,2255,7,2,22,3,Y,A,Y,A,H,C,A,07,,12,D,,,,,C,Y,N,A,1,0,0,0,21453.0,2,37.49517769,-120.87150829,4
2014,2014-07-08,654,7,2,6,2,N,A,N,A,H,A,A,,N,08,E,,,,,I,N,N,A,1,0,0,0,22107.0,1,37.63139996,-121.03054992,3
2014,2014-07-07,926,7,2,9,1,Y,B,N,A,H,A,A,,,03,C,,,,,C,N,N,A,1,0,0,0,22350.0,2,37.66995998,-121.0306299,4
2014,2014-07-08,845,7,2,8,2,Y,A,N,A,H,A,-,,,12,A,,,,,C,Y,N,A,2,0,0,0,21453.0,2,37.65306991,-120.95738997,3
2014,2014-07-05,350,7,2,3,6,N,A,Y,A,H,C,-,- ,S,18,E,,,,,E,Y,N,D,1,0,0,0,,3,37.57937609,-120.943193,4
2014,2014-07-15,1847,7,2,18,2,N,A,Y,A,H,A,D,22,W,09,D,,,,,C,Y,N,D,1,0,0,0,21801.0,2,37.63827862,-120.90171047,4
2014,2014-07-12,1148,7,2,11,6,N,A,N,A,H,A,D,22,N,03,C,,,,,C,Y,N,D,2,0,0,0,22350.0,2,37.60928347,-120.84742644,3
2014,2014-07-09,1055,7,2,10,3,N,A,N,A,H,A,D,22,N,07,B,,,,,C,Y,N,D,1,0,0,0,21658.0,2,,,4
2014,2014-07-03,1740,7,2,17,4,N,A,Y,A,H,A,D,22,N,06,A,,,,,C,Y,F,D,3,0,0,0,21751.0,3,37.5331909,-121.18142229,4
2014,2014-07-01,830,7,2,8,2,N,A,N,A,H,A,D,22,N,03,C,,,,Y,C,Y,N,A,1,0,0,0,22350.0,2,37.55115,-120.75555,3
2014,2014-06-19,733,6,2,7,4,Y,A,N,A,H,A,A,01,,01,D,,,,,C,Y,M,D,1,0,0,0,23152.0,2,37.46732992,-120.85484996,3
2014,2014-06-20,1705,6,2,17,5,N,A,Y,A,H,A,A,01,S,03,C,,,,,C,Y,N,D,1,0,0,0,22350.0,2,37.69978299,-121.07095675,4
2014,2014-05-21,756,5,1,7,3,N,A,Y,A,H,A,D,22,N,03,C,,,,Y,C,Y,N,D,3,0,0,0,22350.0,4,37.58232099,-120.94628464,3
2014,2014-06-26,1700,6,2,17,4,Y,A,N,A,H,A,A,01,,09,D,,,,,C,N,N,A,2,0,0,0,21804.0,2,37.56567991,-120.79207995,4
2014,2014-06-27,242,6,2,2,5,N,A,N,A,H,D,D,22,N,01,E,,,,,I,Y,N,D,1,0,0,0,23152.0,1,37.53326454,-120.95799308,2
2014,2014-06-28,2209,6,2,22,6,N,A,N,A,H,D,M,46,W,14,C,,,,,C,Y,N,D,2,0,0,0,24252.0,2,37.5514794,-121.06116018,3