ACCIDENT_YEAR,COLLISION_DATE,COLLISION_TIME,MONTH,SEASON,24HOURS,DAY_OF_WEEK,INTERSECTION,WEATHER_1,STATE_HWY_IND,ROAD_SURFACE,ROAD_COND_1,LIGHTING,STWD_VEHTYPE_AT_FAULT,CHP_VEHTYPE_AT_FAULT,DIRECTION,PCF_VIOL_CATEGORY,TYPE_OF_COLLISION,PEDESTRIAN_ACCIDENT,BICYCLE_ACCIDENT,MOTORCYCLE_ACCIDENT,TRUCK_ACCIDENT,MVIW,TOW_AWAY,HIT_AND_RUN,CONTROL_DEVICE,NUMBER_INJURED,COUNT_PED_INJURED,COUNT_BICYCLIST_INJURED,COUNT_MC_INJURED,PCF_VIOLATION,PARTY_COUNT,POINT_Y,POINT_X,COLLISION_SEVERITY
2014,2014-07-24,1620,7,2,16,4,Y,A,Y,A,H,A,E,22,,09,D,,,,,C,N,N,B,3,0,0,0,21800.0,2,37.73270932,-120.94628393,4
2014,2014-08-05,1015,8,2,10,2,N,A,N,A,H,A,D,22,E,08,D,,,,,C,Y,N,D,1,0,0,0,22107.0,2,37.68185894,-120.88957138,4
2014,2014-08-05,2035,8,2,20,2,N,A,Y,A,H,D,-,- ,S,07,B,,,,Y,C,Y,N,D,2,0,0,0,21658.0,2,37.63350408,-120.99986806,4
2014,2014-07-28,1320,7,2,13,1,N,A,Y,A,H,A,C,02,S,07,B,,,Y,,C,Y,N,D,1,0,0,1,21658.0,2,37.63022259,-120.9977421,2
2014,2014-07-25,1951,7,2,19,5,N,A,Y,A,H,A,A,01,N,03,C,,,,,C,Y,N,D,5,0,0,0,22350.0,2,37.6385646,-121.00589348,3
2014,2014-07-26,1920,7,2,19,6,N,A,Y,A,H,A,F,25,S,08,E,,,,Y,I,Y,N,D,1,0,0,0,22107.0,1,37.57524049,-120.93797161,4
2014,2014-07-27,1507,7,2,15,7,Y,A,Y,A,H,A,A,07,,12,D,,,,,C,Y,N,A,4,0,0,0,21453.0,2,37.78384806,-120.85811898,4
2014,2014-07-21,1209,7,2,12,1,N,A,N,A,H,A,L,04,N,09,D,,Y,,,G,N,N,-,1,0,1,0,21804.0,2,37.48358295,-120.84897033,3
2014,2014-07-17,843,7,2,8,4,Y,A,N,A,H,A,-,- ,,12,D,,,,,C,Y,N,A,1,0,0,0,21453.0,2,37.64006995,-120.95720987,4
2014,2014-07-01,1639,7,2,16,2,N,A,N,A,H,A,A,,N,08,B,,,,,E,Y,N,A,1,0,0,0,22107.0,3,37.68707962,-121.04525612,4
2014,2014-07-21,1407,7,2,14,1,Y,A,N,A,H,A,A,,,- ,D,,,,,-,Y,N,A,3,0,0,0,,3,37.700129,-121.066013,4
2014,2014-08-09,720,8,2,7,6,Y,A,N,A,H,A,-,,,- ,G,Y,,,,B,Y,N,A,1,1,0,0,,2,37.59831999,-120.94330994,4
2014,2014-08-09,2300,8,2,23,6,Y,A,N,A,H,C,A,01,,09,D,,,,,C,Y,N,A,2,0,0,0,21801.0,2,37.61079997,-120.97535992,4
2014,2014-08-08,1433,8,2,14,5,Y,A,N,A,H,A,-,,,- ,D,,,,,C,Y,N,A,2,0,0,0,,2,37.6093199,-120.93874995,4
2014,2014-08-08,1103,8,2,11,5,N,A,N,A,H,A,A,,E,09,D,,,,,C,,N,D,2,0,0,0,21804.0,2,37.68222429,-121.04484832,3
2014,2014-08-09,2009,8,2,20,6,N,A,N,A,H,B,A,,N,08,C,,,,,E,Y,N,D,1,0,0,0,22107.0,2,37.64577461,-120.98662335,4
2014,2014-08-09,1805,8,2,18,6,Y,A,N,A,H,A,-,,,09,D,,,,,C,Y,N,A,3,0,0,0,21801.0,2,37.68894994,-120.94438991,4
2014,2014-08-10,1244,8,2,12,7,Y,A,Y,A,H,A,-,- ,,00,D,,,Y,,C,N,N,A,1,0,0,1,,2,37.6671904,-121.0331983,3
2014,2014-08-06,1650,8,2,16,3,Y,A,N,A,H,A,D,,,09,A,,,,,C,Y,N,A,1,0,0,0,21801.0,2,37.64953997,-121.01199992,4
2014,2014-08-06,1132,8,2,11,3,Y,A,N,A,H,A,D,,,- ,A,,,,,C,Y,N,D,2,0,0,0,,2,37.64591,-121.00533,3
2014,2014-08-14,731,8,2,7,4,N,A,N,A,H,A,L,04,W,05,D,,Y,,,G,N,N,A,1,0,1,0,21202.0,2,37.59479992,-120.93402726,3
2014,2014-08-11,2015,8,2,20,1,N,A,N,A,H,C,D,,W,03,C,,,,Y,C,Y,N,A,1,0,0,0,22350.0,2,37.70057529,-121.03522565,3
2014,2014-08-23,1623,8,2,16,6,N,A,N,A,H,A,M,,W,08,D,,,,,C,Y,N,D,1,0,0,0,22107.0,2,37.66776516,-121.02756495,3
2014,2014-07-27,447,7,2,4,7,N,A,N,A,H,C,D,,W,08,E,,,,,I,Y,N,D,2,0,0,0,22107.0,1,37.66732468,-120.97628918,2
2014,2014-08-03,1140,8,2,11,7,N,A,Y,A,H,A,A,07,N,03,C,,,,,C,Y,N,D,1,0,0,0,22350.0,3,37.54306965,-121.27184657,4
2014,2014-08-07,1449,8,2,14,4,N,A,Y,A,H,A,A,01,S,08,E,,,,,I,Y,N,D,1,0,0,0,22107.0,1,37.61611229,-120.98334663,4
2014,2014-08-03,1315,8,2,13,7,N,A,Y,A,H,A,A,01,W,21,C,,,,,C,N,N,D,1,0,0,0,22106.0,2,37.63825354,-120.90737259,4
2014,2014-08-01,2315,8,2,23,5,N,A,Y,A,H,C,A,01,N,08,E,,,,,I,Y,N,D,1,0,0,0,22107.0,1,37.61197799,-120.97928348,4
2014,2014-08-01,1630,8,2,16,5,N,A,Y,A,H,A,A,01,N,03,C,,,,,C,Y,N,D,1,0,0,0,22350.0,2,37.49517769,-120.87150829,4
2014,2014-08-02,1748,8,2,17,6,Y,A,Y,A,H,A,A,01,,12,D,,,,,C,Y,N,A,2,0,0,0,22450.0,2,37.63968296,-121.24776192,4
2014,2014-08-04,2215,8,2,22,1,Y,A,N,A,H,D,A,01,,12,D,,,,,C,N,N,A,1,0,0,0,22450.0,2,37.49298998,-120.99455989,4
2014,2014-07-18,1900,7,2,19,5,N,A,Y,A,H,A,A,01,N,08,E,,,,,I,Y,N,D,1,0,0,0,22107.0,1,37.58092219,-121.32091229,4
2014,2014-07-27,1600,7,2,16,7,Y,A,N,A,H,A,L,04,,08,D,,Y,,,G,N,N,A,1,0,1,0,22100.0,2,37.56154998,-120.92040997,4
2014,2014-07-27,1255,7,2,12,7,N,A,N,A,H,A,A,01,W,03,C,,,,,C,Y,N,D,2,0,0,0,22350.0,2,37.60925051,-120.88751099,4
2014,2014-07-30,250,7,2,2,3,N,A,Y,A,H,D,A,01,S,01,E,,,,,I,Y,N,D,1,0,0,0,23152.0,1,37.61591125,-120.98237077,3
2014,2014-07-20,258,7,2,2,7,N,A,N,A,H,D,-,- ,N,18,C,,,,,C,Y,N,D,1,0,0,0,,2,37.55961755,-120.83094139,2
2014,2014-07-11,2108,7,2,21,5,Y,A,N,A,H,D,A,01,,01,D,,,,,C,Y,N,A,2,0,0,0,23152.0,3,37.62159999,-121.02805998,3
2014,2014-07-27,2247,7,2,22,7,N,A,Y,A,H,C,A,01,S,01,E,,,,,I,Y,N,D,1,0,0,0,23152.0,1,37.6297533,-120.99758978,4
2014,2014-07-25,1919,7,2,19,5,N,A,Y,A,H,A,A,07,S,08,F,,,,,A,Y,N,D,3,0,0,0,22107.0,1,37.63772215,-121.00488394,3
2014,2014-07-30,2100,7,2,21,3,N,A,Y,A,H,D,A,01,E,08,E,,,,,I,Y,N,D,1,0,0,0,22107.0,1,37.73984315,-120.91882295,4
2014,2014-07-30,635,7,2,6,3,N,B,N,A,H,A,A,01,N,08,E,,,,,I,Y,N,D,1,0,0,0,22107.0,1,37.52988889,-120.7893872,2
2014,2014-08-09,1112,8,2,11,6,N,A,N,A,H,A,A,08,N,09,D,,,,,C,Y,N,D,3,0,0,0,21804.0,2,37.50772857,-120.87177716,3
2014,2014-08-09,1513,8,2,15,6,Y,A,N,A,H,A,A,01,,12,D,,,,,C,Y,N,B,1,0,0,0,21453.0,2,37.49308992,-120.84422998,4
2014,2014-08-15,712,8,2,7,5,Y,A,N,A,H,A,N,60,,11,G,Y,,,,B,N,N,A,1,1,0,0,21461.0,2,37.50737,-120.85809998,3
2014,2014-08-08,1325,8,2,13,5,Y,A,N,A,H,A,A,01,,12,-,,,,,C,Y,N,A,2,0,0,0,22450.0,2,37.4904899,-120.85265989,3
2014,2014-08-14,1901,8,2,19,4,Y,A,N,A,H,A,A,07,,12,-,,,,,C,N,N,A,1,0,0,0,21453.0,2,37.51465999,-120.86949996,4
2014,2014-08-09,1520,8,2,15,6,N,A,N,A,H,A,A,01,E,08,E,,,,,I,Y,N,A,2,0,0,0,22107.0,1,37.52909273,-120.88023313,3
2014,2014-08-15,1730,8,2,17,5,N,A,N,A,H,A,M,,N,03,C,,,,,C,N,F,A,1,0,0,0,22350.0,2,37.49285351,-120.87179474,4
2014,2014-08-18,2352,8,2,23,1,Y,A,N,A,H,C,A,01,,12,D,,,,,C,Y,N,D,1,0,0,0,22450.0,2,37.5003199,-120.86227998,4
2014,2014-08-05,1740,8,2,17,2,N,A,Y,A,H,A,D,22,W,03,C,,,,,C,Y,N,D,3,0,0,0,22350.0,3,37.63744837,-120.99846094,4
2014,2014-08-12,510,8,2,5,2,N,A,N,A,H,D,D,22,N,08,E,,,,,I,Y,N,D,1,0,0,0,22107.0,1,37.55115,-120.75555,3
2014,2014-08-06,1755,8,2,17,3,Y,A,Y,A,H,A,D,22,,09,D,,,,,C,Y,N,D,1,0,0,0,21802.0,2,37.63782699,-121.15889119,4
2014,2014-07-31,1140,7,2,11,4,N,-,N,-,-,-,-,- ,S,- ,D,,,,Y,C,Y,N,D,1,0,0,0,,2,37.636601,-120.911536,2
2014,2014-08-04,1005,8,2,10,1,N,A,Y,A,H,A,A,01,N,07,E,,,,Y,I,Y,N,D,1,0,0,0,21658.0,6,37.71121537,-121.08435943,4
2014,2014-08-09,1150,8,2,11,6,N,A,Y,A,H,A,A,07,S,03,C,,,,,C,Y,N,D,1,0,0,0,22350.0,3,37.67931757,-121.04857063,4
2014,2014-08-08,1950,8,2,19,5,N,A,N,A,H,A,A,01,S,03,C,,,,,C,Y,N,D,2,0,0,0,22350.0,2,37.50748881,-120.99461971,3
2014,2014-08-10,1705,8,2,17,7,N,A,Y,A,H,A,E,22,N,08,F,,,,,I,Y,N,D,2,0,0,0,22107.0,1,37.46949196,-121.18651608,3
2014,2014-08-11,1515,8,2,15,1,N,A,N,A,H,A,A,01,W,- ,C,,,,,C,Y,N,D,2,0,0,0,,2,37.61326,-121.02227452,4
2014,2014-08-01,100,8,2,1,5,Y,-,N,-,-,-,-,99,,12,D,,,,,C,Y,M,A,1,0,0,0,22450.0,2,37.54387996,-120.81483988,4
2014,2014-08-03,321,8,2,3,7,N,-,N,-,-,-,-,- ,W,- ,E,,,,,I,Y,M,D,1,0,0,0,,1,37.48669572,-121.09717854,3
2014,2014-08-02,1930,8,2,19,6,N,A,N,C,A,B,L,04,E,08,D,,Y,,,G,N,N,D,1,0,1,0,22107.0,2,37.60955907,-121.03987789,3
2014,2014-08-02,2250,8,2,22,6,N,A,N,A,H,C,C,02,N,01,E,,,Y,,I,Y,N,D,1,0,0,1,23152.0,1,37.60740864,-121.03044191,3
2014,2014-08-09,837,8,2,8,6,N,A,N,A,H,A,-,- ,N,00,F,,Y,,,A,N,N,D,2,0,2,0,,2,37.88947,-120.83863,3
2014,2014-08-10,1320,8,2,13,7,Y,B,N,A,H,A,A,01,,12,D,,,,,C,Y,N,A,2,0,0,0,22450.0,2,37.59469991,-120.84725995,3
2014,2014-08-10,2020,8,2,20,7,Y,A,N,-,-,B,A,01,,03,C,,,,,C,Y,N,D,4,0,0,0,22350.0,3,37.45666989,-121.00139992,3
2014,2014-08-23,1245,8,2,12,6,N,A,N,A,H,A,-,,E,21,C,,,,,C,Y,N,A,1,0,0,0,22106.0,2,37.60926,-120.97392102,4
2014,2014-08-23,1046,8,2,10,6,Y,A,N,A,H,A,-,,,09,A,,,,,C,Y,N,A,1,0,0,0,21801.0,2,37.58761999,-120.97528991,4
2014,2014-07-31,1945,7,2,19,4,N,A,Y,A,H,A,A,01,E,01,E,,,,,I,Y,N,D,1,0,0,0,23152.0,1,37.73705514,-120.92291764,3
2014,2014-08-20,1730,8,2,17,3,N,A,N,A,H,A,-,,W,03,C,,,,,C,N,N,D,1,0,0,0,22350.0,2,37.60922161,-120.9588158,4
2014,2014-08-23,2213,8,2,22,6,Y,A,N,A,H,C,A,,,08,D,,,,,C,Y,N,A,1,0,0,0,22107.0,2,37.67828994,-121.03136992,4
2014,2014-08-22,1743,8,2,17,5,Y,A,N,A,H,A,A,,,09,D,,,,,C,N,N,A,2,0,0,0,21802.0,2,37.63712991,-120.99988996,4
2014,2014-08-22,1245,8,2,12,5,N,A,N,A,H,A,A,,S,03,C,,,,,C,N,N,A,1,0,0,0,22350.0,2,37.67663078,-121.0123329,4
2014,2014-08-21,1728,8,2,17,4,Y,A,N,A,H,A,A,,,09,D,,,,,C,N,N,A,1,0,0,0,21802.0,2,37.63616999,-120.99150991,4
2014,2014-08-14,2002,8,2,20,4,Y,A,N,A,H,B,A,,,08,B,,,,,C,Y,N,D,2,0,0,0,22107.0,2,37.64967993,-120.97326998,4
2014,2014-08-21,1512,8,2,15,4,N,A,N,A,H,A,A,,N,21,C,,,,,E,N,N,D,1,0,0,0,22106.0,3,37.66509633,-121.02661,4
2014,2014-08-13,1349,8,2,13,3,Y,A,Y,A,H,A,-,,,04,C,,,,,C,Y,N,A,1,0,0,0,21703.0,2,37.68155307,-120.9942871,4
2014,2014-08-21,557,8,2,5,4,Y,A,N,A,H,B,A,,,08,C,,,,,E,Y,N,D,1,0,0,0,22107.0,2,37.66353996,-120.97163998,4
2014,2014-08-13,804,8,2,8,3,Y,A,N,A,H,A,A,,,09,D,,Y,,,G,N,N,A,1,0,1,0,21802.0,2,37.67445991,-120.93959986,4
2014,2014-08-20,704,8,2,7,3,Y,A,N,A,H,A,A,,,- ,G,Y,,,,B,N,N,A,1,1,0,0,,2,37.68897996,-120.98291991,4
2014,2014-08-12,2148,8,2,21,2,N,A,N,A,H,D,A,,W,08,C,,Y,,,G,N,N,A,1,0,1,0,22107.0,3,37.65652,-121.01378893,3
2014,2014-08-19,726,8,2,7,2,Y,A,N,A,H,A,L,,,05,D,,Y,,,G,N,N,A,1,0,1,0,21650.0,2,37.67818996,-120.94414986,3
2014,2014-08-14,1123,8,2,11,4,Y,A,N,A,H,A,A,,,12,D,,,,,C,Y,N,A,2,0,0,0,21453.0,2,37.63471992,-121.00069996,4
2014,2014-08-18,29,8,2,0,1,Y,A,N,A,H,C,A,,,12,D,,,,,C,Y,N,A,1,0,0,0,22450.0,2,37.67822996,-120.92596989,4
2014,2014-08-17,1804,8,2,18,7,Y,A,N,A,H,A,A,,,12,D,,,,,C,Y,N,A,3,0,0,0,22450.0,2,37.61652994,-121.01178998,4
2014,2014-08-16,2115,8,2,21,6,Y,A,N,A,H,C,A,,,09,A,,,,,C,Y,N,A,6,0,0,0,21801.0,2,37.62781995,-121.01184997,3
2014,2014-08-16,1123,8,2,11,6,N,A,N,A,H,A,L,04,E,05,D,,Y,,,G,N,N,A,1,0,1,0,21650.0,2,37.66358,-120.98023309,3
2014,2014-08-16,544,8,2,5,6,Y,A,Y,A,C,B,A,,,03,A,,,,,C,Y,N,A,1,0,0,0,22350.0,2,37.69735529,-121.06908778,4
2014,2014-08-15,800,8,2,8,5,N,A,N,A,H,A,A,,N,03,C,,,,,C,N,F,A,1,0,0,0,22350.0,2,37.67002435,-121.03076273,3
2014,2014-08-09,407,8,2,4,6,N,A,N,A,H,C,A,,S,03,C,,,,,C,Y,N,A,1,0,0,0,22350.0,2,37.64594883,-121.03029809,4
2014,2014-08-01,1544,8,2,15,5,Y,A,N,A,H,A,A,,,03,A,,,,,C,Y,F,D,2,0,0,0,22350.0,3,37.60257991,-121.01592994,3
2014,2014-08-19,1144,8,2,11,2,N,A,Y,A,H,A,A,,E,03,C,,,,,C,N,N,D,1,0,0,0,22350.0,2,37.63821591,-120.97715518,4
2014,2014-08-16,923,8,2,9,6,Y,A,N,A,H,A,-,,,12,D,,,,,C,N,F,A,1,0,0,0,22450.0,2,37.64242989,-120.99539987,3
2014,2014-08-15,1627,8,2,16,5,Y,A,N,A,H,A,A,,,12,D,,,,,C,Y,N,A,1,0,0,0,22450.0,3,37.68171994,-120.98735995,3
2014,2014-08-11,1053,8,2,10,1,N,A,N,-,H,A,-,,W,03,C,,,,,D,N,N,-,1,0,0,0,22350.0,2,,,4
2014,2014-08-19,731,8,2,7,2,N,A,N,A,H,A,-,,W,03,C,,,,,C,Y,N,A,2,0,0,0,22350.0,2,37.59485,-120.96713943,4
2014,2014-08-16,2223,8,2,22,6,Y,A,N,A,H,C,-,,,12,D,,,,,C,Y,F,D,1,0,0,0,22450.0,2,37.59482993,-120.97034989,3
2014,2014-08-22,1712,8,2,17,5,N,A,N,A,H,A,A,01,E,08,B,,,,,C,N,N,D,1,0,0,0,22107.0,2,37.51450841,-120.82538719,4
2014,2014-08-26,724,8,2,7,2,Y,A,Y,A,H,A,A,,,03,C,,,,,C,N,N,A,1,0,0,0,22350.0,2,37.67050946,-120.99402469,4
2014,2014-08-25,1423,8,2,14,1,N,A,N,A,H,A,A,,W,09,D,,,,,C,Y,N,D,2,0,0,0,21804.0,2,37.68917552,-120.99891129,4
2014,2014-08-25,1320,8,2,13,1,N,A,Y,A,H,A,A,,S,07,B,,,,,C,N,N,D,1,0,0,0,21658.0,2,37.68699986,-120.99427267,4
2014,2014-08-25,855,8,2,8,1,N,A,N,A,D,A,A,,W,03,C,,,,,C,Y,N,D,1,0,0,0,22350.0,3,37.67052989,-120.99857997,4
2014,2014-08-23,1829,8,2,18,6,Y,A,N,A,H,A,D,,,12,A,,,,,C,Y,N,A,3,0,0,0,21453.0,3,37.68896996,-120.98474985,3
2014,2014-08-09,1420,8,2,14,6,Y,-,Y,A,H,A,A,,,09,A,,,,,C,Y,N,A,1,0,0,0,21801.0,2,37.64049384,-121.00214169,4
2014,2014-08-16,205,8,2,2,6,N,A,N,A,H,C,A,01,N,01,C,,,,Y,C,Y,N,D,1,0,0,0,23152.0,2,37.63156395,-120.94798133,3
2014,2014-08-16,658,8,2,6,6,N,A,N,A,H,A,D,22,E,03,C,,,,,C,Y,N,D,2,0,0,0,22350.0,2,37.62379568,-120.69639747,3
2014,2014-08-18,2055,8,2,20,1,N,A,N,A,H,D,D,22,S,08,E,,,,,I,Y,N,D,1,0,0,0,22107.0,1,37.67267948,-121.06792982,4
2014,2014-08-16,1624,8,2,16,6,Y,A,Y,A,H,A,D,22,,01,C,,,,,C,N,N,A,1,0,0,0,23152.0,2,37.57399721,-121.22596592,4
2014,2014-03-18,2500,3,1,25,2,N,A,N,A,H,D,A,01,S,01,F,,,,,A,Y,N,D,0,0,0,0,23152.0,1,37.44876535,-121.00350668,1
2014,2014-04-24,1452,4,1,14,4,N,A,Y,A,H,A,A,01,S,01,C,,,,,C,Y,N,A,1,0,0,0,23152.0,2,37.53868524,-121.26557835,1
2014,2014-05-22,1307,5,1,13,4,N,A,Y,A,H,A,A,07,N,08,E,,,,,I,Y,N,D,0,0,0,0,22107.0,1,37.42865332,-121.15655985,1
2014,2014-05-16,1659,5,1,16,5,Y,A,Y,A,H,A,C,02,,09,D,,,Y,,C,Y,N,B,1,0,0,0,21801.0,2,37.76782959,-120.84783692,1
2014,2014-06-05,49,6,2,0,4,Y,A,Y,A,H,C,A,01,,01,D,,,,,C,Y,N,A,1,0,0,0,23152.0,2,37.688913,-120.99429999,1
2014,2014-06-13,822,6,2,8,5,N,A,N,A,H,A,A,01,S,07,D,,,,,C,Y,N,D,7,0,0,0,21658.0,3,37.6512625,-121.01580094,1
2014,2014-06-16,1913,6,2,19,1,Y,A,N,A,H,A,D,22,,12,D,,,,,C,Y,N,A,3,0,0,0,21453.0,2,37.70573,-121.050094,1
2014,2014-06-24,1147,6,2,11,2,Y,A,N,A,H,A,A,01,,12,D,,,,Y,C,Y,N,A,2,0,0,0,22450.0,2,37.5805,-121.01192,1
2015,2015-11-06,1952,11,3,19,5,N,A,N,A,H,C,-,- ,N,00,G,Y,,,,B,N,F,D,0,0,0,0,,2,37.6968096,-121.01263474,1
2014,2014-08-09,2050,8,2,20,6,N,A,N,A,H,C,A,01,W,09,D,,,,,C,Y,N,D,1,0,0,0,21801.0,2,37.62368,-120.93969716,4
2014,2014-08-10,1127,8,2,11,7,N,A,N,A,H,A,C,02,W,08,E,,,Y,,I,N,N,D,1,0,0,1,22107.0,1,37.48009793,-121.21110366,2
2014,2014-08-15,725,8,2,7,5,N,A,N,A,H,A,A,07,N,09,D,,,,,C,Y,N,D,1,0,0,0,21801.0,2,37.70135354,-120.84835586,4
2014,2014-08-24,845,8,2,8,7,N,A,N,A,H,A,L,04,E,08,F,,Y,,,A,N,N,A,1,0,1,0,22107.0,1,37.76189001,-120.79241116,3
2014,2014-08-17,1618,8,2,16,7,N,A,N,A,H,A,A,01,S,08,E,,,,,I,Y,N,D,1,0,0,0,22107.0,1,37.45743,-121.15928,3
2014,2014-08-19,1652,8,2,16,2,Y,A,N,A,H,A,A,01,,09,D,,,,,C,Y,N,A,1,0,0,0,21802.0,2,37.55701991,-120.91213989,4
2014,2014-08-19,1230,8,2,12,2,N,A,Y,A,H,A,D,22,E,08,F,,,,,A,Y,N,D,1,0,0,0,22107.0,1,37.64021732,-120.61496778,3
2014,2014-08-01,515,8,2,5,5,Y,A,N,A,H,D,D,22,,09,D,,,,Y,C,Y,N,A,2,0,0,0,21802.0,3,37.56595994,-121.04845996,3
2014,2014-08-18,653,8,2,6,1,Y,A,N,A,H,A,D,22,,09,D,,,,,C,Y,N,A,1,0,0,0,21802.0,2,37.50589993,-120.77601994,4
2014,2014-08-18,30,8,2,0,1,N,A,Y,A,H,D,A,07,S,01,F,,,,,I,Y,N,D,1,0,0,0,23152.0,1,37.57312727,-121.22501298,2
2014,2014-08-15,1628,8,2,16,5,N,A,Y,A,H,A,A,01,S,03,C,,,,,C,Y,N,D,1,0,0,0,22350.0,3,37.62693858,-120.99693985,4
2014,2014-08-20,800,8,2,8,3,N,A,Y,A,H,A,A,01,N,03,C,,,,,C,Y,N,D,1,0,0,0,22350.0,2,37.62952891,-120.99753742,4
2014,2014-08-16,1134,8,2,11,6,N,A,Y,A,H,A,A,07,N,03,C,,,,,C,N,N,D,4,0,0,0,22350.0,2,37.47658168,-121.19310329,4
2014,2014-08-21,1750,8,2,17,4,N,A,Y,A,H,A,A,01,S,01,C,,,,,C,Y,F,D,2,0,0,0,23152.0,2,37.57926712,-120.94306556,3
2014,2014-08-17,1959,8,2,19,7,N,A,N,A,H,D,A,01,S,03,C,,,,,C,Y,N,D,4,0,0,0,22350.0,2,37.48865097,-120.99451732,4
2014,2014-08-22,2115,8,2,21,5,N,A,Y,A,H,C,A,01,S,08,C,,,,,C,Y,N,D,2,0,0,0,22107.0,2,37.50509822,-120.87648725,4
2014,2014-08-18,625,8,2,6,1,N,A,Y,A,H,B,A,07,N,08,F,,,,,A,Y,N,D,1,0,0,0,22107.0,1,37.38361658,-121.1292583,3
2014,2014-08-31,1210,8,2,12,7,Y,A,Y,A,H,A,A,01,,09,D,,,,,C,Y,N,A,1,0,0,0,21802.0,2,37.43513201,-121.10195398,4
2014,2014-07-31,2300,7,2,23,4,N,A,N,A,H,D,A,01,S,01,E,,,,,I,Y,M,D,2,0,0,0,23152.0,1,37.46940745,-120.81882706,3
2014,2014-08-30,1126,8,2,11,6,N,A,N,A,H,A,-,- ,W,18,E,,,,,I,Y,N,A,3,0,0,0,,2,37.4644633,-121.1461684,3
2014,2014-08-25,625,8,2,6,1,N,A,Y,A,H,B,A,,S,01,C,,Y,,,G,Y,F,A,1,0,1,0,23152.0,2,37.64157479,-121.00342701,2
2014,2014-08-21,2050,8,2,20,4,Y,A,Y,A,H,C,A,,,12,D,,,,,C,Y,F,A,1,0,0,0,22450.0,2,37.62882768,-120.99737382,3
2014,2014-08-17,1316,8,2,13,7,Y,A,N,A,H,A,A,,,12,D,,,,,C,N,N,A,1,0,0,0,21453.0,3,37.51638992,-120.84881992,4
2014,2014-08-22,1815,8,2,18,5,Y,A,N,A,H,A,A,01,,12,A,,,,,C,N,N,A,3,0,0,0,22450.0,2,37.50915,-120.86322,3
2014,2014-08-08,1843,8,2,18,5,Y,A,N,A,H,A,-,,,09,A,,,,,C,Y,N,A,2,0,0,0,21453.0,3,37.49263998,-120.84370996,4
2014,2014-08-12,1229,8,2,12,2,N,A,N,A,H,A,A,01,W,04,-,,,,,C,Y,N,A,2,0,0,0,21703.0,2,37.52173051,-120.87805717,4
2014,2014-08-24,2228,8,2,22,7,Y,A,N,A,H,C,A,01,,17,B,,,,,C,Y,N,A,1,0,0,0,21451.0,2,37.49272994,-120.87179986,4
2014,2014-08-28,2015,8,2,20,4,N,A,N,A,H,C,A,,N,08,A,,,,,C,Y,N,D,2,0,0,0,22107.0,2,37.66181916,-120.97565178,3
2014,2014-07-24,1834,7,2,18,4,Y,A,N,A,H,A,A,01,,08,A,,,,,C,Y,N,D,1,0,0,0,22107.0,2,37.60925991,-120.87922995,3
2014,2014-08-30,2255,8,2,22,6,N,A,N,A,H,C,-,,W,08,B,,,,,E,Y,N,D,1,0,0,0,22107.0,2,37.66354469,-120.97175731,4
2014,2014-08-24,1234,8,2,12,7,Y,B,N,A,H,A,-,,,- ,D,,,,,C,Y,N,A,3,0,0,0,,2,37.66942999,-120.95764996,4
2014,2014-08-30,2032,8,2,20,6,N,A,N,A,H,C,-,,S,01,C,,Y,,,G,N,N,D,1,0,1,0,23153.0,2,37.66682022,-121.03010142,3
2014,2014-08-30,1755,8,2,17,6,Y,A,N,A,H,A,-,,,09,D,,,,,C,Y,N,A,2,0,0,0,21802.0,2,37.63974992,-120.9939999,4
2014,2014-08-27,1552,8,2,15,3,Y,A,N,A,H,A,-,,,09,D,,,,,C,Y,N,A,2,0,0,0,21802.0,2,37.67819989,-120.954,4
2014,2014-08-21,1110,8,2,11,4,Y,A,N,A,H,A,-,,,08,D,,,,,C,Y,N,A,1,0,0,0,22107.0,2,37.61256993,-120.99367991,4
2014,2014-08-15,2151,8,2,21,5,Y,A,N,A,H,C,-,,,03,C,,,,,C,Y,N,A,1,0,0,0,22350.0,2,37.64588997,-121.00487,4
2014,2014-08-07,1138,8,2,11,4,Y,A,N,A,H,A,-,,,12,D,,,,,C,Y,N,A,1,0,0,0,21453.0,2,37.63596997,-121.00387998,4
2014,2014-09-05,1013,9,3,10,5,N,A,Y,A,H,A,D,,N,21,D,Y,,,,E,N,N,D,1,1,0,0,22106.0,3,37.64023987,-121.00550414,3
2014,2014-08-28,1755,8,2,17,4,N,A,N,A,H,A,D,22,S,21,C,,,,,C,N,N,A,1,0,0,0,22106.0,2,37.69891881,-121.08655908,4
2014,2014-08-29,1450,8,2,14,5,N,A,Y,A,H,A,D,23,N,08,E,,,,,I,Y,N,D,1,0,0,0,22107.0,2,37.63572448,-121.00250065,4
2014,2014-08-24,443,8,2,4,7,N,A,Y,A,H,D,A,01,N,01,C,,,,Y,C,Y,N,D,1,0,0,0,23152.0,2,37.50792026,-120.87829702,3
2014,2014-08-22,1710,8,2,17,5,N,A,Y,A,H,A,D,22,N,08,F,,,,,A,Y,N,D,1,0,0,0,22107.0,1,37.66754591,-121.03400427,4
2014,2014-08-21,915,8,2,9,4,N,A,Y,A,H,A,A,07,W,21,D,,,,Y,C,Y,N,D,1,0,0,0,22106.0,2,37.64592578,-120.49670679,4
2014,2014-08-26,1055,8,2,10,2,N,A,Y,A,H,A,D,22,S,03,C,,,,,C,N,N,D,1,0,0,0,22350.0,2,37.53357505,-121.25958127,4
2014,2014-08-25,2045,8,2,20,1,N,A,N,A,H,D,D,22,E,03,E,,,,,I,Y,N,D,1,0,0,0,22350.0,1,37.78812858,-120.78755599,4
2014,2014-08-24,2136,8,2,21,7,N,A,N,A,H,D,D,22,N,01,E,,,,,I,Y,N,D,1,0,0,0,23152.0,1,37.53928199,-120.75600706,3