ACCIDENT_YEAR,COLLISION_DATE,COLLISION_TIME,MONTH,SEASON,24HOURS,DAY_OF_WEEK,INTERSECTION,WEATHER_1,STATE_HWY_IND,ROAD_SURFACE,ROAD_COND_1,LIGHTING,STWD_VEHTYPE_AT_FAULT,CHP_VEHTYPE_AT_FAULT,DIRECTION,PCF_VIOL_CATEGORY,TYPE_OF_COLLISION,PEDESTRIAN_ACCIDENT,BICYCLE_ACCIDENT,MOTORCYCLE_ACCIDENT,TRUCK_ACCIDENT,MVIW,TOW_AWAY,HIT_AND_RUN,CONTROL_DEVICE,NUMBER_INJURED,COUNT_PED_INJURED,COUNT_BICYCLIST_INJURED,COUNT_MC_INJURED,PCF_VIOLATION,PARTY_COUNT,POINT_Y,POINT_X,COLLISION_SEVERITY
2015,2015-01-22,1850,1,4,18,4,Y,A,N,A,H,C,A,,,10,G,Y,,,,B,N,N,A,1,1,0,0,21950.0,2,37.63210999,-121.00656999,4
2014,2014-11-05,1718,11,3,17,3,Y,A,Y,A,H,B,A,01,,22,D,,,,,C,Y,N,D,1,0,0,0,,2,37.66401991,-121.04160994,4
2015,2015-01-20,733,1,4,7,2,N,A,N,A,A,A,A,07,E,03,C,,,,,C,N,N,A,1,0,0,0,22350.0,2,37.52914082,-120.87606829,4
2015,2015-01-29,1135,1,4,11,4,N,A,Y,A,H,A,D,22,S,03,C,,,,,C,N,M,A,1,0,0,0,22350.0,2,37.6810211,-121.05030967,4
2015,2015-01-30,1410,1,4,14,5,N,A,N,A,H,A,C,02,E,03,A,,,Y,Y,C,Y,N,D,1,0,0,1,22350.0,2,37.78649509,-120.84151461,2
2015,2015-02-02,1426,2,4,14,1,N,A,Y,A,H,A,D,23,N,07,B,,,,,C,Y,N,D,1,0,0,0,21658.0,2,37.61547472,-120.98170338,4
2015,2015-01-26,1519,1,4,15,1,N,A,N,A,H,A,A,01,W,09,D,,,,,C,N,N,D,1,0,0,0,21800.0,3,37.58355062,-120.96518521,4
2015,2015-01-28,1510,1,4,15,3,N,A,N,A,H,A,-,,W,04,C,,,,,C,Y,N,A,1,0,0,0,21703.0,2,,,4
2015,2015-01-15,852,1,4,8,4,N,E,N,B,H,A,-,,W,07,C,,,,,E,Y,N,D,3,0,0,0,21658.0,3,37.60921367,-120.96033463,3
2015,2015-01-16,1816,1,4,18,5,Y,A,N,A,H,C,-,,,12,D,,,,,C,Y,N,A,4,0,0,0,21453.0,3,37.59477991,-120.95820988,3
2015,2015-01-18,955,1,4,9,7,N,A,N,A,H,A,-,,S,21,B,,,,,C,N,N,-,1,0,0,0,22106.0,2,37.58762254,-120.99364045,4
2015,2015-01-18,1420,1,4,14,7,Y,A,N,A,H,A,-,,,03,C,,,,,C,N,N,D,2,0,0,0,22350.0,2,37.58760989,-120.97830991,4
2015,2015-01-25,1828,1,4,18,7,N,A,N,A,H,D,A,01,E,08,E,,,,,I,Y,N,D,1,0,0,0,22107.0,1,37.42719103,-121.1873191,4
2015,2015-01-09,35,1,4,0,5,N,B,Y,A,H,D,A,08,S,08,E,,,,,I,Y,N,D,2,0,0,0,22107.0,1,37.43813255,-121.1619494,3
2015,2015-01-29,1530,1,4,15,4,N,A,Y,A,D,A,A,01,S,10,G,Y,,,,B,N,N,A,1,1,0,0,21950.0,2,37.70952577,-121.08016571,3
2015,2015-01-23,2155,1,4,21,5,N,B,Y,A,H,D,A,01,S,01,F,,,,,A,Y,N,D,1,0,0,0,23152.0,1,37.53118242,-120.88986575,3
2015,2015-02-03,430,2,4,4,2,N,E,N,A,H,D,A,01,S,08,E,,,,,J,Y,N,D,1,0,0,0,22107.0,1,37.4887109,-120.95835759,4
2015,2015-02-01,2238,2,4,22,7,N,A,Y,A,H,C,A,01,N,01,E,,,,,I,Y,N,D,1,0,0,0,23152.0,1,37.61547472,-120.98170338,3
2015,2015-02-03,925,2,4,9,2,Y,A,Y,A,H,A,G,,,03,C,,,,Y,C,Y,N,A,2,0,0,0,22350.0,3,37.63868851,-121.02987106,4
2015,2015-01-09,813,1,4,8,5,Y,B,N,A,H,A,A,07,,12,D,,,,,C,N,N,A,1,0,0,0,22450.0,2,37.59986998,-120.95224997,4
2015,2015-01-26,1400,1,4,14,1,N,A,N,A,H,A,G,26,S,00,B,,Y,,Y,G,N,N,D,1,0,1,0,21760.0,2,37.5511,-120.71283,4
2015,2015-01-16,2315,1,4,23,5,Y,A,Y,A,H,D,A,01,,01,D,,,,Y,C,Y,N,A,1,0,0,0,23152.0,2,37.53868524,-121.26557835,2
2015,2015-01-17,2145,1,4,21,6,Y,A,Y,A,H,C,D,22,,01,C,,,,,C,Y,F,A,3,0,0,0,23152.0,2,37.60810152,-120.97557474,3
2015,2015-01-29,808,1,4,8,4,N,E,N,A,H,A,F,26,S,09,D,,,,Y,C,Y,N,D,1,0,0,0,21804.0,2,37.39929818,-121.00742317,4
2015,2015-01-28,1630,1,4,16,3,N,A,Y,A,H,A,D,22,N,09,D,,,,,C,Y,N,A,2,0,0,0,21804.0,2,37.72612742,-120.9952362,4
2015,2015-01-27,1553,1,4,15,2,N,A,Y,A,H,A,C,02,E,03,D,,,Y,Y,C,Y,N,D,1,0,0,1,22350.0,2,37.75019921,-120.90543449,2
2015,2015-01-24,1330,1,4,13,6,N,B,N,A,H,A,A,01,N,08,D,,,,,C,Y,N,A,3,0,0,0,22107.0,2,37.59516462,-120.99359711,4
2015,2015-01-24,205,1,4,2,6,N,B,N,A,H,D,A,01,N,01,E,,,,,I,Y,N,D,3,0,0,0,23152.0,1,37.57587033,-120.92041771,2
2015,2015-01-22,1740,1,4,17,4,N,A,Y,A,H,C,A,01,N,03,C,,,,,C,Y,N,D,3,0,0,0,22350.0,2,37.47265418,-120.84623061,4
2015,2015-01-15,1900,1,4,19,4,Y,E,Y,A,D,E,A,01,,01,D,,,,,C,N,M,A,1,0,0,0,23152.0,2,37.71114704,-121.01305485,4
2015,2015-01-26,751,1,4,7,1,N,E,Y,A,H,A,A,07,N,08,F,,,,,A,Y,N,D,2,0,0,0,22107.0,1,37.2646797,-121.09383012,2
2015,2015-01-13,1857,1,4,18,2,N,A,N,A,H,D,A,01,N,01,E,,,,,I,Y,N,D,1,0,0,0,23152.0,1,37.71759203,-120.82654403,3
2015,2015-01-25,1515,1,4,15,7,N,A,N,A,B,A,-,- ,S,18,F,,,Y,,A,N,N,D,1,0,0,1,,1,37.88937602,-120.83812398,3
2015,2015-01-25,530,1,4,5,7,N,E,Y,B,H,D,A,01,S,08,F,,,,,A,Y,N,D,3,0,0,0,22107.0,1,37.51158503,-121.23366166,3
2015,2015-01-20,114,1,4,1,2,N,B,Y,B,H,D,A,01,W,01,C,,,,,C,Y,M,A,2,0,0,0,23152.0,2,37.71119012,-121.02898573,4
2015,2015-01-13,715,1,4,7,2,N,E,N,B,H,A,A,01,W,06,A,,,,,C,Y,N,D,1,0,0,0,21751.0,2,37.50716434,-120.92494592,2
2015,2015-01-06,1215,1,4,12,2,Y,A,N,A,H,A,A,07,,12,G,Y,,,,B,N,F,A,1,1,0,0,21453.0,2,37.54882998,-120.90190999,4
2015,2015-01-24,430,1,4,4,6,N,E,N,A,H,D,A,07,S,08,F,,,,,A,Y,N,D,1,0,0,0,22107.0,1,37.68822495,-120.91981284,4
2015,2015-01-17,2040,1,4,20,6,N,A,N,A,H,D,A,01,N,08,E,,,,,I,Y,N,D,1,0,0,0,22107.0,1,37.72742632,-120.83309881,2
2015,2015-01-07,1251,1,4,12,3,Y,A,N,A,H,A,A,01,,12,D,,,,,C,Y,N,D,1,0,0,0,22450.0,2,37.51445994,-120.82145991,4
2015,2015-01-27,1122,1,4,11,2,N,B,Y,A,H,A,I,,W,08,B,,,,,I,N,N,A,2,0,0,0,22107.0,1,37.64049384,-121.00214169,4
2015,2015-01-27,1507,1,4,15,2,N,A,N,A,H,A,-,- ,N,07,C,,,,,C,N,N,D,2,0,0,0,21658.0,3,37.66727893,-120.97570242,4
2015,2015-01-07,1644,1,4,16,3,N,A,N,A,H,C,A,,,21,C,,,,,C,N,N,A,1,0,0,0,22106.0,2,37.68487,-121.0507899,4
2015,2015-01-29,1252,1,4,12,4,Y,A,N,A,H,A,A,,,10,G,Y,,,,B,N,N,A,1,1,0,0,21950.0,2,37.68896995,-120.95797988,4
2015,2015-01-27,1554,1,4,15,2,Y,B,N,A,H,A,A,,,10,G,Y,,,,B,N,N,A,1,1,0,0,21950.0,2,37.65319998,-121.01203989,3
2015,2015-01-27,1134,1,4,11,2,N,B,N,A,H,A,A,,W,08,D,,,,,C,N,N,D,1,0,0,0,22102.0,2,37.60533282,-120.98679313,4
2015,2015-01-31,1908,1,4,19,6,Y,A,N,A,H,C,A,,,09,B,,,,,C,Y,N,A,1,0,0,0,21801.0,2,37.62782991,-121.00492986,4
2015,2015-01-30,1305,1,4,13,5,N,A,N,A,H,A,-,,N,08,A,,,,,C,Y,N,A,2,0,0,0,22107.0,3,37.6532961,-121.01203754,2
2015,2015-01-28,1514,1,4,15,3,N,A,N,A,H,A,A,,S,09,C,,,,,C,Y,N,D,2,0,0,0,21802.0,2,37.69215763,-120.92157791,4
2015,2015-01-10,2050,1,4,20,6,Y,A,Y,A,H,D,A,,,09,D,,Y,,,G,N,N,A,1,0,1,0,21802.0,2,37.66704507,-121.03361285,3
2014,2014-01-29,1614,1,4,16,3,Y,A,N,A,H,A,A,,,10,G,Y,,,,B,N,N,A,1,1,0,0,21950.0,2,37.65269988,-120.9755699,4
2015,2015-01-26,1846,1,4,18,1,Y,B,N,A,H,C,A,,,01,D,,,,,C,Y,N,A,2,0,0,0,23152.0,2,37.69428997,-120.97615992,4
2015,2015-01-13,841,1,4,8,2,Y,E,N,A,H,A,D,22,,17,A,,,,,C,N,N,A,2,0,0,0,21451.0,2,37.49265995,-120.88995993,3
2015,2015-02-07,1115,2,4,11,6,N,C,Y,B,H,A,D,22,N,03,B,,,,,C,Y,N,D,5,0,0,0,22350.0,4,37.53730927,-120.89225976,3
2015,2015-02-06,725,2,4,7,5,Y,A,Y,A,H,A,D,22,,03,C,,,,,C,Y,N,D,2,0,0,0,22350.0,3,37.71114711,-121.00627881,4
2015,2015-02-06,1905,2,4,19,5,N,B,Y,B,H,D,A,01,E,03,C,,,,,C,Y,N,D,3,0,0,0,22350.0,2,37.73274772,-120.97677418,4
2015,2015-01-31,241,1,4,2,6,N,A,Y,A,H,D,A,01,N,01,C,,,,Y,C,Y,N,D,1,0,0,0,23152.0,2,37.641005,-121.00880522,3
2015,2015-02-09,915,2,4,9,1,N,A,N,A,H,A,F,55,W,09,H,,,,Y,C,Y,N,D,1,0,0,0,21804.0,2,37.74720568,-120.91175565,4
2015,2015-01-29,330,1,4,3,4,N,E,Y,A,H,D,A,01,S,01,E,,,,,I,Y,F,D,2,0,0,0,23152.0,1,37.60287184,-120.96961786,2
2015,2015-01-27,848,1,4,8,2,N,B,N,A,H,A,A,07,S,09,-,,,,,C,Y,N,A,1,0,0,0,21801.0,2,37.51996782,-120.83989,4
2015,2015-02-07,1122,2,4,11,6,N,B,Y,B,H,A,A,07,N,03,C,,,,,C,Y,N,D,2,0,0,0,22350.0,3,37.53756813,-120.89245185,4
2015,2015-02-07,1055,2,4,10,6,N,C,Y,B,H,A,A,01,S,08,E,,,,,I,Y,N,D,2,0,0,0,22107.0,1,37.5369243,-120.89198958,3
2015,2015-02-04,2230,2,4,22,3,N,B,Y,A,H,C,-,- ,E,00,D,,,,,C,Y,N,A,2,0,0,0,,2,37.63823454,-120.91249063,3
2015,2015-02-05,925,2,4,9,4,N,B,Y,A,H,A,A,07,,08,F,,,,,A,Y,N,D,2,0,0,0,22107.0,1,37.46659844,-121.18311029,4
2014,2014-02-07,1116,2,4,11,5,N,C,Y,B,H,A,A,01,,03,C,,,,,C,N,N,D,1,0,0,0,22350.0,2,37.53766959,-120.89253319,4
2015,2015-02-06,2315,2,4,23,5,N,B,N,B,H,C,A,01,S,01,A,,,,,I,Y,M,D,1,0,0,0,23152.0,1,37.69887762,-121.08655817,3
2015,2015-02-01,1010,2,4,10,7,N,A,Y,A,H,-,A,01,S,08,E,,,,,J,Y,N,D,1,0,0,0,22107.0,1,37.51937706,-120.88440691,4
2015,2015-02-02,655,2,4,6,1,N,A,Y,A,H,A,A,01,S,03,C,,,,,C,Y,N,D,1,0,0,0,22350.0,2,37.64420975,-121.01382057,4
2015,2015-02-02,2147,2,4,21,1,Y,A,N,A,H,C,A,,,17,-,,,,,C,Y,N,A,3,0,0,0,21657.0,2,37.63565992,-121.00183998,4
2015,2015-02-03,1805,2,4,18,2,N,A,N,A,A,C,-,,E,09,C,,,,,C,Y,N,D,3,0,0,0,21804.0,2,37.68172855,-120.97460551,4
2015,2015-02-03,1516,2,4,15,2,Y,A,N,A,H,A,-,,,09,D,,,,,C,Y,N,A,2,0,0,0,21802.0,2,37.65258995,-120.96117,4
2015,2015-02-01,1447,2,4,14,7,Y,A,N,A,H,A,-,,,03,C,,,,,C,N,N,A,1,0,0,0,22350.0,2,37.60212992,-120.99356989,4
2015,2015-02-02,1357,2,4,13,1,Y,A,Y,A,H,A,A,,,12,A,,,,,I,Y,N,A,1,0,0,0,22450.0,1,37.6297533,-120.99758978,3
2015,2015-02-02,1123,2,4,11,1,N,A,Y,A,H,A,A,,N,08,D,,,,,C,N,N,D,1,0,0,0,22107.0,2,37.69054024,-120.99442336,4
2015,2015-02-02,1744,2,4,17,1,Y,A,N,A,H,C,A,,,09,H,,,,,C,Y,N,A,3,0,0,0,21453.0,2,37.66715,-120.97570991,4
2015,2015-01-26,1906,1,4,19,1,N,-,Y,A,H,C,A,,W,10,G,Y,,,,B,N,N,A,1,1,0,0,21950.0,2,37.63824,-120.92312803,3
2015,2015-02-03,2107,2,4,21,2,N,A,N,A,H,C,A,01,S,09,A,,,,,C,Y,N,A,1,0,0,0,21801.0,2,37.59476,-120.94783,3
2015,2015-01-21,941,1,4,9,3,N,B,Y,A,H,A,A,07,N,06,D,,,,,C,N,N,D,1,0,0,0,21755.0,2,37.47131894,-120.84900063,4
2015,2015-01-24,219,1,4,2,6,N,A,N,A,H,C,A,07,S,01,E,,,,,I,Y,N,A,1,0,0,0,23152.0,1,37.47504107,-120.84901208,3
2015,2015-01-17,2155,1,4,21,6,Y,A,N,A,H,C,A,01,,09,D,,,,,C,Y,N,A,2,0,0,0,21801.0,2,37.50737,-120.85809998,3
2015,2015-01-04,733,1,4,7,7,N,A,N,A,H,A,-,- ,E,00,G,Y,,,,B,N,F,D,1,1,0,0,,2,,,4
2015,2015-01-23,2356,1,4,23,5,N,A,Y,A,H,D,A,01,S,08,D,,,,,C,Y,N,A,2,0,0,0,22107.0,2,37.63945276,-121.25138881,4
2015,2015-01-24,1020,1,4,10,6,Y,E,N,A,H,-,A,01,,08,D,,,,,C,Y,N,D,2,0,0,0,22103.0,2,37.52181995,-120.82827991,3
2015,2015-02-03,1135,2,4,11,2,Y,A,N,A,H,A,A,,,03,C,,,,,C,N,N,A,1,0,0,0,22350.0,2,37.66778989,-121.03137999,4
2015,2015-03-05,2120,3,1,21,4,N,A,N,A,H,C,J,,S,03,C,,,,,C,N,N,A,1,0,0,0,22350.0,2,37.65314508,-121.01203907,4
2015,2015-03-22,1949,3,1,19,7,N,B,N,A,H,C,J,48,N,03,C,,,,,C,N,N,D,1,0,0,0,22350.0,2,37.6327314,-120.9747507,4
2015,2015-03-29,1546,3,1,15,7,Y,A,N,A,H,A,D,,,09,D,,,,,C,Y,N,A,2,0,0,0,21806.0,2,37.66715,-120.97570991,3
2015,2015-02-26,1735,2,4,17,4,N,A,Y,A,H,A,A,,S,09,D,,,,,C,N,N,D,1,0,0,0,21804.0,2,37.63821368,-120.97532776,4
2015,2015-04-13,1130,4,1,11,1,Y,A,N,A,H,A,J,,,03,C,,,,,C,N,N,A,1,0,0,0,22350.0,2,37.6412299,-120.99932997,4
2015,2015-02-04,1501,2,4,15,3,Y,A,N,A,H,A,L,,,07,-,,Y,,,G,N,N,D,1,0,1,0,21658.0,2,37.66354994,-120.96164994,3
2015,2015-02-03,1246,2,4,12,2,N,A,N,A,H,A,A,,S,10,G,Y,,,,B,N,F,D,1,1,0,0,21950.0,2,,,4
2015,2015-02-06,758,2,4,7,5,Y,B,N,A,H,A,A,,,09,D,,,,,C,N,N,A,1,0,0,0,21801.0,2,37.67813998,-120.98921988,4
2015,2015-02-05,1537,2,4,15,4,N,A,N,A,H,A,A,,N,09,A,,,,,C,Y,N,D,2,0,0,0,21804.0,2,37.69976,-120.97646,3
2015,2015-02-07,2013,2,4,20,6,Y,B,N,A,H,C,-,,,10,G,Y,,,,B,N,F,D,1,1,0,0,21950.0,2,37.63378991,-121.00674987,3
2015,2015-02-04,1117,2,4,11,3,Y,A,Y,A,H,A,A,,,12,A,,,,,C,Y,N,A,3,0,0,0,21453.0,2,37.69318419,-120.99446982,3
2015,2015-02-06,1143,2,4,11,5,N,B,N,A,H,A,D,,S,08,D,,,,,C,Y,N,D,1,0,0,0,22107.0,2,37.64724762,-120.98913903,4
2015,2015-01-23,1714,1,4,17,5,N,A,N,A,H,B,D,22,S,03,C,,,,,C,N,N,A,2,0,0,0,22350.0,3,,,4
2015,2015-01-28,1816,1,4,18,3,N,A,N,A,H,C,D,22,W,03,C,,,,,C,Y,N,A,2,0,0,0,22350.0,3,37.5217774,-120.87313398,4
2015,2015-02-01,1837,2,4,18,7,Y,A,N,A,H,B,A,01,,17,-,,,,,C,Y,N,A,6,0,0,0,21451.0,2,37.49263998,-120.84370996,3
2015,2015-02-16,1353,2,4,13,1,N,A,N,A,H,A,A,01,E,03,D,,,,,C,N,F,A,2,0,0,0,22350.0,2,37.522844,-120.881345,4
2015,2015-01-28,800,1,4,8,3,Y,A,N,A,H,A,A,,,09,A,,,,,C,Y,N,A,1,0,0,0,21802.0,2,37.68189993,-121.02987993,3
2015,2015-02-10,1820,2,4,18,2,N,A,N,A,H,C,A,,N,03,C,,,,,C,N,N,A,2,0,0,0,22350.0,2,37.67043674,-121.0312558,4
2015,2015-02-05,2321,2,4,23,4,Y,A,N,A,H,C,N,60,,11,G,Y,,,,B,N,N,D,1,1,0,0,21955.0,2,37.60200998,-120.93871986,2
2015,2015-02-15,2000,2,4,20,7,Y,A,N,A,H,C,-,,,09,D,,,,,C,Y,N,A,2,0,0,0,21801.0,2,37.59475997,-120.94782999,3
2015,2015-02-09,900,2,4,9,1,N,A,N,A,H,A,D,,E,08,H,,,,,J,Y,N,A,1,0,0,0,22107.0,1,37.62548822,-121.02527355,2
2015,2015-02-13,1725,2,4,17,5,N,A,N,A,H,B,A,,W,03,C,,,,,C,Y,N,D,2,0,0,0,22350.0,2,37.65113921,-120.96763354,3
2015,2015-02-12,1126,2,4,11,4,Y,A,N,A,H,A,A,,,17,A,,,,,C,Y,N,A,2,0,0,0,21451.0,2,37.68934998,-121.04986985,2
2015,2015-02-13,855,2,4,8,5,Y,A,N,A,H,A,D,,,09,D,,,,,C,Y,N,A,3,0,0,0,21802.0,2,37.64188998,-121.02108995,4
2015,2015-02-14,811,2,4,8,6,Y,A,N,A,H,A,A,,,12,D,,,,,C,Y,N,A,1,0,0,0,21453.0,3,37.66355994,-120.93936992,4
2015,2015-02-16,1902,2,4,19,1,Y,A,Y,A,H,C,A,,,09,D,,,,,C,Y,N,A,2,0,0,0,21801.0,2,37.64169389,-121.00356788,4
2015,2015-02-11,1056,2,4,10,3,Y,A,N,A,H,A,A,,,09,G,,Y,,,G,N,N,D,1,0,1,0,21801.0,2,37.66126993,-120.97563994,3
2015,2015-02-04,1912,2,4,19,3,Y,A,N,A,H,C,-,,,08,A,,,,,C,Y,N,A,2,0,0,0,22107.0,2,37.60200998,-120.93871986,4
2015,2015-02-14,1201,2,4,12,6,N,A,N,A,H,A,A,,E,03,C,,,,,C,N,M,A,1,0,0,0,22350.0,2,37.68932943,-121.01238214,4
2015,2015-02-11,1807,2,4,18,3,N,A,N,A,H,C,-,,E,03,C,,,,,C,N,N,A,1,0,0,0,22350.0,2,37.6532,-120.95584784,4
2015,2015-02-06,2345,2,4,23,5,N,C,N,B,H,D,A,01,W,08,E,,,,,I,Y,N,D,3,0,0,0,22107.0,1,37.80149775,-120.72724048,3
2015,2015-02-03,1814,2,4,18,2,N,A,N,A,H,C,A,08,W,08,B,Y,,,,E,N,F,D,1,1,0,0,22107.0,3,37.62581759,-121.01479773,4
2015,2015-02-06,720,2,4,7,5,N,A,N,A,H,A,A,01,E,09,D,,,,,C,Y,N,D,1,0,0,0,21804.0,2,37.71851467,-121.06123917,4
2015,2015-02-13,1,2,4,0,5,N,A,N,A,H,C,-,- ,N,09,A,,,,,C,Y,N,D,1,0,0,0,21801.0,2,,,4
2015,2015-01-31,1150,1,4,11,6,N,A,N,A,H,A,C,02,W,05,A,,,Y,,C,Y,N,D,1,0,0,1,21752.0,2,,,2
2015,2015-02-09,925,2,4,9,1,N,A,Y,A,H,A,A,01,S,03,C,,,,,C,Y,N,D,2,0,0,0,22350.0,5,37.5441893,-120.90037874,4
2015,2015-02-11,740,2,4,7,3,N,B,Y,A,H,A,D,22,S,03,C,,,,,C,Y,N,D,1,0,0,0,22350.0,2,37.60584981,-120.97300936,4
2015,2015-02-12,830,2,4,8,4,N,A,Y,A,H,A,A,01,S,03,C,,,,Y,C,Y,N,D,5,0,0,0,22350.0,6,37.61700428,-120.98680205,3
2015,2015-02-07,2305,2,4,23,6,N,B,N,A,H,D,D,22,N,05,A,,,,,C,Y,N,D,1,0,0,0,21460.0,2,37.60643312,-120.97539,4
2015,2015-02-08,1500,2,4,15,7,N,C,Y,B,H,A,A,01,N,03,D,,,,,C,N,N,D,1,0,0,0,22350.0,2,37.70930648,-121.08121736,4
2015,2015-02-15,1506,2,4,15,7,N,A,Y,A,H,A,A,01,W,03,C,,,,,C,Y,F,A,2,0,0,0,22350.0,2,37.73215216,-120.99424864,4
2015,2015-02-09,1800,2,4,18,1,N,A,Y,A,H,D,A,01,E,08,E,,,,,I,Y,N,D,1,0,0,0,22107.0,1,37.79130228,-120.87528175,3
2015,2015-02-07,1030,2,4,10,6,N,C,Y,B,H,A,A,01,N,08,C,,,,,C,Y,N,D,3,0,0,0,22107.0,3,37.53999989,-120.89489562,4
2015,2015-02-19,1416,2,4,14,4,N,B,Y,A,H,A,A,01,W,21,D,,,,,C,Y,N,D,1,0,0,0,22106.0,2,37.71120277,-121.02715408,4
2015,2015-02-12,1930,2,4,19,4,N,A,Y,A,H,C,-,- ,N,18,E,,,,,I,Y,N,D,1,0,0,0,,1,37.63089575,-120.99770206,4
2015,2015-02-09,1640,2,4,16,1,Y,A,N,A,H,A,A,01,,09,D,,,,,C,Y,N,A,2,0,0,0,21802.0,2,37.70366997,-120.99841991,4
2015,2015-02-07,1952,2,4,19,6,N,B,Y,B,H,D,A,01,S,07,F,,,,,A,Y,M,C,1,0,0,0,21658.0,2,37.49762515,-120.87281237,4
2015,2015-01-31,2109,1,4,21,6,N,B,Y,A,H,D,A,07,S,07,D,,,,,C,N,M,D,1,0,0,0,21658.0,2,37.63378672,-121.00059141,4
2015,2015-01-28,954,1,4,9,3,N,A,N,A,H,A,A,,S,08,E,,,,,I,Y,N,D,1,0,0,0,22107.0,1,37.6475171,-120.93906781,4
2015,2015-01-29,904,1,4,9,4,N,A,N,A,H,A,A,,N,03,C,,,,,C,N,N,A,1,0,0,0,22350.0,2,37.67956859,-120.9759088,4
2015,2015-01-19,1858,1,4,18,1,N,A,N,A,H,C,D,,N,07,B,,,Y,,C,Y,N,A,1,0,0,0,21658.0,2,37.66090349,-121.03113,2
2015,2015-02-23,1703,2,4,17,1,Y,B,N,A,H,A,A,,,01,D,,,,,C,Y,N,D,3,0,0,0,23152.0,2,37.6919699,-120.95803994,3
2015,2015-02-20,1451,2,4,14,5,N,A,Y,A,H,A,A,,E,08,B,,,,,C,Y,F,D,1,0,0,0,22107.0,2,37.63821604,-120.92093897,3
2015,2015-02-19,1542,2,4,15,4,N,E,N,A,H,A,D,,W,03,C,,,,,C,Y,N,D,1,0,0,0,22350.0,3,37.66051486,-121.03199341,4
2015,2015-02-19,1524,2,4,15,4,N,B,N,A,H,A,D,,N,03,C,,,,,C,N,M,D,1,0,0,0,22350.0,2,37.66409922,-120.97568662,4
2015,2015-02-18,1537,2,4,15,3,N,A,Y,A,H,A,A,,W,09,D,,,,,D,Y,F,D,1,0,0,0,21801.0,2,37.63819312,-120.96645168,4
2015,2015-02-18,1357,2,4,13,3,N,A,N,A,H,A,A,,S,04,C,,,,,C,N,N,D,2,0,0,0,21703.0,2,37.63648053,-120.99739463,4
2015,2015-02-18,817,2,4,8,3,Y,A,N,A,H,A,A,,,10,G,Y,,,,B,N,N,A,1,1,0,0,21950.0,2,37.64901989,-120.9755099,4
2015,2015-02-16,1756,2,4,17,1,Y,A,N,A,H,B,E,,,01,C,,,,,C,Y,F,A,1,0,0,0,23152.0,2,37.59496992,-120.99834,3
2015,2015-01-28,1911,1,4,19,3,Y,A,N,A,H,C,A,,,12,D,,Y,,,G,N,M,A,1,0,1,0,21453.0,2,37.66356994,-120.95757999,3
2015,2015-01-28,2124,1,4,21,3,Y,A,N,A,H,C,A,,,09,D,,,,,C,N,F,A,3,0,0,0,21801.0,2,37.6374,-121.0019999,4
2015,2015-01-31,1600,1,4,16,6,Y,A,N,A,H,B,L,,,05,D,,Y,,,G,N,N,A,1,0,1,0,21650.0,2,37.66356994,-120.95757999,4
2015,2015-02-23,2232,2,4,22,1,Y,A,Y,A,H,C,A,,,12,D,,,,,C,Y,N,A,1,0,0,0,21453.0,2,37.63839187,-120.99959524,4
2015,2015-02-24,1048,2,4,10,2,Y,A,N,A,H,A,A,,,09,D,,,,,C,Y,N,A,3,0,0,0,21453.0,2,37.68889997,-120.97608991,3
2015,2015-02-13,1400,2,4,14,5,Y,A,N,A,H,A,L,,,05,A,,Y,,,G,N,N,A,1,0,1,0,21650.0,2,37.66372999,-120.99616996,3
2015,2015-02-14,1351,2,4,13,6,Y,A,N,A,H,A,A,,,09,D,,,,,C,Y,N,A,1,0,0,0,21802.0,2,37.68894994,-120.94438991,4
2015,2015-02-20,650,2,4,6,5,Y,A,N,A,H,A,A,,,03,C,,,,,C,Y,N,D,1,0,0,0,22350.0,2,37.64433994,-120.99038992,4
2015,2015-02-19,1220,2,4,12,4,Y,A,N,A,H,A,A,,,10,D,Y,,,,B,N,N,A,1,1,0,0,21950.0,2,37.66543,-120.95757992,4
2015,2015-02-23,1244,2,4,12,1,Y,B,N,A,H,A,L,,,12,D,,Y,,,G,N,N,A,1,0,1,0,22450.0,2,37.65809992,-120.96653999,3
2015,2015-02-22,856,2,4,8,7,Y,C,N,B,H,A,D,,,09,D,,,,,C,Y,N,A,1,0,0,0,21801.0,2,37.67079998,-120.93974996,4
2015,2015-02-16,1420,2,4,14,1,N,A,N,A,-,A,A,01,E,03,-,,,,,C,Y,F,A,2,0,0,0,22350.0,3,37.5217823,-120.88045064,4
2015,2015-02-05,742,2,4,7,4,Y,E,N,A,H,A,A,01,,09,A,,,,,C,Y,N,A,2,0,0,0,21801.0,3,37.52932998,-120.86702991,3
2015,2015-02-05,1040,2,4,10,4,Y,A,N,A,H,A,-,- ,,00,D,,,,,C,Y,N,A,2,0,0,0,,2,37.52181995,-120.88137995,3
2015,2015-02-05,1658,2,4,16,4,Y,A,N,A,H,A,A,08,,12,D,,,,,C,Y,M,A,2,0,0,0,21453.0,3,37.50028994,-120.84014,4
2015,2015-02-10,910,2,4,9,2,N,A,N,A,H,A,A,01,N,08,E,,,,,I,,N,D,1,0,0,0,22107.0,1,37.68827458,-121.09550894,3
2015,2015-02-10,435,2,4,4,2,N,A,N,A,H,D,A,07,N,09,D,,,,,C,Y,N,D,2,0,0,0,21801.0,2,37.6167052,-121.03039,4
2015,2015-02-13,1817,2,4,18,5,N,A,N,A,H,D,A,01,N,08,G,Y,,,,B,Y,F,D,1,1,0,0,22107.0,2,37.56311202,-120.92346283,2
2015,2015-02-19,1523,2,4,15,4,Y,A,N,A,H,-,A,01,,09,D,,,,,C,N,N,A,1,0,0,0,21802.0,2,37.46986996,-121.13377,4
2015,2015-01-30,1858,1,4,18,5,N,A,N,A,H,C,M,,S,09,D,,,,,C,Y,N,A,2,0,0,0,21801.0,2,37.51772046,-120.87966744,4