ACCIDENT_YEAR,COLLISION_DATE,COLLISION_TIME,MONTH,SEASON,24HOURS,DAY_OF_WEEK,INTERSECTION,WEATHER_1,STATE_HWY_IND,ROAD_SURFACE,ROAD_COND_1,LIGHTING,STWD_VEHTYPE_AT_FAULT,CHP_VEHTYPE_AT_FAULT,DIRECTION,PCF_VIOL_CATEGORY,TYPE_OF_COLLISION,PEDESTRIAN_ACCIDENT,BICYCLE_ACCIDENT,MOTORCYCLE_ACCIDENT,TRUCK_ACCIDENT,MVIW,TOW_AWAY,HIT_AND_RUN,CONTROL_DEVICE,NUMBER_INJURED,COUNT_PED_INJURED,COUNT_BICYCLIST_INJURED,COUNT_MC_INJURED,PCF_VIOLATION,PARTY_COUNT,POINT_Y,POINT_X,COLLISION_SEVERITY
2015,2015-05-24,2006,5,1,20,7,N,A,N,A,H,C,A,,S,08,A,,,,,C,Y,N,D,1,0,0,0,22107.0,2,37.68106968,-120.96220571,3
2015,2015-05-24,2230,5,1,22,7,Y,A,N,A,H,C,-,- ,,12,D,,,,,C,Y,N,A,1,0,0,0,21453.0,2,37.66404999,-121.01219988,4
2015,2015-05-14,1503,5,1,15,4,Y,C,N,B,H,A,-,,,09,D,,,,,C,Y,N,A,2,0,0,0,21802.0,2,37.64432994,-121.00488997,4
2015,2015-05-16,1541,5,1,15,6,Y,A,N,A,H,A,A,,,09,D,,,,,C,Y,N,A,1,0,0,0,21802.0,2,37.69681995,-121.03700996,3
2015,2015-05-16,2103,5,1,21,6,N,A,Y,A,H,C,A,,N,03,C,,,,,C,N,N,A,2,0,0,0,22350.0,2,37.66704507,-121.03361285,4
2015,2015-05-17,1819,5,1,18,7,N,A,N,A,H,A,A,,E,12,D,,,,,C,N,N,A,1,0,0,0,22450.0,2,37.66853058,-120.96252583,4
2015,2015-05-17,2324,5,1,23,7,Y,A,Y,A,H,C,D,,,12,D,,,,,C,Y,N,A,3,0,0,0,21453.0,2,37.6372114,-120.9981781,4
2015,2015-05-18,747,5,1,7,1,N,B,Y,A,H,A,A,,W,03,E,,,,,J,Y,N,A,1,0,0,0,22350.0,1,37.63721801,-120.9874687,3
2015,2015-05-18,819,5,1,8,1,N,B,N,A,H,A,A,,S,03,A,,,,,I,Y,N,D,1,0,0,0,22350.0,1,37.6419251,-121.00020257,4
2015,2015-05-18,1133,5,1,11,1,Y,A,N,A,H,A,D,,,12,D,,,Y,,C,Y,N,A,1,0,0,1,22450.0,2,37.64121994,-120.99205991,4
2015,2015-05-18,1230,5,1,12,1,Y,A,N,A,H,A,A,,,03,C,,,,,C,Y,N,D,2,0,0,0,22350.0,3,37.64804998,-120.95728991,3
2015,2015-05-18,2020,5,1,20,1,Y,A,Y,A,H,C,L,,,11,D,,Y,,,G,N,N,A,1,0,1,0,21456.0,2,37.67419019,-120.99418627,4
2015,2015-05-11,1848,5,1,18,1,Y,A,N,A,H,A,A,,,01,E,,,,,I,Y,N,A,1,0,0,0,23152.0,1,37.65306991,-120.95738997,4
2015,2015-05-11,1343,5,1,13,1,N,A,N,A,D,A,A,01,S,03,C,,,,,C,Y,N,A,1,0,0,0,22350.0,2,37.51066207,-120.84898,4
2015,2015-05-04,1251,5,1,12,1,N,A,N,A,H,A,A,01,S,21,C,,,,,C,Y,N,A,1,0,0,0,22106.0,2,37.50027311,-120.84881,4
2015,2015-05-07,1938,5,1,19,4,N,B,N,A,H,C,A,01,W,09,D,,,,,C,Y,N,D,1,0,0,0,21804.0,2,37.5218097,-120.84963871,4
2015,2015-05-17,1554,5,1,15,7,Y,B,N,A,H,A,D,,,12,D,,,,,C,Y,N,A,2,0,0,0,21453.0,2,37.63664998,-121.00297987,4
2015,2015-04-25,1608,4,1,16,6,Y,A,N,A,H,A,A,01,,09,D,,,Y,,C,Y,N,A,1,0,0,1,21802.0,2,37.50597999,-120.84896989,4
2015,2015-04-26,205,4,1,2,7,N,A,Y,A,H,C,A,07,W,01,A,,,,,C,Y,N,A,1,0,0,0,23152.0,2,37.69982537,-120.99454681,3
2015,2015-04-21,2205,4,1,22,2,Y,A,Y,A,H,C,A,,,01,E,,,,,I,Y,N,D,1,0,0,0,23152.0,1,37.63863163,-121.00946361,2
2015,2015-06-23,1850,6,2,18,2,N,-,N,A,H,A,A,,W,09,D,,,,,C,Y,N,A,2,0,0,0,21804.0,2,37.67808,-120.95845104,3
2015,2015-06-13,2249,6,2,22,6,N,A,N,A,H,C,N,,W,11,B,Y,,,,-,N,N,D,1,1,0,0,21954.0,2,37.65321,-121.02243082,4
2015,2015-04-26,1544,4,1,15,7,N,A,Y,A,H,A,A,07,W,03,C,,,,,C,Y,N,A,2,0,0,0,22350.0,3,37.49093259,-120.86924608,4
2015,2015-05-25,1149,5,1,11,1,Y,A,N,A,H,A,A,,,09,D,,,,,D,N,N,A,2,0,0,0,21802.0,2,37.63620999,-121.02100999,4
2015,2015-05-30,1404,5,1,14,6,Y,A,N,A,H,A,A,,,09,D,,,,,C,Y,N,D,1,0,0,0,21801.0,2,37.69666988,-121.04720996,4
2015,2015-05-30,1643,5,1,16,6,Y,A,N,A,H,A,A,,,12,D,,,,,C,Y,N,A,1,0,0,0,21453.0,2,37.64598989,-121.03029996,4
2015,2015-05-30,1040,5,1,10,6,Y,A,N,A,H,A,A,,,17,A,,,,,C,Y,N,A,4,0,0,0,21451.0,2,37.64598997,-121.02105999,3
2015,2015-05-29,1945,5,1,19,5,Y,A,N,A,H,A,A,,,09,D,,Y,,,G,N,N,A,1,0,1,0,21802.0,2,37.66443992,-121.03124997,3
2015,2015-05-28,1530,5,1,15,4,N,A,N,A,H,A,A,,W,03,C,,,,,C,Y,N,A,1,0,0,0,22350.0,3,37.6705152,-120.9996163,4
2015,2015-05-26,2055,5,1,20,2,Y,A,N,A,H,C,A,,,12,D,,,,,C,N,N,A,1,0,0,0,21453.0,2,37.67148995,-121.0221399,4
2015,2015-05-19,1400,5,1,14,2,N,A,N,A,H,A,A,,E,09,D,,,Y,,C,N,N,A,1,0,0,1,21804.0,2,37.64580866,-121.00017859,3
2015,2015-05-18,748,5,1,7,1,N,A,N,A,H,A,A,,S,04,C,,,,,C,Y,N,A,1,0,0,0,21703.0,3,37.68180915,-121.01238412,4
2015,2015-05-26,820,5,1,8,2,N,A,N,A,H,A,A,,S,04,C,,,,,C,N,N,D,1,0,0,0,21703.0,2,37.66356,-120.9412,4
2015,2015-05-26,917,5,1,9,2,Y,A,N,A,H,A,A,,,09,D,,,,,C,Y,N,D,1,0,0,0,21801.0,2,37.63142995,-121.0149699,4
2015,2015-05-20,1945,5,1,19,3,Y,A,N,A,H,B,A,,,12,D,,,,,C,Y,N,D,1,0,0,0,22450.0,2,37.63140996,-121.01042999,4
2015,2015-05-26,1008,5,1,10,2,N,A,N,A,H,A,A,,W,03,F,,,,,I,Y,N,D,1,0,0,0,22350.0,1,37.6782491,-120.92152637,3
2015,2015-05-27,823,5,1,8,3,N,A,N,A,H,A,A,,E,04,C,,,,,C,N,N,D,1,0,0,0,21703.0,2,37.65144097,-120.96630517,4
2015,2015-05-28,2034,5,1,20,4,N,A,N,A,H,B,A,,E,08,A,,,,,C,Y,N,D,1,0,0,0,22107.0,2,37.63371,-120.98779,4
2015,2015-05-26,1736,5,1,17,2,N,A,N,A,H,A,A,,W,12,D,,,,,C,Y,N,A,2,0,0,0,22450.0,2,37.64430567,-120.99043472,3
2015,2015-05-30,1528,5,1,15,6,Y,A,N,-,H,A,A,,,12,D,,,,,C,Y,N,A,1,0,0,0,21453.0,2,37.64941988,-121.00746997,3
2015,2015-06-02,1442,6,2,14,2,-,A,N,A,H,A,-,,,03,D,,,,,E,,N,D,1,0,0,0,22350.0,2,37.592533,-120.955752,3
2015,2015-04-10,1247,4,1,12,5,N,A,N,A,H,A,A,08,N,03,C,,,,,E,Y,N,D,1,0,0,0,22350.0,4,37.77096164,-120.84541246,4
2015,2015-06-01,2310,6,2,23,1,N,A,Y,A,H,D,G,25,N,03,C,,,,Y,C,Y,N,D,2,0,0,0,22350.0,2,37.54199336,-121.26986801,4
2015,2015-06-02,1550,6,2,15,2,N,A,N,A,H,A,L,04,S,09,D,,Y,,Y,G,N,N,D,1,0,1,0,21804.0,2,37.61953772,-120.98526714,2
2015,2015-05-29,1510,5,1,15,5,N,A,Y,A,H,A,D,22,S,03,C,,,,,C,N,N,D,1,0,0,0,22350.0,2,37.63388732,-121.00071147,4
2015,2015-05-29,1725,5,1,17,5,N,A,Y,A,H,A,D,22,E,08,E,,,,,I,Y,N,D,1,0,0,0,22107.0,1,37.63785251,-121.13156828,3
2015,2015-06-03,505,6,2,5,3,Y,A,Y,A,H,D,D,22,,09,C,,,,,C,Y,N,A,1,0,0,0,21802.0,2,37.63968296,-121.24776192,3
2015,2015-06-06,2155,6,2,21,6,Y,A,Y,A,H,C,-,- ,,12,B,,,,,C,Y,N,A,1,0,0,0,21453.0,2,37.63872999,-120.84768452,4
2015,2015-05-29,1255,5,1,12,5,N,A,N,A,H,A,D,22,W,05,A,,,,,C,Y,N,A,3,0,0,0,21460.0,2,37.69633971,-121.07957184,3
2015,2015-06-01,1755,6,2,17,1,N,A,N,A,H,A,D,22,N,09,D,,,,,C,N,N,A,2,0,0,0,21801.0,2,37.43106924,-120.94030178,3
2015,2015-06-02,1750,6,2,17,2,N,A,N,A,H,A,D,22,N,09,C,,,,,C,Y,N,D,2,0,0,0,21802.0,2,37.74958787,-120.99557626,3
2015,2015-05-12,940,5,1,9,2,N,A,N,A,H,A,F,27,W,12,B,,,,Y,C,Y,N,D,2,0,0,0,22450.0,2,37.50719014,-120.90365425,4
2015,2015-06-01,537,6,2,5,1,Y,A,N,A,H,B,A,01,,12,D,,,,Y,C,Y,N,D,1,0,0,0,22450.0,2,37.55121994,-120.8790899,2
2015,2015-05-18,1515,5,1,15,1,N,A,Y,A,H,A,A,01,E,04,C,,,,,C,N,N,A,2,0,0,0,21703.0,2,37.63825053,-120.90810267,4
2015,2015-05-31,1235,5,1,12,7,Y,A,Y,A,H,A,D,22,,12,D,,,,,C,N,N,A,1,0,0,0,22450.0,2,37.71114704,-121.01305485,3
2015,2015-05-25,1230,5,1,12,1,Y,A,N,A,H,A,A,01,,12,D,,,,Y,C,Y,N,A,2,0,0,0,22450.0,2,37.50712997,-120.92142999,3
2015,2015-05-21,618,5,1,6,4,N,B,Y,A,H,A,A,01,S,08,D,,,,Y,C,Y,N,D,1,0,0,0,22107.0,2,37.51804466,-120.88369699,3
2015,2015-05-25,1445,5,1,14,1,N,A,N,A,H,A,A,01,S,09,D,,,,,C,Y,N,D,1,0,0,0,21802.0,2,37.59741254,-120.99360949,3
2015,2015-05-21,923,5,1,9,4,N,B,Y,A,H,A,N,60,S,11,E,Y,,,,B,N,N,D,1,1,0,0,21956.0,2,37.59261438,-120.95782648,3
2015,2015-05-06,705,5,1,7,3,N,A,N,A,H,A,D,22,E,03,C,,,,,C,N,N,A,1,0,0,0,22350.0,3,37.509415,-120.862884,4
2015,2015-05-14,750,5,1,7,4,Y,A,N,A,H,A,L,04,,09,D,,Y,,,G,N,N,A,1,0,1,0,21802.0,2,37.52169995,-120.80324994,2
2015,2015-05-24,540,5,1,5,7,N,A,N,A,H,A,D,22,S,01,E,,,,,I,Y,N,D,1,0,0,0,23152.0,1,37.31628289,-121.049234,4
2015,2015-05-26,1337,5,1,13,2,N,A,Y,A,H,A,D,22,S,08,E,,,,,I,Y,N,D,1,0,0,0,22107.0,1,37.64438308,-121.01410361,3
2015,2015-05-29,1540,5,1,15,5,N,A,Y,A,H,A,A,07,S,03,C,,,,,C,N,N,A,2,0,0,0,22350.0,2,37.54535446,-121.19471024,4
2015,2015-05-16,1355,5,1,13,6,N,A,Y,A,H,A,-,- ,W,18,A,,,,,C,Y,N,D,1,0,0,0,,3,37.77641643,-120.79953508,2
2015,2015-05-22,1456,5,1,14,5,Y,A,N,A,H,A,D,22,,09,D,,,,,C,Y,N,A,1,0,0,0,21802.0,2,37.62367994,-120.93948997,2
2015,2015-05-23,1745,5,1,17,6,N,A,Y,A,H,A,D,22,N,08,F,,,,,A,Y,N,D,3,0,0,0,22107.0,1,37.6846472,-121.05423021,3
2015,2015-05-25,1549,5,1,15,1,N,A,Y,A,H,A,A,01,S,08,B,,,,Y,C,Y,N,D,1,0,0,0,22107.0,2,37.47175158,-120.84394313,4
2015,2015-05-28,1130,5,1,11,4,N,A,Y,A,H,A,-,99,S,07,B,,,,Y,C,Y,N,D,1,0,0,0,21658.0,3,37.68056349,-121.05033105,4
2015,2015-05-20,809,5,1,8,3,Y,A,N,A,H,A,D,22,,09,D,,,,,C,Y,N,A,2,0,0,0,21802.0,2,37.29657,-121.03102986,3
2015,2015-04-11,2212,4,1,22,6,N,A,N,A,H,C,A,01,S,03,C,,,,,C,,N,A,1,0,0,0,22350.0,2,37.51451015,-120.84897,4
2015,2015-05-19,800,5,1,8,2,Y,A,N,A,H,A,-,- ,,- ,C,,,,,C,Y,N,D,1,0,0,0,,3,37.5968099,-120.86865996,4
2015,2015-05-30,808,5,1,8,6,Y,A,N,-,H,A,-,,,12,D,,,,,C,Y,N,A,1,0,0,0,21453.0,2,37.59474996,-120.93869998,4
2015,2015-05-20,938,5,1,9,3,N,A,N,A,H,A,D,22,N,12,-,,,,,E,Y,N,A,1,0,0,0,22450.0,2,37.48534098,-120.83068,3
2015,2015-06-08,1709,6,2,17,1,N,A,N,A,H,A,A,,E,04,B,,,,,C,N,N,A,1,0,0,0,21703.0,2,37.68932074,-121.01043656,4
2015,2015-06-07,1247,6,2,12,7,N,A,N,A,H,A,D,,W,08,F,,,,,E,Y,N,D,1,0,0,0,22107.0,2,37.66200961,-120.928027,3
2015,2015-05-28,848,5,1,8,4,N,A,N,A,H,A,A,01,N,09,-,,,,,E,N,N,D,1,0,0,0,21804.0,2,37.5032313,-120.83985,4
2015,2015-05-15,1330,5,1,13,5,N,A,N,A,H,A,A,08,W,21,D,Y,,,,J,N,N,D,1,1,0,0,22106.0,2,37.49176,-120.85503772,4
2015,2015-05-31,2124,5,1,21,7,Y,A,N,A,H,C,A,01,,17,C,,Y,,,G,N,F,D,1,0,1,0,21209.0,2,37.49564998,-120.86226986,4
2015,2015-05-29,2329,5,1,23,5,Y,A,N,A,H,C,A,01,,10,G,Y,,,,B,N,N,D,1,1,0,0,21950.0,2,37.48414999,-120.84617993,3
2015,2015-05-20,1512,5,1,15,3,Y,A,N,A,H,A,A,01,,10,G,Y,,,,B,N,N,A,1,1,0,0,21950.0,2,37.50036994,-120.85081996,3
2015,2015-05-24,1830,5,1,18,7,Y,A,N,A,H,B,-,- ,,00,A,,,,,C,Y,N,A,2,0,0,0,,2,37.50726998,-120.87176995,4
2015,2015-05-25,2118,5,1,21,1,N,A,N,A,H,C,A,01,S,17,A,,,,,C,Y,N,A,4,0,0,0,21451.0,2,37.51937402,-120.88089115,4
2015,2015-05-06,2043,5,1,20,3,N,A,N,A,H,C,C,02,E,05,D,,,Y,,C,N,N,D,1,0,0,1,21460.0,2,37.49266002,-120.90191531,4
2015,2015-05-29,2203,5,1,22,5,N,A,N,A,-,C,D,22,S,08,D,,,,,C,N,N,D,1,0,0,0,22107.0,2,,,4
2015,2015-06-01,900,6,2,9,1,Y,A,Y,A,H,A,A,,,12,D,,Y,,,G,Y,N,A,1,0,1,0,22450.0,2,37.63626532,-120.99704591,4
2015,2015-06-01,459,6,2,4,1,N,-,N,A,H,C,-,,W,08,A,,,,,I,Y,N,D,2,0,0,0,22107.0,1,37.65096,-120.9896981,3
2015,2015-06-01,1747,6,2,17,1,Y,A,N,A,H,A,D,,,09,D,,,,,C,Y,N,D,3,0,0,0,21802.0,2,37.66746991,-121.03036989,3
2015,2015-06-02,1202,6,2,12,2,Y,A,N,A,H,A,A,,,09,D,,,,,C,Y,N,A,4,0,0,0,21802.0,2,37.64412993,-121.00276999,3
2015,2015-05-17,1730,5,1,17,7,N,B,N,A,H,A,A,01,W,00,B,,Y,,,G,N,F,D,1,0,1,0,21760.0,2,37.74214838,-120.820351,3
2015,2015-05-25,2040,5,1,20,1,N,A,N,A,H,D,C,02,E,08,F,,,Y,,A,N,N,D,1,0,0,1,22107.0,1,37.60955091,-121.04298479,3
2015,2015-05-26,2130,5,1,21,2,N,A,Y,A,H,D,A,01,E,03,C,,,,,C,Y,N,D,2,0,0,0,22350.0,2,37.63873799,-120.83847042,4
2015,2015-05-14,1847,5,1,18,4,N,B,Y,B,H,A,A,01,E,03,C,,,,,C,N,F,A,2,0,0,0,22350.0,2,37.71149145,-120.99500742,4
2015,2015-05-21,915,5,1,9,4,N,A,N,A,H,A,A,01,N,08,E,,,,,I,Y,N,D,2,0,0,0,22107.0,1,37.54177987,-120.70333077,3
2015,2015-05-19,1631,5,1,16,2,N,B,N,A,H,A,A,07,W,06,F,,,,,A,Y,N,D,2,0,0,0,21755.0,1,37.49305044,-121.00365897,2
2015,2015-05-18,950,5,1,9,1,N,A,Y,A,H,A,A,01,N,07,E,,,,,I,Y,F,D,1,0,0,0,21658.0,2,37.52487926,-120.88733847,4
2015,2015-05-18,703,5,1,7,1,N,-,N,A,H,A,A,01,N,03,C,,,,,C,N,N,A,2,0,0,0,22350.0,3,37.68178295,-121.0953906,4
2015,2015-05-16,1500,5,1,15,6,Y,A,Y,A,H,A,A,01,,03,C,,,,,C,Y,N,D,2,0,0,0,22350.0,2,37.63857709,-120.87503628,4
2015,2015-05-29,1826,5,1,18,5,N,A,N,A,H,A,C,02,W,08,F,,,Y,,A,N,N,A,1,0,0,1,22107.0,1,37.60957303,-121.0375856,3
2015,2015-05-29,1610,5,1,16,5,Y,A,Y,A,H,A,C,02,,03,C,,,Y,,C,Y,N,D,1,0,0,1,22350.0,3,37.59091867,-120.95608286,3
2015,2015-05-29,540,5,1,5,5,N,A,Y,A,D,A,A,01,S,08,E,,,,,I,Y,N,D,1,0,0,0,22107.0,1,37.7079381,-121.07959542,4
2015,2015-05-26,1520,5,1,15,2,N,A,Y,A,H,A,A,01,S,03,C,,,,,C,N,N,D,2,0,0,0,22350.0,2,37.68122885,-121.05098188,4
2015,2015-05-17,1513,5,1,15,7,N,A,Y,A,H,A,D,22,E,03,C,,,,,C,N,N,D,3,0,0,0,22350.0,4,37.75930522,-120.86437027,4
2015,2015-02-11,1730,2,4,17,3,N,A,Y,A,H,A,D,22,E,03,C,,,,,C,Y,N,D,1,0,0,0,22350.0,3,37.76483248,-120.8513795,4
2015,2015-04-29,1109,4,1,11,3,Y,A,N,A,H,A,D,,,09,A,,,,,C,Y,N,A,1,0,0,0,21801.0,2,37.64953997,-121.01199992,4
2015,2015-05-18,1920,5,1,19,1,Y,A,N,A,H,A,A,07,,09,D,,,,,C,Y,N,A,2,0,0,0,21801.0,3,,,4
2015,2015-06-04,1111,6,2,11,4,Y,A,N,A,H,A,A,,,17,A,,,,,C,Y,N,A,2,0,0,0,21451.0,2,37.64242989,-120.99539987,4
2015,2015-06-01,430,6,2,4,1,Y,A,Y,A,H,B,-,- ,,00,D,,,,,D,Y,N,A,1,0,0,0,,2,37.49014876,-120.86852153,4
2015,2015-06-05,1142,6,2,11,5,Y,A,N,A,H,A,A,01,,17,-,,,,,C,Y,N,A,3,0,0,0,21451.0,2,37.52185992,-120.86725987,3
2015,2015-04-22,1247,4,1,12,3,Y,A,N,A,H,A,-,- ,,18,H,,,,,A,N,N,A,1,0,0,0,,1,37.52938998,-120.84908,3
2015,2015-05-10,1435,5,1,14,7,Y,A,N,A,H,A,A,01,,12,D,,,,,D,Y,N,D,3,0,0,0,21453.0,3,37.53672996,-120.84799999,4
2015,2015-05-08,2047,5,1,20,5,Y,A,Y,A,H,C,L,04,,09,H,,Y,,,G,N,N,A,1,0,1,0,21802.0,2,37.76782959,-120.84783692,2
2015,2015-05-14,1349,5,1,13,4,N,A,Y,A,H,A,A,01,E,03,C,,,,,C,N,N,A,1,0,0,0,22350.0,2,37.77271005,-120.83109262,4
2015,2015-05-19,1920,5,1,19,2,-,A,N,A,H,A,A,01,,03,C,,,,,D,N,N,D,1,0,0,0,22350.0,2,,,2
2015,2015-05-11,1433,5,1,14,1,N,A,Y,A,H,A,C,02,N,07,D,,,Y,,C,Y,N,A,1,0,0,1,21658.0,2,37.77258983,-120.85105742,3
2015,2015-05-23,1610,5,1,16,6,N,A,Y,A,H,A,-,,E,03,C,,,,,C,N,N,A,1,0,0,0,22350.0,2,37.77000149,-120.8379372,4
2015,2015-06-13,307,6,2,3,6,N,A,N,A,H,C,-,,W,08,C,,,,,E,N,F,D,1,0,0,0,22107.0,2,37.60628361,-121.01278611,4
2015,2015-06-04,1537,6,2,15,4,N,A,N,A,H,A,I,,E,21,D,,,,,C,N,N,D,1,0,0,0,22106.0,2,37.68941803,-121.01749476,4
2015,2015-05-22,1822,5,1,18,5,N,A,N,A,H,A,A,01,W,01,C,,,,,D,N,N,A,3,0,0,0,23153.0,3,37.46448,-121.14994951,2
2015,2015-06-14,612,6,2,6,7,N,A,N,A,H,A,-,,N,03,A,,,,,I,Y,M,D,1,0,0,0,22350.0,1,37.621,-120.95937,4
2015,2015-06-03,1749,6,2,17,3,N,A,N,A,H,A,N,,E,11,D,Y,,,,-,N,N,D,1,1,0,0,21954.0,2,37.59829505,-121.00961224,4
2015,2015-06-08,439,6,2,4,1,Y,A,N,A,H,C,A,,,09,D,,,,,C,N,N,A,2,0,0,0,21801.0,2,37.60921991,-121.00150992,4
2015,2015-06-02,1907,6,2,19,2,N,A,Y,A,H,A,A,,N,08,B,,,,,C,N,N,D,1,0,0,0,22107.0,2,37.64169389,-121.00356788,3
2015,2015-06-10,1727,6,2,17,3,Y,A,N,A,H,A,A,,,09,D,,,,,C,Y,N,A,2,0,0,0,21801.0,2,37.69690999,-121.03168989,3
2015,2015-06-11,558,6,2,5,4,N,A,Y,A,H,A,D,,E,12,B,,,,,C,Y,N,A,2,0,0,0,21453.0,2,37.638238,-120.92294503,3
2015,2015-06-08,706,6,2,7,1,Y,A,N,A,H,A,D,,,17,D,,,Y,,C,Y,F,A,1,0,0,1,21451.0,2,37.6301499,-120.99465992,3
2015,2015-06-08,1357,6,2,13,1,N,A,N,A,H,A,D,,S,03,-,,,,,C,N,N,A,2,0,0,0,22350.0,3,37.65266078,-121.03104218,4
2015,2015-05-27,1520,5,1,15,3,N,A,N,A,H,A,A,01,S,04,C,,,,,C,Y,N,A,1,0,0,0,21703.0,2,,,4
2015,2015-05-27,850,5,1,8,3,N,A,N,A,H,A,A,01,S,09,D,,,,,C,N,N,D,3,0,0,0,21801.0,2,37.58500861,-120.93609,4
2015,2015-05-29,240,5,1,2,5,N,A,Y,A,H,D,A,01,S,00,E,,,,,I,Y,M,D,1,0,0,0,21352.0,1,37.53707386,-120.89251636,3
2015,2015-05-27,2500,5,1,25,3,N,A,N,A,H,A,C,02,E,08,F,,,Y,,A,N,N,D,1,0,0,1,22107.0,1,37.74174221,-120.55561879,4
2015,2015-05-26,2040,5,1,20,2,N,A,Y,A,H,D,A,07,S,01,E,,,,,I,N,N,D,2,0,0,0,23152.0,1,37.57259858,-120.93519163,2
2015,2015-05-30,910,5,1,9,6,N,A,N,A,H,A,A,07,S,08,F,,,,,A,N,N,D,1,0,0,0,22107.0,1,37.36326582,-121.02603467,2
2015,2015-05-24,1645,5,1,16,7,N,A,N,A,H,A,A,07,E,01,E,,,,,I,N,N,D,2,0,0,0,23152.0,1,37.78659501,-120.84108163,3
2015,2015-05-27,1825,5,1,18,3,Y,A,N,A,H,A,A,01,,12,D,,,,,C,Y,N,D,1,0,0,0,22450.0,2,37.52173998,-120.82139988,4
2015,2015-05-26,1634,5,1,16,2,N,A,N,A,H,A,A,08,E,03,C,,,,,C,Y,N,D,2,0,0,0,22350.0,3,37.60942374,-120.98396483,4
2015,2015-05-31,1515,5,1,15,7,N,A,N,A,H,A,C,02,E,03,F,,,Y,,A,N,N,D,1,0,0,1,22350.0,1,37.77165355,-120.89840635,2
2015,2015-05-30,1607,5,1,16,6,N,A,Y,A,H,A,A,07,N,08,E,,,,,I,Y,N,D,1,0,0,0,22107.0,3,37.35301968,-121.11919422,2
2015,2015-04-08,1105,4,1,11,3,N,A,N,A,H,A,A,,E,03,A,,,,,C,Y,N,D,1,0,0,0,22350.0,2,37.64688541,-120.98517648,4
2015,2015-05-19,1517,5,1,15,2,Y,A,N,A,H,A,L,04,,05,D,,Y,,,G,N,N,A,1,0,1,0,21650.0,2,37.52658991,-120.84439,3
2015,2015-05-15,1733,5,1,17,5,N,A,N,A,H,A,A,01,W,09,D,,,Y,,C,Y,N,D,1,0,0,1,21801.0,2,37.49279,-120.86094854,4
2015,2015-05-21,1206,5,1,12,4,N,A,N,A,H,A,A,07,S,03,C,,,,,C,Y,N,A,1,0,0,0,22350.0,3,37.75909858,-120.84182853,4
2015,2015-06-12,2144,6,2,21,5,Y,A,N,A,H,C,-,,,03,C,,,,,C,N,N,A,2,0,0,0,22350.0,3,37.60932993,-120.96619989,4
2015,2015-06-12,1406,6,2,14,5,N,A,N,A,H,A,-,,,00,D,,,,,C,N,N,D,2,0,0,0,21862.0,2,37.60928998,-120.97532999,4
2015,2015-06-01,802,6,2,8,1,N,A,N,A,H,A,-,,E,03,C,,,,,E,Y,N,D,1,0,0,0,22350.0,3,,,4
2015,2015-05-27,1721,5,1,17,3,N,A,N,A,H,A,A,,W,08,C,,,,,C,N,N,A,2,0,0,0,22107.0,3,37.68930998,-121.00890993,3
2015,2015-05-23,44,5,1,0,6,N,A,N,A,H,C,A,,N,03,C,,,,,E,Y,N,A,1,0,0,0,22350.0,2,37.63745395,-121.00206396,4
2015,2015-05-29,2258,5,1,22,5,N,A,Y,A,H,C,A,,E,05,B,,,,,C,Y,F,D,1,0,0,0,21651.0,2,37.69982712,-120.99464281,4
2015,2015-06-02,1021,6,2,10,2,N,A,N,A,H,A,A,07,N,03,C,,,,,C,N,N,D,1,0,0,0,22350.0,2,37.69231851,-120.92161141,4
2015,2015-06-13,1751,6,2,17,6,Y,A,Y,A,H,A,A,01,,12,D,,,,,C,Y,N,A,1,0,0,0,22450.0,2,37.63852171,-121.04438455,4
2015,2015-06-09,745,6,2,7,2,N,A,N,A,H,A,E,22,N,03,C,,,,,C,Y,N,D,3,0,0,0,22350.0,3,,,4
2015,2015-06-11,1515,6,2,15,4,N,A,N,A,H,A,D,22,W,09,D,,,,,C,Y,N,D,1,0,0,0,21804.0,2,37.55144624,-121.0338626,4
2015,2015-06-08,609,6,2,6,1,Y,A,N,A,H,A,D,22,,12,D,,,,,C,Y,N,A,1,0,0,0,22450.0,4,,,2
2015,2015-06-14,155,6,2,1,7,N,A,Y,A,H,D,D,22,S,08,E,,,,,I,Y,N,D,1,0,0,0,22107.0,1,37.54590649,-120.90264096,4
2015,2015-06-06,2115,6,2,21,6,N,A,Y,A,H,B,C,02,E,05,D,,,Y,,C,Y,N,D,1,0,0,1,21460.0,2,37.63921703,-120.61645223,3
2015,2015-06-02,1844,6,2,18,2,N,A,Y,A,H,A,D,22,E,08,E,,,,,I,Y,N,D,2,0,0,0,22107.0,1,37.94486117,-120.92739014,2
2015,2015-06-05,518,6,2,5,5,N,A,Y,A,H,A,D,22,N,05,B,,,,,C,Y,N,D,5,0,0,0,21460.0,2,37.52908431,-121.17662165,4
2015,2015-06-09,1758,6,2,17,2,N,A,Y,A,H,E,A,01,S,07,D,,,,,C,Y,N,D,2,0,0,0,21658.0,2,37.66432542,-121.02906872,4
2015,2015-06-04,1805,6,2,18,4,Y,A,N,A,H,A,A,01,,10,G,Y,,,,B,N,N,D,1,1,0,0,21950.0,2,37.50425989,-120.84895994,3
2015,2015-06-08,1100,6,2,11,1,N,A,N,A,H,A,-,- ,W,00,E,,,,,I,N,M,D,1,0,0,0,,2,37.68174113,-121.06995451,3
2015,2015-06-10,1900,6,2,19,3,N,A,N,A,H,A,A,01,N,08,E,,,,,I,Y,N,D,1,0,0,0,22107.0,1,37.5624097,-120.9936785,4
2015,2015-06-03,2233,6,2,22,3,N,A,N,A,H,D,A,07,S,01,E,,,,,I,Y,N,D,1,0,0,0,23152.0,1,37.63343038,-120.94801096,3
2015,2015-06-09,1940,6,2,19,2,Y,B,N,A,H,A,A,01,,01,D,,,,,C,Y,N,D,1,0,0,0,23152.0,2,37.73306988,-121.04132996,3