ACCIDENT_YEAR,COLLISION_DATE,COLLISION_TIME,MONTH,SEASON,24HOURS,DAY_OF_WEEK,INTERSECTION,WEATHER_1,STATE_HWY_IND,ROAD_SURFACE,ROAD_COND_1,LIGHTING,STWD_VEHTYPE_AT_FAULT,CHP_VEHTYPE_AT_FAULT,DIRECTION,PCF_VIOL_CATEGORY,TYPE_OF_COLLISION,PEDESTRIAN_ACCIDENT,BICYCLE_ACCIDENT,MOTORCYCLE_ACCIDENT,TRUCK_ACCIDENT,MVIW,TOW_AWAY,HIT_AND_RUN,CONTROL_DEVICE,NUMBER_INJURED,COUNT_PED_INJURED,COUNT_BICYCLIST_INJURED,COUNT_MC_INJURED,PCF_VIOLATION,PARTY_COUNT,POINT_Y,POINT_X,COLLISION_SEVERITY
2015,2015-10-21,901,10,3,9,3,N,A,N,A,H,A,D,,S,08,D,,,Y,,C,Y,N,D,1,0,0,1,22107.0,2,37.68167345,-121.03647476,3
2015,2015-11-02,1550,11,3,15,1,Y,B,N,B,H,B,A,,,09,D,,,,,C,N,N,D,2,0,0,0,21802.0,2,37.64333993,-120.98924991,4
2015,2015-10-13,735,10,3,7,2,N,A,N,A,H,A,N,,N,11,G,Y,,,,B,N,N,D,1,1,0,0,21950.0,2,37.67692492,-121.03136039,3
2015,2015-11-08,2216,11,3,22,7,Y,B,N,B,H,C,A,,,08,A,,,,,I,Y,N,D,1,0,0,0,22107.0,1,37.68898995,-120.93068996,3
2015,2015-11-08,1712,11,3,17,7,Y,A,N,B,H,C,A,,,09,A,,,,,C,Y,N,A,3,0,0,0,21801.0,2,37.6301499,-120.99465992,4
2015,2015-11-06,628,11,3,6,5,Y,A,N,A,H,A,A,,,12,D,,,,,C,Y,N,A,3,0,0,0,21453.0,2,37.63544997,-120.99970994,4
2015,2015-11-02,1128,11,3,11,1,Y,A,N,A,H,A,-,- ,,00,B,,,,,C,N,N,A,4,0,0,0,,2,37.61546995,-121.01863986,4
2015,2015-10-06,2130,10,3,21,2,Y,A,N,A,H,C,A,,,01,-,,,,,C,Y,N,A,1,0,0,0,23152.0,2,37.6278199,-121.01063987,4
2015,2015-10-17,1549,10,3,15,6,N,A,N,-,H,A,L,,N,08,G,,Y,,,G,N,N,D,1,0,1,0,22107.0,2,37.66168186,-120.97564936,3
2015,2015-10-21,1128,10,3,11,3,N,A,N,A,H,A,A,,W,09,D,,,,,C,Y,N,D,1,0,0,0,21803.0,2,37.64600002,-121.02502055,4
2015,2015-10-21,1258,10,3,12,3,Y,A,N,A,H,A,D,,,03,C,,,,,C,Y,N,A,1,0,0,0,22350.0,2,37.64086991,-120.9754799,4
2015,2015-10-23,743,10,3,7,5,Y,A,N,A,H,A,A,,,05,G,Y,,,,B,N,M,A,1,1,0,0,21650.0,2,37.68206996,-121.01238986,4
2015,2015-10-23,1901,10,3,19,5,Y,A,N,A,H,C,A,,,09,D,,,,,D,Y,N,A,1,0,0,0,21801.0,2,37.68951989,-121.02658993,4
2015,2015-10-23,2024,10,3,20,5,N,A,N,A,H,C,A,,,09,D,,,Y,,C,N,N,D,2,0,0,1,21801.0,2,37.69115996,-121.06228988,2
2015,2015-10-24,739,10,3,7,6,Y,A,N,A,H,A,A,,,12,D,,,,,I,Y,N,A,1,0,0,0,21453.0,2,37.63544997,-120.99970994,4
2015,2015-10-24,1326,10,3,13,6,N,A,N,A,H,A,A,,E,07,C,,,,,C,Y,N,A,1,0,0,0,21658.0,2,37.67047018,-121.01017723,4
2015,2015-10-24,1502,10,3,15,6,N,A,N,A,H,A,A,,E,03,C,,,,,C,Y,N,A,1,0,0,0,22350.0,3,37.70062921,-121.03170779,2
2015,2015-10-26,937,10,3,9,1,Y,A,N,A,H,A,A,,,09,D,,,,,C,Y,N,A,3,0,0,0,21802.0,2,37.65996998,-120.98474987,4
2015,2015-10-26,1533,10,3,15,1,Y,A,N,A,H,A,A,,,12,D,,,,,C,Y,N,A,3,0,0,0,21453.0,2,37.66778989,-121.03137999,4
2015,2015-10-27,1700,10,3,17,2,N,A,N,A,H,B,-,- ,W,18,A,,,,,I,Y,N,D,1,0,0,0,,1,37.6888871,-120.97240113,3
2015,2015-10-28,1051,10,3,10,3,N,A,Y,A,H,A,D,,S,03,C,,,,,C,N,N,A,2,0,0,0,22350.0,3,37.66309368,-120.99402094,4
2015,2015-10-28,1852,10,3,18,3,Y,A,N,A,H,C,A,,,10,G,Y,,,,B,N,N,D,1,1,0,0,21950.0,2,37.64315999,-120.99444986,3
2015,2015-10-09,1715,10,3,17,5,N,A,N,A,H,A,A,,W,03,C,,,,,C,Y,N,A,1,0,0,0,22350.0,3,37.62093166,-121.02194559,4
2015,2015-10-25,1717,10,3,17,7,Y,A,N,-,H,A,-,- ,,12,D,,,,,C,Y,N,A,3,0,0,0,21453.0,2,37.64339992,-120.9965,4
2015,2015-10-27,1414,10,3,14,2,Y,B,N,A,H,A,A,,,09,D,,,,,C,Y,N,A,1,0,0,0,21802.0,2,37.67101993,-121.0076899,4
2015,2015-10-28,813,10,3,8,3,N,A,N,A,H,A,A,,E,04,C,,,,,C,Y,N,D,2,0,0,0,21703.0,2,37.6613,-121.03115,3
2015,2015-10-28,1854,10,3,18,3,N,A,N,A,H,C,A,,S,09,D,,,,,D,Y,N,A,1,0,0,0,21801.0,2,37.63876052,-121.00015565,4
2015,2015-10-30,1114,10,3,11,5,N,A,N,A,H,A,A,,W,09,D,,,,,C,Y,N,D,2,0,0,0,21801.0,2,37.66416738,-121.02692802,4
2015,2015-10-31,1244,10,3,12,6,N,A,N,A,H,A,A,,S,09,D,,,,,C,Y,N,A,3,0,0,0,21802.0,2,37.64315999,-120.99444986,3
2015,2015-10-31,1838,10,3,18,6,N,A,N,A,H,C,A,,E,01,C,,,,,C,N,N,D,2,0,0,0,23152.0,3,37.66367045,-120.96571091,4
2015,2015-10-31,2201,10,3,22,6,Y,A,N,A,H,D,D,,,01,D,,,,,C,Y,N,A,6,0,0,0,23152.0,2,37.62432999,-121.03043986,2
2015,2015-10-28,725,10,3,7,3,Y,B,Y,B,H,A,D,82,,03,E,,,,,I,Y,N,A,1,0,0,0,22350.0,1,37.75469932,-120.88186746,3
2015,2015-05-18,1902,5,1,19,1,Y,A,N,A,H,A,-,- ,,22,C,,,,Y,C,N,N,A,1,0,0,0,,2,37.46445997,-121.14457996,4
2015,2015-10-02,1635,10,3,16,5,Y,A,Y,A,H,A,A,01,,09,D,,,,,C,Y,N,D,1,0,0,0,21801.0,2,37.76897006,-120.84860197,4
2015,2015-10-21,1533,10,3,15,3,Y,A,Y,A,H,A,A,01,,03,H,,Y,,,G,N,N,D,1,0,1,0,22350.0,2,37.76104779,-120.86022091,3
2015,2015-10-21,1456,10,3,14,3,Y,A,Y,A,H,A,A,07,,08,D,,,,,C,Y,N,D,1,0,0,0,22107.0,2,37.76782959,-120.84783692,3
2015,2015-10-16,1547,10,3,15,5,Y,A,N,A,H,A,A,01,,08,C,,,,,C,N,N,D,1,0,0,0,22107.0,2,37.76313996,-120.84471998,4
2015,2015-10-22,1317,10,3,13,4,N,A,N,A,H,A,A,07,S,08,B,,,,,E,N,N,D,1,0,0,0,22107.0,2,37.76302598,-120.82792213,4
2015,2015-11-05,840,11,3,8,4,Y,A,Y,A,H,A,-,,,08,D,,,,,C,N,N,D,1,0,0,0,22107.0,2,37.76776644,-120.84440711,4
2015,2015-10-28,1702,10,3,17,3,Y,A,N,A,H,A,A,01,,09,D,,,,,C,Y,N,A,1,0,0,0,21801.0,3,37.52934998,-120.86235992,4
2015,2015-10-28,1614,10,3,16,3,Y,A,N,A,H,A,A,07,,09,A,,,,,D,Y,N,A,2,0,0,0,21803.0,2,37.49268999,-120.83985993,3
2015,2015-11-13,1747,11,3,17,5,N,A,N,A,H,C,D,,S,01,C,Y,,,,C,Y,N,D,1,1,0,0,23152.0,3,,,4
2015,2015-11-09,2056,11,3,20,1,N,B,N,A,H,D,-,- ,,17,A,,,,,I,Y,N,D,2,0,0,0,21701.0,1,37.59864992,-120.93687988,3
2015,2015-11-05,1851,11,3,18,4,-,A,N,A,H,C,-,,,03,C,,,,,C,Y,M,D,1,0,0,0,22350.0,3,,,4
2015,2015-10-28,1417,10,3,14,3,Y,A,N,A,H,A,A,01,,09,B,,,,,-,Y,N,A,1,0,0,0,21801.0,2,37.60930995,-120.92049995,4
2015,2015-10-20,1239,10,3,12,2,N,A,N,A,H,A,A,01,E,03,C,,,,,C,Y,N,A,1,0,0,0,22350.0,2,37.60931436,-120.96549606,4
2015,2015-10-09,1422,10,3,14,5,N,A,N,A,H,A,D,,W,01,B,,,,,E,Y,N,A,4,0,0,0,23152.0,3,37.60626041,-121.0133895,2
2015,2015-10-30,1640,10,3,16,5,Y,A,N,A,H,A,A,,,09,D,,,,,C,Y,N,A,1,0,0,0,21802.0,2,37.68934992,-121.06013999,4
2015,2015-10-21,535,10,3,5,3,Y,A,N,A,H,C,A,01,,09,D,,,,,C,Y,N,A,1,0,0,0,21801.0,2,37.4926999,-120.87634996,3
2015,2015-11-04,1430,11,3,14,3,Y,A,N,A,H,A,A,01,,09,D,,,,,C,Y,N,A,3,0,0,0,21802.0,2,37.49269996,-120.84220994,4
2015,2015-11-10,1452,11,3,14,2,Y,A,N,A,H,A,-,- ,,00,G,Y,,,,B,N,N,A,1,1,0,0,,2,37.51460998,-120.83977991,3
2015,2015-10-15,2022,10,3,20,4,N,A,N,A,H,D,D,22,N,01,A,,,,,C,Y,N,D,1,0,0,0,23152.0,2,37.49990998,-120.90358001,3
2015,2015-10-23,1421,10,3,14,5,-,A,N,A,H,A,F,21,,08,C,,,,Y,E,Y,M,D,1,0,0,0,22107.0,4,,,3
2015,2015-10-30,2012,10,3,20,5,Y,A,N,A,H,C,F,26,,- ,D,,,,Y,C,,N,A,1,0,0,0,,2,37.50737,-120.85809998,4
2015,2015-11-06,1331,11,3,13,5,Y,A,N,A,A,A,D,22,,09,D,,,,,C,Y,N,A,1,0,0,0,21802.0,2,37.48722997,-120.84604992,4
2015,2015-10-20,1449,10,3,14,2,N,A,N,A,H,A,A,07,W,07,C,,,,,C,Y,N,A,3,0,0,0,21658.0,3,37.5072663,-120.872225,3
2015,2015-10-31,1845,10,3,18,6,Y,A,N,A,H,C,A,01,,12,D,,,,,D,N,N,A,1,0,0,0,22450.0,2,37.4926499,-120.81685988,4
2015,2015-10-30,1715,10,3,17,5,N,A,N,A,H,A,-,,E,03,C,,,,,C,Y,N,A,1,0,0,0,22350.0,3,37.71093819,-120.93938866,4
2015,2015-10-28,1600,10,3,16,3,N,A,Y,A,H,A,-,,W,03,E,,,,,I,Y,N,D,1,0,0,0,22350.0,1,37.73268497,-120.96764449,4
2015,2015-11-01,1508,11,3,15,7,N,A,N,A,H,A,A,07,S,03,C,,,,,C,N,N,A,1,0,0,0,22350.0,2,37.47643993,-120.86725044,4
2015,2015-11-16,1717,11,3,17,1,N,A,N,A,H,B,-,,,03,G,Y,,,,B,N,N,D,1,1,0,0,22350.0,2,,,4
2015,2015-11-10,1740,11,3,17,2,N,A,N,A,H,C,N,60,S,11,G,Y,,,,B,N,N,D,1,1,0,0,21954.0,2,37.59960439,-120.95696,3
2015,2015-11-16,1612,11,3,16,1,Y,A,N,A,H,A,-,,,04,C,,,,,C,Y,N,D,1,0,0,0,21703.0,2,37.61397991,-120.93870995,4
2015,2015-11-16,1050,11,3,10,1,N,A,N,A,H,A,-,,N,08,B,,,,,C,Y,N,D,1,0,0,0,22107.0,2,37.72828729,-120.93124302,4
2015,2015-11-02,1850,11,3,18,1,Y,C,N,B,H,C,-,- ,,12,H,,,,,C,Y,N,A,4,0,0,0,21453.0,2,37.69115996,-121.06228988,4
2015,2015-11-09,1425,11,3,14,1,N,A,N,B,H,A,A,,W,03,C,,,,,C,N,N,D,2,0,0,0,22350.0,2,37.67801478,-120.97612363,4
2015,2015-11-11,1300,11,3,13,3,Y,A,N,B,H,A,A,,,09,D,,,,,C,Y,N,A,1,0,0,0,21800.0,3,37.68171989,-121.02231996,4
2015,2015-11-09,1245,11,3,12,1,N,B,N,B,H,C,A,,S,03,C,,,,,C,N,N,A,4,0,0,0,22350.0,4,37.66544508,-120.99394908,4
2015,2015-11-09,1516,11,3,15,1,Y,B,N,B,H,A,A,,,10,G,Y,,,,B,N,N,A,1,1,0,0,21950.0,2,37.69131997,-120.97611995,4
2015,2015-11-11,1424,11,3,14,3,N,A,N,A,H,A,A,,N,09,D,,,,,C,Y,N,D,1,0,0,0,21804.0,2,37.69169719,-121.06301895,4
2015,2015-11-06,300,11,3,3,5,Y,A,Y,A,H,C,A,,,01,A,,,,,I,Y,N,A,1,0,0,0,23152.0,1,37.64568657,-120.9937193,4
2015,2015-11-11,1300,11,3,13,3,N,A,N,A,H,A,-,,N,09,D,,,,,C,Y,N,D,1,0,0,0,21804.0,2,37.68982426,-121.01251982,3
2015,2015-11-12,1707,11,3,17,4,Y,A,N,A,H,C,-,,,08,D,,,,,C,Y,N,A,2,0,0,0,22107.0,2,37.59489997,-120.98558999,4
2015,2015-10-28,1639,10,3,16,3,N,A,Y,A,H,A,L,,N,08,B,,Y,,,G,N,N,A,1,0,1,0,22107.0,2,37.64964712,-120.99385202,4
2015,2015-11-08,1312,11,3,13,7,N,B,Y,A,H,A,A,,E,03,C,,,,,C,Y,N,A,1,0,0,0,22350.0,2,37.73796833,-120.93731889,4
2015,2015-11-18,1215,11,3,12,3,N,-,N,-,-,-,-,- ,N,- ,-,,,,,-,Y,N,-,2,0,0,0,,2,,,4
2015,2015-11-20,1924,11,3,19,5,Y,A,N,A,H,C,A,,,12,A,,,,,C,Y,M,A,1,0,0,0,21453.0,2,37.67800993,-120.97582997,4
2015,2015-11-21,1934,11,3,19,6,Y,A,N,A,H,C,A,,,12,D,,,,,C,N,N,A,1,0,0,0,22450.0,2,37.69981994,-120.95816995,4
2015,2015-11-20,2125,11,3,21,5,N,A,N,A,H,C,N,,N,11,G,Y,,,,B,N,N,D,1,1,0,0,21954.0,2,37.63885416,-120.92998007,4
2015,2015-11-22,1430,11,3,14,7,Y,A,Y,A,H,A,A,,,09,B,,,,,C,Y,N,D,3,0,0,0,21804.0,2,37.67698743,-120.99421841,4
2015,2015-11-07,830,11,3,8,6,N,A,N,A,H,A,E,,E,03,C,,,,,C,N,M,A,1,0,0,0,22350.0,2,37.63055497,-120.99414426,4
2015,2015-11-23,1153,11,3,11,1,N,A,N,A,H,A,A,,N,09,D,,,,,C,Y,N,D,2,0,0,0,21803.0,2,37.68349657,-121.04987743,3
2015,2015-11-13,1451,11,3,14,5,N,A,N,A,H,A,A,,N,06,B,,,,,C,Y,N,D,1,0,0,0,21750.0,2,37.67130799,-120.9708459,4
2015,2015-11-13,650,11,3,6,5,Y,A,Y,A,H,A,A,,,12,D,,,,,C,Y,N,A,1,0,0,0,21453.0,2,37.6372125,-120.98802247,4
2015,2015-11-13,2347,11,3,23,5,N,A,N,A,H,C,A,,E,01,A,,,,,C,Y,N,D,3,0,0,0,23152.0,3,37.66361056,-120.92851091,3
2015,2015-11-14,1049,11,3,10,6,N,A,N,A,H,A,A,,E,05,A,,,,,C,Y,N,D,2,0,0,0,21650.0,2,37.65603455,-120.93403008,2
2015,2015-11-14,1429,11,3,14,6,N,A,N,A,H,A,M,,E,03,C,,,,,E,N,N,A,1,0,0,0,22350.0,2,37.63103894,-120.97156498,3
2015,2015-11-16,1833,11,3,18,1,Y,A,N,A,H,C,-,- ,,01,D,,,,,C,Y,N,A,1,0,0,0,23153.0,2,37.63642989,-121.00082991,4
2015,2015-11-11,930,11,3,9,3,N,A,Y,B,H,A,A,,,09,D,,,,,C,N,N,A,1,0,0,0,21801.0,2,37.68479116,-120.9942401,4
2015,2015-11-17,2215,11,3,22,2,N,A,N,D,A,-,A,,S,03,D,,,,,E,Y,N,B,1,0,0,0,22350.0,1,37.68068662,-121.20505,4
2015,2015-11-12,842,11,3,8,4,Y,A,Y,A,H,A,A,,,12,D,,,,,C,Y,N,A,1,0,0,0,21453.0,2,37.63477649,-121.00177244,3
2015,2015-11-18,1036,11,3,10,3,Y,A,N,A,H,A,I,,,12,D,,,,,C,Y,N,A,1,0,0,0,21453.0,2,37.64384992,-121.00072986,4
2015,2015-11-18,1510,11,3,15,3,N,A,N,A,H,A,N,,N,11,G,Y,,,,B,N,N,A,1,1,0,0,21954.0,2,37.66409922,-120.97568662,4
2015,2015-11-18,2119,11,3,21,3,N,A,N,A,H,C,A,,E,04,C,,,,,C,N,N,A,1,0,0,0,21703.0,2,37.63672617,-121.00288047,4
2015,2015-11-20,1040,11,3,10,5,Y,A,N,A,H,A,A,,,10,G,Y,,,,B,N,N,A,1,1,0,0,21950.0,2,37.6735999,-121.0313099,4
2015,2015-11-19,2343,11,3,23,4,N,A,N,A,H,C,A,,S,08,A,,,,,E,N,F,D,1,0,0,0,22107.0,2,37.67469739,-121.01649555,4
2015,2015-10-30,1555,10,3,15,5,Y,A,Y,A,H,A,A,,,09,A,,,,,C,Y,N,A,1,0,0,0,21801.0,2,37.66352174,-120.99402678,4
2015,2015-10-28,1915,10,3,19,3,Y,A,N,A,H,C,A,,,09,D,,,,,C,Y,N,A,2,0,0,0,21801.0,2,37.67079998,-120.93974996,4
2015,2015-11-20,1150,11,3,11,5,N,A,N,A,H,A,-,- ,N,00,G,Y,,,Y,B,N,N,D,1,1,0,0,,2,37.67502909,-120.95773615,4
2015,2015-11-18,1212,11,3,12,3,N,A,N,A,H,A,A,,E,03,C,,,,,C,Y,N,A,1,0,0,0,22350.0,2,37.66747,-120.96604506,4
2015,2015-11-23,1835,11,3,18,1,N,A,N,A,H,C,A,,S,09,B,,,,,C,N,N,D,1,0,0,0,21804.0,2,37.69918149,-121.06898973,4
2015,2015-11-26,1432,11,3,14,4,N,A,N,A,H,A,-,,E,03,C,,,,,C,N,N,D,1,0,0,0,22350.0,2,37.60929994,-120.97421992,4
2015,2015-11-29,1041,11,3,10,7,Y,A,N,A,H,A,-,,,08,D,,,,,C,Y,N,D,1,0,0,0,22102.0,2,,,4
2015,2015-11-22,1751,11,3,17,7,Y,A,N,A,H,C,-,,,03,D,,,,,C,N,N,D,1,0,0,0,22350.0,2,37.58595997,-120.95691999,4
2015,2015-11-25,1247,11,3,12,3,Y,A,,A,H,A,-,,,08,F,,,,,I,Y,N,D,1,0,0,0,22107.0,1,37.60533998,-120.92511991,4
2015,2015-11-25,1437,11,3,14,3,N,A,N,B,H,A,-,,,09,D,,,,,C,Y,N,D,1,0,0,0,21801.0,2,,,4
2015,2015-11-24,750,11,3,7,2,Y,A,N,A,H,A,-,,,03,C,,,,,C,Y,N,A,1,0,0,0,22350.0,2,37.61397991,-120.93870995,4
2015,2015-11-08,1306,11,3,13,7,N,-,N,A,H,-,A,01,S,09,D,,,,,-,Y,N,D,2,0,0,0,21801.0,2,37.494475,-120.84420305,4
2015,2015-11-23,848,11,3,8,1,Y,-,N,-,-,-,A,01,,09,-,,,,,-,N,N,-,3,0,0,0,21802.0,2,37.47812997,-120.83913991,4
2015,2015-11-22,1804,11,3,18,7,Y,A,N,A,H,C,D,22,,07,D,,,,,C,Y,F,D,3,0,0,0,21658.0,3,37.50044,-120.84103989,3
2015,2015-11-17,420,11,3,4,2,N,A,N,A,H,C,D,22,E,08,A,,,,,I,Y,N,A,1,0,0,0,22107.0,1,37.52923013,-120.87283632,4
2015,2015-10-17,2045,10,3,20,6,N,A,N,A,H,D,D,22,S,01,B,,,,,C,Y,N,D,4,0,0,0,23152.0,3,37.54975202,-120.84707805,2
2015,2015-11-04,1745,11,3,17,3,Y,A,N,A,H,C,D,22,,10,G,Y,,,,B,N,N,D,1,1,0,0,21950.0,2,37.50425989,-120.84895994,4
2015,2015-10-30,154,10,3,1,5,Y,A,N,A,H,C,A,07,,12,D,,,,,C,Y,F,A,2,0,0,0,22450.0,2,37.49273994,-120.85805995,4
2015,2015-11-04,1743,11,3,17,3,N,A,N,A,H,B,A,01,E,04,C,,,,,C,Y,N,D,1,0,0,0,21703.0,2,37.49275246,-120.85112294,4
2015,2015-11-04,1434,11,3,14,3,Y,-,N,-,-,-,A,01,,12,-,,,,,-,Y,N,-,2,0,0,0,21453.0,2,37.4940599,-120.84870999,4
2015,2015-11-06,1629,11,3,16,5,Y,A,N,A,H,A,A,01,,09,C,,,Y,,C,Y,N,A,1,0,0,1,21802.0,2,37.51096,-120.85956,2
2015,2015-11-06,1252,11,3,12,5,Y,A,N,A,H,A,A,01,,00,A,,,,,C,Y,N,A,1,0,0,0,21451.0,2,37.52284988,-120.88135992,4
2015,2015-11-18,1804,11,3,18,3,N,A,N,A,H,B,A,01,N,03,-,,,,,C,N,N,A,1,0,0,0,22350.0,2,37.53276023,-120.8884311,4
2015,2015-10-11,1359,10,3,13,7,N,A,N,A,H,A,A,01,W,08,E,,,,,I,Y,N,D,1,0,0,0,22107.0,1,37.49265,-120.81704955,4
2015,2015-11-08,1112,11,3,11,7,Y,A,N,A,H,A,A,07,,12,D,,,,,C,,N,A,1,0,0,0,21453.0,2,37.53672996,-120.84799999,4
2015,2015-10-31,1544,10,3,15,6,N,A,N,A,H,A,A,01,W,03,C,,,,,C,N,F,D,4,0,0,0,22350.0,6,37.52179788,-120.87152411,3
2015,2015-11-23,1753,11,3,17,1,Y,A,N,A,H,C,A,01,,10,G,Y,,,,B,N,N,A,1,1,0,0,21950.0,2,37.49272994,-120.87179986,4
2015,2015-11-17,2252,11,3,22,2,Y,A,N,A,H,C,A,01,,12,D,,,,,C,Y,N,A,1,0,0,0,21453.0,2,37.52183999,-120.83531987,4
2015,2015-11-03,1140,11,3,11,2,Y,A,N,A,H,A,A,01,,03,C,,,,,C,Y,F,D,1,0,0,0,22350.0,2,37.47673991,-120.84901994,4
2015,2015-11-13,2346,11,3,23,5,N,A,N,A,H,C,A,01,,01,E,,,,,I,Y,N,D,1,0,0,0,23152.0,1,37.52935996,-120.85837988,3
2015,2015-11-25,1726,11,3,17,3,N,A,N,A,H,C,A,01,S,08,B,,,,,E,Y,N,D,1,0,0,0,22107.0,3,37.49138657,-120.84898282,4
2015,2015-09-26,1840,9,3,18,6,Y,A,N,A,H,A,L,,,12,D,,Y,,,G,N,N,A,1,0,1,0,21453.0,2,37.65306991,-120.95738997,4
2015,2015-12-04,1455,12,4,14,5,Y,A,N,A,H,A,-,,,08,B,,,,,D,N,N,D,1,0,0,0,21460.0,3,37.59474998,-120.94691989,4
2015,2015-12-06,1916,12,4,19,7,Y,A,N,A,H,C,-,,,08,D,,,,,C,Y,N,A,1,0,0,0,22107.0,2,37.59475997,-120.94782999,4
2015,2015-12-04,1651,12,4,16,5,N,A,N,A,H,A,-,,,03,C,,,,,D,Y,N,A,5,0,0,0,22350.0,3,37.59833991,-120.9387,3
2015,2015-12-04,815,12,4,8,5,Y,A,N,A,H,A,-,,,10,G,Y,,,,B,N,N,D,1,1,0,0,21950.0,2,37.59988999,-120.95695993,4
2015,2015-11-20,2329,11,3,23,5,Y,A,N,A,H,C,D,,,03,D,,,,,C,Y,N,A,1,0,0,0,22350.0,2,37.68943999,-121.02242992,4
2015,2015-11-20,1645,11,3,16,5,N,A,Y,A,H,B,A,,N,04,C,,,,,C,N,N,A,1,0,0,0,21703.0,2,37.67963721,-120.99416371,4
2015,2015-11-12,1515,11,3,15,4,N,A,N,A,H,A,L,,E,05,H,,Y,,,G,N,N,D,1,0,1,0,21650.0,2,37.66367979,-120.9929628,4
2015,2015-11-23,1225,11,3,12,1,Y,A,N,A,H,A,L,,,12,D,,Y,,,G,N,N,A,1,0,1,0,21453.0,2,37.66995998,-121.0306299,4
2015,2015-11-22,1729,11,3,17,7,Y,A,N,A,H,C,N,,,11,G,Y,,,,B,N,N,A,1,1,0,0,21456.0,2,37.6781999,-120.94797,2
2015,2015-11-25,1335,11,3,13,3,N,B,N,A,H,A,A,,S,09,D,,,,,C,Y,N,D,2,0,0,0,21804.0,2,37.68057523,-121.01235907,4
2015,2015-11-24,1545,11,3,15,2,Y,A,N,B,H,A,A,01,,10,G,Y,,,,B,N,N,A,1,1,0,0,21950.0,2,37.5163999,-120.84896987,3
2015,2015-11-24,741,11,3,7,2,Y,A,N,A,H,A,A,,,09,D,,,,,C,Y,N,A,1,0,0,0,21802.0,2,37.67401994,-120.97574987,3
2015,2015-11-22,1052,11,3,10,7,N,A,N,A,H,A,A,,S,03,C,,,,,C,Y,N,D,2,0,0,0,22350.0,3,37.69975136,-120.95816846,4
2015,2015-11-22,657,11,3,6,7,Y,E,N,A,H,A,-,- ,,12,D,,,,,C,Y,N,A,2,0,0,0,21453.0,2,37.63565992,-121.00183998,4
2015,2015-10-07,1948,10,3,19,3,Y,A,Y,A,H,C,A,,,12,D,,,,,C,Y,N,A,2,0,0,0,21455.0,5,37.66755703,-121.03472288,4
2015,2015-11-21,1748,11,3,17,6,N,A,N,A,H,C,A,,E,08,C,,,,,E,Y,N,D,1,0,0,0,22107.0,2,37.68541,-121.0188371,4
2015,2015-11-21,1205,11,3,12,6,N,A,Y,A,H,A,A,,N,04,C,,,,,C,N,N,A,1,0,0,0,21703.0,2,37.67919574,-120.99415755,4
2015,2015-11-26,1441,11,3,14,4,Y,A,N,A,-,A,A,,,12,D,,,,,C,Y,N,A,2,0,0,0,21453.0,2,37.64598997,-121.02105999,4
2015,2015-11-26,437,11,3,4,4,N,A,Y,A,H,C,A,,N,08,A,,,,,I,Y,N,A,1,0,0,0,22107.0,1,37.6364967,-120.99107435,3
2015,2015-11-30,1513,11,3,15,1,Y,A,N,A,H,A,A,,,09,D,,,,,C,,N,A,2,0,0,0,21802.0,2,37.69659999,-121.05459993,4
2015,2015-11-29,2316,11,3,23,7,N,A,N,A,H,C,D,,W,08,E,,,,,I,Y,N,D,1,0,0,0,22107.0,1,37.64871806,-120.97647406,2
2015,2015-11-17,945,11,3,9,2,N,A,Y,A,H,A,D,,S,03,C,,,,,C,Y,N,A,1,0,0,0,22350.0,2,37.66822852,-120.99399903,4
2015,2015-11-27,1650,11,3,16,5,Y,A,N,A,H,A,E,,,12,D,,Y,,,G,N,N,A,1,0,1,0,21453.0,2,37.67717993,-121.01233992,4
2015,2015-11-27,1222,11,3,12,5,N,A,N,A,H,A,-,- ,E,18,C,,,,,C,Y,N,A,3,0,0,0,,2,37.68951734,-121.02645181,3
2015,2015-11-19,2329,11,3,23,4,N,A,N,A,H,C,A,,S,01,D,,,,Y,C,Y,N,D,2,0,0,0,23152.0,2,37.5973027,-120.99360746,2
2015,2015-12-03,1730,12,4,17,4,Y,C,N,B,H,C,A,,,12,D,,,,,C,N,N,A,1,0,0,0,22450.0,2,37.67805996,-120.96683997,4
2015,2015-12-03,1550,12,4,15,4,Y,C,N,B,H,B,A,,,09,A,,,,,C,Y,N,A,4,0,0,0,21801.0,2,37.68167993,-120.97598987,4
2015,2015-12-03,828,12,4,8,4,Y,B,N,A,H,A,A,,,00,-,,,,,C,Y,N,A,1,0,0,0,21801.0,2,37.6540599,-120.9755799,4
2015,2015-12-01,1811,12,4,18,2,Y,A,N,A,H,C,A,,,17,D,,,,,C,Y,N,A,1,0,0,0,21461.0,2,,,4
2015,2015-12-01,1757,12,4,17,2,N,A,N,A,H,C,L,,S,08,-,,Y,,,G,N,N,D,1,0,1,0,22107.0,2,37.63757135,-121.01185066,3
2015,2015-12-01,1717,12,4,17,2,N,A,N,A,H,C,A,,E,03,C,,,,,C,Y,N,D,1,0,0,0,22350.0,3,37.65052269,-120.97029644,4
2015,2015-12-01,1519,12,4,15,2,N,A,N,A,H,A,A,,N,03,C,,,,,C,Y,N,A,1,0,0,0,22350.0,2,37.65789807,-120.92122259,4
2015,2015-12-01,1601,12,4,16,2,N,A,Y,-,H,A,L,,S,05,A,,Y,,,G,N,N,D,1,0,1,0,21202.0,2,37.6381978,-120.97131645,4
2015,2015-12-01,657,12,4,6,2,Y,A,Y,A,H,A,E,,,08,A,,,,,C,Y,N,A,1,0,0,0,22107.0,2,37.63825754,-120.92646728,4