ACCIDENT_YEAR,COLLISION_DATE,COLLISION_TIME,MONTH,SEASON,24HOURS,DAY_OF_WEEK,INTERSECTION,WEATHER_1,STATE_HWY_IND,ROAD_SURFACE,ROAD_COND_1,LIGHTING,STWD_VEHTYPE_AT_FAULT,CHP_VEHTYPE_AT_FAULT,DIRECTION,PCF_VIOL_CATEGORY,TYPE_OF_COLLISION,PEDESTRIAN_ACCIDENT,BICYCLE_ACCIDENT,MOTORCYCLE_ACCIDENT,TRUCK_ACCIDENT,MVIW,TOW_AWAY,HIT_AND_RUN,CONTROL_DEVICE,NUMBER_INJURED,COUNT_PED_INJURED,COUNT_BICYCLIST_INJURED,COUNT_MC_INJURED,PCF_VIOLATION,PARTY_COUNT,POINT_Y,POINT_X,COLLISION_SEVERITY
2016,2016-08-04,1212,8,2,12,4,N,A,N,A,H,A,A,,N,03,C,,,,,C,Y,N,A,1,0,0,0,22350.0,2,37.66754527,-120.9757,4
2016,2016-08-05,1748,8,2,17,5,N,A,N,A,H,A,A,,W,04,C,,,,,C,Y,N,D,1,0,0,0,21703.0,4,,,4
2016,2016-08-05,1536,8,2,15,5,N,A,N,A,H,A,D,,S,09,D,,,,,C,Y,N,D,1,0,0,0,21801.0,2,37.68878082,-121.01249919,4
2016,2016-08-08,1423,8,2,14,1,Y,A,N,A,H,A,E,,,09,H,,,,,C,Y,N,A,1,0,0,0,21801.0,2,37.63211995,-120.99201995,4
2016,2016-08-05,201,8,2,2,5,N,A,N,A,H,C,A,,N,08,E,,,,,I,Y,F,D,1,0,0,0,22107.0,1,37.67792943,-121.03949105,2
2016,2016-08-07,1733,8,2,17,7,Y,A,N,A,H,A,A,,,10,G,Y,,,,B,N,F,D,1,1,0,0,21950.0,2,37.67081989,-120.9481299,2
2016,2016-08-04,1455,8,2,14,4,N,A,N,A,H,A,A,,S,03,C,,,,,C,Y,N,A,2,0,0,0,22350.0,2,37.66376809,-121.02201346,4
2016,2016-08-05,2012,8,2,20,5,Y,A,N,A,H,A,A,,,12,D,,,,,C,Y,N,A,1,0,0,0,21453.0,2,37.66942999,-120.95764996,4
2016,2016-08-04,2329,8,2,23,4,N,A,N,A,H,C,L,,W,09,D,,Y,,,G,N,F,D,1,0,1,0,21803.0,2,37.65300909,-120.95790241,3
2016,2016-08-04,2115,8,2,21,4,Y,A,N,-,H,C,A,,,09,D,,,,,C,Y,N,A,2,0,0,0,21802.0,2,37.67822996,-120.92596989,4
2016,2016-08-01,1338,8,2,13,1,N,A,Y,A,H,A,A,,S,03,C,,,,,C,Y,N,D,2,0,0,0,22350.0,2,37.64964712,-120.99385202,4
2016,2016-08-03,1510,8,2,15,3,Y,A,N,A,H,A,D,,,09,D,,,,,C,N,N,A,1,0,0,0,21801.0,2,37.63211995,-120.99201995,4
2016,2016-07-29,1225,7,2,12,5,Y,A,N,A,H,A,A,,,09,D,,,,,C,Y,N,A,2,0,0,0,21453.0,2,37.6374,-121.0019999,4
2016,2016-07-27,1355,7,2,13,3,Y,A,N,A,H,A,D,22,,09,D,,,,,C,Y,N,D,1,0,0,0,21802.0,2,37.48224993,-120.84897995,4
2016,2016-07-18,1542,7,2,15,1,N,A,Y,A,H,A,D,22,E,03,C,,,,,-,Y,N,A,1,0,0,0,22350.0,4,37.73265319,-120.95352312,4
2016,2016-07-02,1027,7,2,10,6,N,A,N,A,H,A,-,,S,12,D,,,,,C,N,N,A,1,0,0,0,21453.0,2,37.73264254,-120.92214953,3
2016,2016-07-18,1502,7,2,15,1,Y,A,N,A,H,A,L,04,,05,D,,Y,,,G,N,N,A,1,0,1,0,21650.0,2,37.73080995,-120.95862,3
2016,2016-08-03,1131,8,2,11,3,N,A,Y,A,H,A,A,01,S,09,D,,,,,C,N,N,D,3,0,0,0,21801.0,5,37.30808652,-121.01843849,3
2016,2016-08-07,1415,8,2,14,7,Y,A,N,A,H,A,A,01,,09,D,,,,,C,Y,N,D,2,0,0,0,21804.0,2,37.58764999,-120.99363993,4
2016,2016-05-16,825,5,1,8,1,Y,A,N,A,H,A,A,,,06,G,Y,,,,B,N,N,A,1,1,0,0,21951.0,2,37.64583995,-120.98787999,3
2016,2016-07-17,1100,7,2,11,7,Y,A,N,A,H,A,D,,,17,H,,,,,C,Y,N,A,2,0,0,0,21451.0,2,37.62781995,-121.01184997,3
2016,2016-08-09,749,8,2,7,2,N,A,N,A,H,A,A,,E,09,D,,,,,C,Y,N,-,1,0,0,0,21804.0,2,37.64995258,-120.92095734,3
2016,2016-08-09,1046,8,2,10,2,Y,A,N,A,H,A,A,,,12,D,,,,,C,Y,N,A,6,0,0,0,21453.0,3,37.66778989,-121.03137999,3
2016,2016-08-02,1945,8,2,19,2,N,A,N,A,H,A,A,,,08,D,,Y,,,G,N,N,D,1,0,1,0,22107.0,2,,,3
2016,2016-08-08,1657,8,2,16,1,N,A,N,A,H,A,D,,,09,D,,,,,C,Y,N,A,1,0,0,0,21804.0,3,,,4
2016,2016-08-07,1439,8,2,14,7,Y,A,N,A,H,A,L,,,09,D,,Y,,,G,N,N,A,1,0,1,0,21804.0,2,37.70028994,-121.05005994,3
2016,2016-08-03,1725,8,2,17,3,N,A,N,A,H,A,D,,N,03,C,,,,,C,Y,N,D,1,0,0,0,22350.0,3,37.66806179,-121.00766,4
2016,2016-08-09,2002,8,2,20,2,Y,A,N,A,H,B,A,,,08,A,,,,,I,N,N,A,2,0,0,0,22107.0,1,37.64543994,-120.93420996,4
2016,2016-08-10,1251,8,2,12,3,Y,A,N,A,H,A,A,,,12,D,,,,,C,Y,N,A,2,0,0,0,21453.0,2,37.64006995,-120.95720987,3
2016,2016-08-10,812,8,2,8,3,Y,A,N,A,H,A,A,,,09,A,,,,,C,Y,N,A,1,0,0,0,21802.0,2,37.60068988,-120.99353992,4
2016,2016-08-12,2056,8,2,20,5,Y,A,N,A,H,A,A,,,12,D,,,,,C,Y,N,A,1,0,0,0,21453.0,2,37.64598989,-121.03029996,3
2016,2016-08-10,2115,8,2,21,3,N,A,N,A,H,C,A,,N,09,D,,,,,C,Y,N,A,2,0,0,0,21801.0,2,37.65308549,-121.0074603,3
2016,2016-08-13,1850,8,2,18,6,N,A,N,A,H,A,L,,W,08,D,,Y,,,G,N,N,A,1,0,1,0,22107.0,2,37.6819,-121.03145,2
2016,2016-08-14,1220,8,2,12,7,Y,A,N,A,H,A,A,,,12,-,,,,,C,Y,N,A,2,0,0,0,21453.0,2,37.67148995,-121.0221399,4
2016,2016-08-14,2100,8,2,21,7,Y,A,N,A,H,C,N,,,11,G,Y,,,,B,N,N,A,1,1,0,0,21954.0,2,37.62163995,-121.0208899,4
2016,2016-08-09,1503,8,2,15,2,Y,A,Y,A,H,A,A,,,08,D,,,,,C,Y,N,A,1,0,0,0,21460.0,3,37.63817704,-120.95490998,4
2016,2016-08-05,1106,8,2,11,5,N,A,Y,A,H,A,D,,E,03,C,,,,,C,N,N,A,1,0,0,0,22350.0,2,37.63799425,-120.98299186,4
2016,2016-08-02,1419,8,2,14,2,N,A,Y,A,H,A,A,,N,03,C,,,,,C,N,N,A,1,0,0,0,22350.0,2,37.66704507,-121.03361285,4
2016,2016-08-15,1300,8,2,13,1,Y,A,N,A,H,A,A,07,,12,D,,,,,C,Y,N,A,2,0,0,0,22450.0,2,37.5948299,-120.92046986,4
2016,2016-08-15,1519,8,2,15,1,Y,A,N,A,H,A,-,- ,,08,A,,,,,C,N,N,D,1,0,0,0,22107.0,2,37.58355998,-120.96601988,4
2016,2016-07-21,836,7,2,8,4,N,A,N,A,H,A,G,,S,08,B,,,,Y,C,N,N,A,1,0,0,0,22108.0,2,37.63401211,-120.99437039,4
2016,2016-07-21,1654,7,2,16,4,N,A,N,A,H,A,A,,W,03,C,,,,,C,Y,N,D,1,0,0,0,22350.0,2,,,4
2016,2016-08-16,1607,8,2,16,2,N,A,N,A,H,A,A,,W,08,D,,,,,C,N,M,A,1,0,0,0,22107.0,2,37.65319982,-121.01212635,4
2016,2016-08-11,821,8,2,8,4,N,A,Y,A,H,A,D,,E,03,C,,,,,C,Y,N,A,4,0,0,0,22350.0,3,37.6396664,-121.0062671,4
2016,2016-08-12,1756,8,2,17,5,Y,A,N,A,H,A,E,,,09,D,,,Y,,C,Y,N,A,1,0,0,1,21801.0,2,37.63211995,-120.99201995,3
2016,2016-08-12,1703,8,2,17,5,Y,A,Y,A,H,A,A,,,10,G,Y,,,,B,N,N,D,1,1,0,0,21950.0,2,37.65738969,-120.99385315,3
2016,2016-08-16,755,8,2,7,2,N,A,N,A,H,A,-,- ,W,24,C,,,,,E,Y,M,D,1,0,0,0,,2,37.61663927,-121.01302407,3
2016,2016-08-05,1217,8,2,12,5,N,A,Y,A,H,A,A,,S,09,D,,,,,C,Y,N,D,2,0,0,0,21801.0,3,37.6976623,-120.99457178,4
2016,2016-08-16,1118,8,2,11,2,N,A,N,A,H,A,F,,W,04,C,,,,Y,C,N,N,A,1,0,0,0,21703.0,2,37.68439223,-121.05159178,4
2016,2016-08-23,1831,8,2,18,2,N,A,N,A,H,A,A,,E,09,C,,,,,C,Y,N,D,3,0,0,0,21804.0,2,37.59505599,-121.02330086,3
2016,2016-08-21,1115,8,2,11,7,N,A,Y,A,H,A,C,,E,03,H,,,Y,,J,N,N,A,1,0,0,1,22350.0,1,37.63817316,-120.93871895,3
2016,2016-06-20,1257,6,2,12,1,Y,A,N,A,H,A,D,,,12,-,,,,,C,N,M,A,1,0,0,0,21453.0,2,37.67485995,-121.01230999,4
2016,2016-08-15,915,8,2,9,1,N,A,N,A,H,A,A,01,W,08,C,,,,,E,Y,N,D,1,0,0,0,22107.0,2,37.59321693,-120.94812714,4
2016,2016-08-12,702,8,2,7,5,N,A,N,A,H,A,A,,W,09,D,,,,,C,Y,N,A,1,0,0,0,21801.0,2,37.66050825,-121.03236986,3
2016,2016-08-12,1224,8,2,12,5,Y,A,N,A,H,A,A,,,09,D,,,,,C,Y,N,A,3,0,0,0,21453.0,2,37.70021994,-121.06364,3
2016,2016-08-12,1505,8,2,15,5,N,A,N,A,H,A,A,,W,03,C,,,,,C,N,M,A,1,0,0,0,22350.0,2,37.68897,-120.95836704,4
2016,2016-08-12,1411,8,2,14,5,N,A,N,A,H,A,-,- ,N,18,D,,,,,C,Y,N,D,1,0,0,0,,2,37.66372,-120.99509,4
2016,2016-08-12,1452,8,2,14,5,Y,A,N,A,H,A,A,,,03,C,,,,,C,Y,N,D,1,0,0,0,22350.0,3,37.66285999,-121.00758993,4
2016,2016-08-21,1417,8,2,14,7,Y,A,N,A,H,A,A,,,08,E,,,,,I,Y,N,A,1,0,0,0,22107.0,1,37.67485995,-121.01230999,4
2016,2016-08-13,2213,8,2,22,6,N,A,N,A,H,C,A,,W,01,D,,,,,C,Y,N,D,2,0,0,0,23152.0,2,37.68944319,-121.02259583,4
2016,2016-08-23,2124,8,2,21,2,Y,A,N,A,H,C,A,,,12,F,,,,,C,Y,N,A,2,0,0,0,21453.0,2,37.6896899,-121.03155988,4
2016,2016-08-15,1707,8,2,17,1,N,A,N,A,H,A,A,,E,09,D,,,,,C,N,N,A,1,0,0,0,21802.0,2,37.66543,-120.98483,4
2016,2016-08-23,825,8,2,8,2,Y,A,N,A,H,A,A,,,03,C,,,,,C,N,F,A,1,0,0,0,22350.0,2,37.60641994,-121.01176998,4
2016,2016-08-13,1207,8,2,12,6,Y,A,N,A,H,A,A,,,03,C,,,,,C,Y,N,A,1,0,0,0,22350.0,3,37.67224999,-121.0221599,3
2016,2016-08-23,1205,8,2,12,2,Y,A,N,A,H,A,E,,,09,D,,,,,C,Y,N,A,1,0,0,0,21453.0,2,37.66715,-120.97570991,4
2016,2016-08-13,2012,8,2,20,6,Y,A,N,A,H,C,A,,,12,D,,,,,C,Y,N,A,2,0,0,0,21453.0,2,37.66393999,-121.00760991,4
2016,2016-08-23,850,8,2,8,2,N,A,N,A,H,A,A,,S,03,C,,,,,C,Y,F,A,1,0,0,0,22350.0,2,37.63139881,-121.01192916,3
2016,2016-08-13,1300,8,2,13,6,Y,A,N,A,H,A,A,,,03,C,,,,,C,N,N,A,3,0,0,0,22350.0,2,37.67048994,-121.00767994,4
2016,2016-08-22,1327,8,2,13,1,Y,A,N,A,H,A,F,,,09,D,,,,Y,C,N,N,A,1,0,0,0,21802.0,2,37.6438799,-120.99351996,4
2016,2016-08-12,2330,8,2,23,5,N,A,N,A,H,C,A,,S,03,D,,,,,C,Y,F,A,1,0,0,0,22350.0,3,37.6090887,-121.0014595,4
2016,2016-08-10,1501,8,2,15,3,Y,A,N,A,H,A,A,,,09,D,,,,,C,Y,N,A,1,0,0,0,21802.0,3,37.67224999,-121.0221599,4
2016,2016-08-12,1156,8,2,11,5,N,A,N,A,H,A,A,,E,05,D,,,Y,,C,Y,N,D,2,0,0,1,21651.0,2,37.70007033,-121.06805209,3
2016,2016-08-24,752,8,2,7,3,N,A,N,A,H,A,A,,N,09,D,,,,,C,Y,N,A,1,0,0,0,21804.0,2,37.67818287,-120.97583874,4
2016,2016-08-15,1845,8,2,18,1,N,A,N,A,H,A,A,,N,09,B,,,,,D,Y,N,A,1,0,0,0,21804.0,2,37.6853596,-121.0513827,4
2016,2016-08-17,1427,8,2,14,3,Y,A,N,-,H,A,D,,,09,H,,,,,C,Y,N,A,3,0,0,0,21800.0,3,37.60533996,-120.98804988,4
2016,2016-08-16,2300,8,2,23,2,N,A,N,A,H,D,-,- ,W,00,G,Y,,,,B,N,N,D,1,1,0,0,,2,37.625447,-121.01535774,3
2016,2016-08-24,1025,8,2,10,3,Y,A,N,A,H,A,A,,,08,D,,,,,C,N,N,D,2,0,0,0,22100.0,2,37.67623992,-121.02608994,3
2016,2016-08-16,2218,8,2,22,2,Y,A,N,A,H,D,A,,,09,D,,Y,,,G,N,N,D,1,0,1,0,21801.0,2,37.62056989,-121.00493997,3
2016,2016-08-19,2230,8,2,22,5,Y,A,N,A,H,C,D,,,17,D,,,,,C,Y,N,A,1,0,0,0,21451.0,2,37.66417992,-121.02201991,4
2016,2016-08-20,849,8,2,8,6,Y,A,N,A,H,A,A,,,12,D,,,,,C,Y,N,A,3,0,0,0,22450.0,2,37.6344999,-120.99854991,3
2016,2016-08-16,2046,8,2,20,2,Y,A,N,A,H,C,D,,,10,G,Y,,,,B,N,N,D,1,1,0,0,21950.0,2,37.66533988,-120.97570994,3
2016,2016-08-19,1804,8,2,18,5,Y,A,N,A,H,A,A,,,12,D,,,,,C,Y,N,A,2,0,0,0,21453.0,2,37.67485995,-121.01230999,3
2016,2016-08-15,2142,8,2,21,1,Y,A,N,A,H,C,A,,,12,D,,,,,C,N,N,A,1,0,0,0,21453.0,2,37.64262994,-120.99018987,4
2016,2016-08-20,1815,8,2,18,6,Y,A,N,A,H,A,D,,,00,C,,,,,C,N,N,D,1,0,0,0,21353.0,2,37.66411991,-121.01932992,4
2016,2016-08-20,1852,8,2,18,6,Y,A,N,A,H,B,-,- ,,00,G,Y,,,,-,N,F,D,1,1,0,0,,2,37.63446994,-121.00891,3
2016,2016-08-21,2031,8,2,20,7,N,A,N,A,H,C,A,01,E,08,C,,,,,E,Y,M,D,1,0,0,0,22107.0,2,37.5912,-120.97181215,3
2016,2016-08-21,1840,8,2,18,7,N,A,N,A,H,A,A,01,W,01,C,,,,,E,Y,N,D,1,0,0,0,23152.0,2,37.58385822,-120.94076719,3
2016,2016-08-25,1643,8,2,16,4,Y,A,N,A,H,A,-,,,10,G,Y,,,,B,N,N,D,1,1,0,0,21950.0,2,37.59014991,-120.95335999,4
2016,2016-08-24,1300,8,2,13,3,Y,A,Y,A,H,A,D,22,,10,G,Y,,,,B,N,N,A,1,1,0,0,21950.0,2,37.76387616,-120.85366203,4
2016,2016-07-23,1207,7,2,12,6,N,A,Y,A,H,A,A,01,E,04,C,,,,,C,Y,N,D,2,0,0,0,21703.0,2,37.73793643,-120.93852497,3
2016,2016-08-05,1022,8,2,10,5,N,A,Y,A,H,A,D,22,W,03,C,,,,,D,Y,N,A,1,0,0,0,22350.0,2,37.76592407,-120.84877856,4
2016,2016-08-15,1020,8,2,10,1,N,A,Y,A,H,A,-,,N,03,C,,,,,C,N,N,A,1,0,0,0,22350.0,2,37.77258983,-120.85105742,4
2016,2016-08-03,1514,8,2,15,3,Y,A,N,A,H,A,A,01,,12,D,,,,,C,Y,N,A,1,0,0,0,21453.0,2,37.59475992,-120.95689986,4
2016,2016-08-15,1136,8,2,11,1,Y,A,N,A,H,A,A,01,,03,C,,,,,C,N,N,D,1,0,0,0,22350.0,3,37.7628,-120.853029,4
2016,2016-08-25,940,8,2,9,4,Y,A,N,A,H,A,A,01,,12,D,,,,,C,N,N,A,1,0,0,0,22450.0,2,37.75931995,-120.85872993,4
2016,2016-08-14,1418,8,2,14,7,Y,A,N,A,H,A,A,01,,09,D,,,,,C,N,N,A,1,0,0,0,21802.0,2,37.75955993,-120.85154986,4
2016,2016-08-13,1753,8,2,17,6,N,A,N,A,H,A,-,,W,00,B,,Y,,,G,N,N,A,1,0,1,0,21760.0,2,37.73270509,-120.93827352,3
2016,2016-08-22,1540,8,2,15,1,N,A,Y,A,H,A,A,01,W,09,D,,,Y,,C,Y,N,D,1,0,0,1,21801.0,2,37.76155549,-120.85900311,2
2016,2016-08-20,1829,8,2,18,6,N,A,N,A,H,B,-,,W,03,C,,,,,C,Y,F,A,1,0,0,0,22350.0,2,37.6092799,-120.94790988,4
2016,2016-08-08,1702,8,2,17,1,Y,A,N,A,H,A,A,01,,09,D,,,,,C,Y,N,A,4,0,0,0,21802.0,3,37.59477997,-120.86999991,4
2016,2016-08-30,718,8,2,7,2,N,A,N,A,H,A,A,01,,09,A,,,,,C,Y,N,D,3,0,0,0,21801.0,2,37.59017999,-120.9455799,3
2016,2016-07-21,227,7,2,2,4,Y,A,N,A,H,C,-,- ,,08,B,,,,,C,N,M,A,1,0,0,0,22107.0,2,37.52172991,-120.87753987,4
2016,2016-08-03,1737,8,2,17,3,N,A,N,A,H,A,D,,,09,A,,,,,C,N,N,A,1,0,0,0,21801.0,2,37.66393999,-121.00760991,3
2016,2016-08-25,2035,8,2,20,4,N,A,N,A,H,B,A,01,S,01,C,,,,,C,Y,N,A,1,0,0,0,23153.0,2,37.50036994,-120.85081996,4
2016,2016-08-30,1300,8,2,13,2,Y,A,N,A,H,A,-,- ,,00,G,Y,,,,B,N,F,D,1,1,0,0,,2,,,3
2016,2016-08-30,1040,8,2,10,2,N,A,N,A,H,A,A,01,N,08,D,,,,,C,N,N,A,1,0,0,0,22107.0,2,37.6612238,-120.95753258,4
2016,2016-08-29,2241,8,2,22,1,N,A,N,A,H,A,-,,N,03,C,,,,,D,Y,N,D,1,0,0,0,22350.0,2,37.63583602,-121.01187455,3
2016,2016-08-24,2020,8,2,20,3,N,A,N,A,H,C,-,,N,01,E,,,,,J,N,N,A,1,0,0,0,23152.0,1,37.63845184,-120.96629582,3
2016,2016-08-19,1519,8,2,15,5,Y,A,Y,A,H,A,-,,,09,D,,,,,C,Y,N,A,1,0,0,0,21801.0,2,37.65097166,-120.99378004,4
2016,2016-08-18,951,8,2,9,4,Y,A,N,A,H,A,-,- ,,10,G,Y,,,,B,N,N,A,1,1,0,0,21950.0,2,37.68888997,-120.97170996,4
2016,2016-08-09,1205,8,2,12,2,N,A,N,A,H,A,-,,S,11,G,Y,,,,B,N,N,A,1,1,0,0,21954.0,2,37.68813553,-121.01248649,4
2016,2016-08-27,1821,8,2,18,6,N,A,N,A,H,A,-,,N,01,C,,,,,C,N,N,A,1,0,0,0,23152.0,2,37.63218921,-121.00666571,4
2016,2016-08-31,815,8,2,8,3,N,A,N,A,H,A,-,,S,03,C,,,,,C,Y,N,D,2,0,0,0,22350.0,2,37.65998807,-120.95752,4
2016,2016-08-05,1449,8,2,14,5,N,A,N,A,H,A,-,,N,09,D,,,,,C,Y,N,D,1,0,0,0,21804.0,2,37.7013183,-121.06366723,4
2016,2016-08-30,2015,8,2,20,2,N,A,N,A,H,C,-,,W,04,C,,,,,C,N,N,D,3,0,0,0,21703.0,2,37.60849228,-121.00424256,4
2016,2016-08-25,1738,8,2,17,4,Y,A,N,A,H,A,-,,,17,B,,,,,C,Y,N,D,1,0,0,0,21461.0,2,,,3
2016,2016-08-25,747,8,2,7,4,Y,A,N,A,H,A,-,,,09,D,,,,,C,Y,N,A,1,0,0,0,21802.0,2,37.6781999,-120.93190989,4
2016,2016-08-31,2218,8,2,22,3,N,A,N,A,H,C,-,,N,12,D,,,,,C,Y,N,A,2,0,0,0,21453.0,2,37.67047,-121.01225,3
2016,2016-08-24,1805,8,2,18,3,N,A,N,A,H,A,-,,W,10,G,Y,,,,B,N,N,A,1,1,0,0,21950.0,2,37.63875116,-121.00021699,4
2016,2016-08-31,1921,8,2,19,3,N,A,Y,A,H,A,-,,E,09,D,,,,,C,N,N,A,1,0,0,0,21801.0,2,37.63819902,-120.9716774,4
2016,2016-08-16,1502,8,2,15,2,Y,A,N,A,H,A,-,,,04,C,,,,,E,Y,N,D,2,0,0,0,21703.0,4,37.66210993,-121.00759998,4
2016,2016-08-31,1650,8,2,16,3,Y,A,N,A,H,A,-,,,05,D,,Y,,,G,N,N,D,1,0,1,0,21650.0,2,37.64069992,-120.99515994,4
2016,2016-08-31,1525,8,2,15,3,N,A,N,A,H,A,-,- ,N,08,E,,,,,I,Y,N,D,1,0,0,0,22102.0,1,37.69145522,-121.04726678,3
2016,2016-08-31,1347,8,2,13,3,Y,A,N,A,H,A,-,,,09,D,,,,,C,Y,N,D,2,0,0,0,21801.0,2,37.64339992,-120.9965,3
2016,2016-08-26,1902,8,2,19,5,Y,A,N,A,H,A,-,,,12,D,,,,,C,Y,N,A,2,0,0,0,21453.0,2,37.63544997,-120.99970994,4
2016,2016-08-25,1402,8,2,14,4,N,A,N,A,H,A,-,,W,09,B,,,,,C,Y,N,D,2,0,0,0,21804.0,2,37.66396506,-121.0086459,4
2016,2016-08-25,1405,8,2,14,4,Y,A,N,A,H,A,-,,,12,F,,,,,-,Y,N,A,1,0,0,0,22450.0,2,37.64217991,-120.99319997,3
2016,2016-08-18,1717,8,2,17,4,N,A,N,A,H,A,-,,S,03,C,,,,,C,Y,N,D,1,0,0,0,22350.0,2,37.69381699,-120.95806158,4
2016,2016-08-20,1639,8,2,16,6,N,A,N,A,H,A,A,,S,01,C,,,,,E,Y,N,D,1,0,0,0,23152.0,3,37.65828047,-121.01209572,3
2016,2016-08-23,245,8,2,2,2,Y,A,N,A,H,C,A,,,08,E,,,,,I,Y,N,A,2,0,0,0,22107.0,1,37.64188993,-120.99843986,3
2016,2016-08-28,1808,8,2,18,7,N,A,N,A,H,A,D,,W,03,A,,,,,I,Y,N,D,2,0,0,0,22350.0,3,37.66555151,-120.95259005,4
2016,2016-08-29,448,8,2,4,1,Y,A,N,A,H,C,D,82,,09,D,,,Y,,C,N,N,D,1,0,0,1,21801.0,2,37.5984399,-120.97034986,2
2016,2016-08-25,759,8,2,7,4,Y,A,N,A,H,A,A,01,,03,C,,,Y,,C,N,N,A,1,0,0,0,22350.0,2,37.6092799,-120.94790988,3
2016,2016-09-02,2050,9,3,20,5,N,A,N,-,H,C,D,,N,09,D,,,,,C,Y,F,A,1,0,0,0,21804.0,2,37.68931323,-120.95798686,4
2016,2016-09-02,2103,9,3,21,5,Y,A,Y,A,H,C,A,,,08,A,,,,,C,Y,N,A,4,0,0,0,22107.0,2,37.63823818,-120.92991407,4
2016,2016-09-02,2020,9,3,20,5,Y,A,N,A,H,C,A,,,01,A,,,,,C,Y,N,A,2,0,0,0,23152.0,2,37.66689997,-120.92128997,4
2016,2016-09-02,1633,9,3,16,5,Y,A,N,A,H,A,A,,,09,D,,,Y,,C,Y,N,D,1,0,0,1,21801.0,2,37.63139996,-121.03054992,3
2016,2016-09-02,1538,9,3,15,5,N,A,N,A,H,A,A,,N,09,G,Y,,,,B,N,N,A,1,1,0,0,21804.0,2,37.6902691,-121.01252866,3
2016,2016-09-03,36,9,3,0,6,Y,A,N,A,H,C,A,,,01,D,,,,,C,Y,N,A,1,0,0,0,23152.0,2,37.63497998,-121.00272993,3
2016,2016-09-04,2038,9,3,20,7,Y,A,N,A,H,C,-,- ,,00,D,,,,,C,Y,N,A,1,0,0,0,,2,37.67079998,-120.93974996,4
2016,2016-09-01,1600,9,3,16,4,Y,A,N,A,H,A,A,,,08,E,,,,,A,Y,N,A,1,0,0,0,22100.0,2,37.63956997,-121.00640988,4
2016,2016-09-01,1506,9,3,15,4,Y,A,N,A,H,A,A,,,08,B,,,,,C,Y,N,D,1,0,0,0,22107.0,2,37.64941988,-121.00746997,4
2016,2016-09-02,1100,9,3,11,5,Y,A,N,A,H,A,D,,,05,-,,,,,C,Y,N,A,1,0,0,0,21650.0,2,37.69207993,-120.97368995,4
2016,2016-09-02,52,9,3,0,5,Y,A,N,A,H,C,L,,,07,B,,Y,,,G,N,N,A,1,0,1,0,21658.0,2,37.64370988,-120.98892995,4
2016,2016-09-01,826,9,3,8,4,N,A,N,A,H,A,A,,E,10,G,Y,,,,B,N,N,D,1,1,0,0,21950.0,2,37.66052955,-121.02194891,2
2016,2016-09-01,813,9,3,8,4,N,A,N,A,H,A,A,,W,03,C,,,,,C,N,N,D,1,0,0,0,22350.0,2,37.67805,-120.97009455,4
2016,2016-09-09,1303,9,3,13,5,N,A,N,A,H,A,A,01,S,17,C,Y,,,,C,Y,N,A,2,0,0,0,21701.0,4,37.59297917,-120.93873768,4
2016,2016-09-02,1815,9,3,18,5,N,A,N,A,H,A,N,60,,22,G,Y,,,,B,N,N,D,1,1,0,0,,2,,,3
2016,2016-09-01,800,9,3,8,4,N,A,N,A,H,A,A,01,E,21,B,,,,,C,Y,M,D,1,0,0,0,22106.0,2,37.59891521,-120.95027744,4
2016,2016-09-05,1858,9,3,18,1,Y,A,N,A,H,A,A,01,,09,D,,,,,E,Y,N,A,1,0,0,0,21800.0,2,37.60930995,-120.92049995,4
2016,2016-09-07,850,9,3,8,3,N,A,N,A,H,A,A,01,W,03,C,,,,,C,Y,N,A,2,0,0,0,22350.0,2,37.6093,-120.94161302,4
2016,2016-09-06,2029,9,3,20,2,N,A,N,A,H,C,C,02,,09,D,,,Y,,C,N,N,A,4,0,0,1,21800.0,4,37.609351,-120.971529,4
2016,2016-09-07,1454,9,3,14,3,Y,A,N,A,H,A,-,,,09,D,,,,,C,Y,N,D,1,0,0,0,21800.0,2,37.59476991,-120.95223997,4
2016,2016-09-12,1823,9,3,18,1,N,A,N,A,H,A,-,- ,S,00,-,,,,Y,-,N,N,-,1,0,0,0,,2,37.63706111,-120.99980572,4
2016,2016-09-10,1959,9,3,19,6,N,A,N,A,H,C,D,,S,03,E,,,,,I,Y,N,A,1,0,0,0,22350.0,1,37.68315367,-120.95496388,3
2016,2016-09-11,30,9,3,0,7,Y,A,N,A,H,C,A,,,01,D,,,,,C,Y,N,A,2,0,0,0,23152.0,2,37.63780989,-120.99898995,4
2016,2016-09-08,2148,9,3,21,4,Y,A,N,A,H,C,A,,,09,D,,,,,C,Y,F,A,1,0,0,0,21801.0,2,37.68206996,-121.01238986,4
2016,2016-09-09,554,9,3,5,5,N,A,N,A,H,A,A,,E,08,A,,,,,C,N,F,D,1,0,0,0,22107.0,2,37.70401237,-121.04643002,3
2016,2016-09-08,1718,9,3,17,4,N,A,N,A,H,A,A,,S,03,C,,,,,C,Y,N,A,4,0,0,0,22350.0,3,37.63639545,-121.00079052,3
2016,2016-09-01,1530,9,3,15,4,N,A,N,A,H,A,A,,W,04,C,,,,,C,N,F,A,1,0,0,0,21703.0,2,37.68967335,-121.0319027,4
2016,2016-09-08,845,9,3,8,4,Y,A,N,A,H,A,N,,,11,B,Y,,,,B,N,F,D,1,1,0,0,21954.0,2,37.63763992,-121.01184994,4
2016,2016-09-14,1204,9,3,12,3,Y,A,N,A,H,A,A,,,09,H,,,,,C,Y,N,A,1,0,0,0,21801.0,2,37.66746991,-121.03036989,4
2016,2016-09-14,2017,9,3,20,3,N,A,N,A,H,C,A,,S,09,D,,,,,C,N,N,D,2,0,0,0,21804.0,2,37.69864246,-121.0500255,4