ACCIDENT_YEAR,COLLISION_DATE,COLLISION_TIME,MONTH,SEASON,24HOURS,DAY_OF_WEEK,INTERSECTION,WEATHER_1,STATE_HWY_IND,ROAD_SURFACE,ROAD_COND_1,LIGHTING,STWD_VEHTYPE_AT_FAULT,CHP_VEHTYPE_AT_FAULT,DIRECTION,PCF_VIOL_CATEGORY,TYPE_OF_COLLISION,PEDESTRIAN_ACCIDENT,BICYCLE_ACCIDENT,MOTORCYCLE_ACCIDENT,TRUCK_ACCIDENT,MVIW,TOW_AWAY,HIT_AND_RUN,CONTROL_DEVICE,NUMBER_INJURED,COUNT_PED_INJURED,COUNT_BICYCLIST_INJURED,COUNT_MC_INJURED,PCF_VIOLATION,PARTY_COUNT,POINT_Y,POINT_X,COLLISION_SEVERITY
2017,2017-04-05,1743,4,1,17,3,N,A,N,A,H,A,A,07,N,08,C,,,,,C,Y,N,D,3,0,0,0,22107.0,2,37.4887757,-120.83311923,3
2017,2017-04-06,2015,4,1,20,4,Y,C,N,B,H,C,A,01,,09,A,,,,,C,Y,N,A,1,0,0,0,21801.0,2,37.50724999,-120.88088987,4
2017,2017-04-07,1304,4,1,13,5,N,A,N,A,H,A,A,01,W,04,C,,,,,C,N,N,A,2,0,0,0,21703.0,3,37.52183284,-120.8493367,4
2017,2017-03-23,1757,3,1,17,4,Y,A,N,A,H,A,L,04,,05,H,,Y,,,G,N,N,D,1,0,1,0,21650.0,2,37.31830003,-121.01629999,4
2016,2016-12-20,1730,12,4,17,2,Y,A,Y,A,H,D,A,01,,01,C,,,,,C,Y,N,D,1,0,0,0,23152.0,2,37.49140505,-121.14205457,4
2017,2017-04-12,900,4,1,9,3,Y,B,N,A,H,A,D,22,,09,D,,,,,C,N,N,A,1,0,0,0,21802.0,2,37.64945996,-121.03782993,4
2017,2017-02-05,53,2,4,0,7,N,A,N,A,H,A,A,01,E,01,E,,,,,I,Y,N,A,2,0,0,0,23152.0,2,37.58421297,-120.94792271,2
2017,2017-03-27,720,3,1,7,1,N,A,N,A,H,A,A,01,E,01,C,,,,,E,Y,N,D,1,0,0,0,23152.0,2,37.47810391,-120.83294913,4
2017,2017-05-23,935,5,1,9,2,N,A,Y,A,H,A,A,01,E,09,A,,,Y,,D,N,N,D,1,0,0,1,21802.0,2,37.31478752,-121.02102249,4
2017,2017-04-02,2056,4,1,20,7,Y,A,N,A,H,C,A,01,,17,D,,,,,C,Y,N,A,1,0,0,0,21451.0,2,,,4
2017,2017-05-24,1658,5,1,16,3,N,A,N,A,H,A,A,,E,09,A,,,,,C,N,N,D,3,0,0,0,21801.0,2,37.66356597,-120.95365567,4
2017,2017-05-27,1540,5,1,15,6,N,A,Y,A,H,A,A,01,W,03,C,,,,,C,Y,N,A,3,0,0,0,22350.0,4,37.73270556,-120.94869719,4
2017,2017-05-01,2210,5,1,22,1,N,A,N,A,H,D,N,60,,11,G,Y,,,,B,N,F,D,1,1,0,0,21954.0,2,37.48798997,-120.84897987,2
2017,2017-05-21,1225,5,1,12,7,Y,A,N,A,H,A,A,01,,03,C,,,,,C,Y,N,A,2,0,0,0,22350.0,2,37.63822992,-120.97995,4
2017,2017-05-21,1151,5,1,11,7,Y,A,N,A,H,A,A,01,,09,D,,,,,C,Y,N,D,1,0,0,0,21802.0,2,37.67445991,-120.93959986,3
2017,2017-05-31,1852,5,1,18,3,N,A,N,A,H,A,J,,N,03,C,,,,,C,N,N,A,1,0,0,0,22350.0,2,37.70033119,-121.05006044,3
2017,2017-06-06,1831,6,2,18,2,N,A,Y,A,H,A,A,,N,03,C,,,,,E,Y,N,D,1,0,0,0,22350.0,3,37.65938624,-120.99387527,3
2017,2017-05-26,223,5,1,2,5,N,A,N,A,H,D,A,01,N,07,E,,,,,I,Y,N,D,1,0,0,0,21658.0,1,37.5985923,-120.97528,4
2017,2017-05-27,2247,5,1,22,6,N,A,N,A,H,C,A,01,S,03,C,,,,,C,Y,N,D,4,0,0,0,22350.0,2,37.61540529,-120.95703022,4
2017,2017-05-24,2500,5,1,25,3,N,B,N,A,H,A,A,01,S,08,E,,,,,J,Y,N,D,1,0,0,0,22107.0,1,37.59396676,-120.92693243,4
2017,2017-04-01,734,4,1,7,6,N,F,N,A,H,B,-,,S,10,G,Y,,,,B,N,N,D,1,1,0,0,21950.0,2,37.31208148,-121.02155852,4
2017,2017-05-26,1411,5,1,14,5,N,A,N,A,H,A,D,22,N,09,D,,,,,C,Y,N,D,1,0,0,0,21801.0,2,37.59740642,-120.96309017,4
2017,2017-05-24,1638,5,1,16,3,Y,A,N,A,H,A,D,,,03,C,,,,,C,N,N,A,1,0,0,0,22350.0,3,37.68907995,-120.92152988,4
2017,2017-05-02,1741,5,1,17,2,Y,A,N,A,H,A,A,,,03,C,,,,,C,Y,N,D,1,0,0,0,22350.0,4,37.64718997,-121.01086996,4
2017,2017-05-17,2315,5,1,23,3,N,A,N,A,H,C,A,,N,01,C,,,,,C,Y,F,A,1,0,0,0,23152.0,2,37.6705771,-121.01225,4
2017,2017-05-18,1623,5,1,16,4,N,A,N,A,H,A,A,,W,09,D,,,,,C,Y,N,D,2,0,0,0,21804.0,2,37.67802461,-120.97672817,3
2017,2017-05-09,830,5,1,8,2,N,A,N,A,H,A,A,,N,08,C,,,,,E,Y,N,D,2,0,0,0,22107.0,3,37.67992969,-120.97180084,4
2017,2017-05-07,2326,5,1,23,7,N,A,N,A,H,C,A,,W,01,A,,,,,E,Y,N,D,1,0,0,0,23152.0,3,37.59502462,-121.01371368,3
2017,2017-05-11,718,5,1,7,4,N,A,N,A,H,A,A,,E,- ,E,,,,,J,Y,N,D,1,0,0,0,,1,37.68938587,-121.01466112,4
2017,2017-05-10,1041,5,1,10,3,N,A,N,A,H,A,D,,N,08,D,,,,,C,Y,N,D,1,0,0,0,22107.0,2,37.6614098,-121.03115407,3
2017,2017-05-07,1210,5,1,12,7,N,A,N,A,H,A,D,,W,08,E,,,,,I,Y,N,A,1,0,0,0,22107.0,1,37.70046104,-121.02267183,4
2017,2017-05-07,1153,5,1,11,7,Y,A,N,A,H,A,A,,,08,B,,,,,C,N,N,D,1,0,0,0,22107.0,2,37.66547996,-121.04166987,4
2017,2017-05-03,1607,5,1,16,3,Y,A,N,A,H,A,A,,,09,D,,,,,C,Y,N,A,2,0,0,0,21802.0,2,37.63236991,-121.02098992,4
2017,2017-05-05,1642,5,1,16,5,Y,A,N,A,H,A,A,,,09,D,,,,,C,Y,N,A,1,0,0,0,21802.0,3,37.61256993,-120.99367991,4
2017,2017-05-13,2117,5,1,21,6,N,A,N,A,H,C,A,,N,04,C,,,,,C,Y,N,A,2,0,0,0,21703.0,4,37.67459531,-120.95772339,4
2017,2017-05-15,2131,5,1,21,1,N,A,N,A,H,C,C,,W,03,A,,,Y,,I,Y,N,A,1,0,0,1,22350.0,1,37.60921289,-121.00153613,3
2017,2017-05-16,820,5,1,8,2,N,A,N,A,H,A,A,,N,03,C,,,,,C,Y,N,A,1,0,0,0,22350.0,3,37.6388829,-121.00029433,4
2017,2017-05-13,214,5,1,2,6,Y,A,N,-,H,C,A,,,09,D,,,,,C,Y,M,A,1,0,0,0,21800.0,2,37.63810992,-121.00104997,4
2017,2017-05-15,1347,5,1,13,1,N,A,N,A,H,A,A,,S,09,D,,,Y,,C,Y,N,D,1,0,0,0,21801.0,2,37.65503365,-120.97558811,3
2017,2017-05-12,1006,5,1,10,5,Y,A,N,A,H,A,A,,,09,D,,,,,C,Y,N,A,3,0,0,0,21802.0,2,37.64411996,-120.99556997,3
2017,2017-05-16,730,5,1,7,2,Y,A,N,A,H,A,A,,,10,G,Y,,,,B,N,N,D,2,2,0,0,21950.0,3,37.68170994,-120.97407992,2
2017,2017-05-14,1708,5,1,17,7,Y,A,N,A,H,A,A,,,09,D,,,,,C,Y,N,D,2,0,0,0,21801.0,2,37.66396995,-121.00884997,3
2017,2017-05-16,1724,5,1,17,2,Y,B,N,A,H,A,A,,,03,C,,,,,C,Y,N,D,2,0,0,0,22350.0,3,,,3
2017,2017-05-17,1403,5,1,14,3,N,A,Y,A,H,A,A,,E,09,D,,,,,C,Y,N,A,1,0,0,0,21801.0,2,37.64799917,-121.01898289,4
2017,2017-05-11,1108,5,1,11,4,Y,A,N,A,H,A,A,,,12,D,,,,,C,Y,N,A,1,0,0,0,21453.0,2,37.67148995,-121.0221399,3
2017,2017-04-26,2355,4,1,23,3,N,A,N,A,H,D,D,,E,08,C,,,,,E,N,N,A,1,0,0,0,22107.0,2,37.68014886,-121.02983923,4
2017,2017-04-23,2000,4,1,20,7,Y,-,N,A,H,B,A,,,12,D,,,,,C,Y,N,A,3,0,0,0,22450.0,2,37.62056989,-121.00493997,3
2017,2017-04-24,1837,4,1,18,1,N,A,N,A,H,A,-,- ,S,18,B,,,,,E,Y,N,D,1,0,0,0,,3,37.61780959,-121.01179116,4
2017,2017-04-26,852,4,1,8,3,Y,B,N,A,H,A,A,,,05,B,,,,,C,Y,N,D,1,0,0,0,21650.0,2,37.66390996,-121.00536989,4
2017,2017-04-26,140,4,1,1,3,N,A,N,A,H,D,D,,,08,C,,,,,E,Y,M,D,1,0,0,0,22107.0,3,37.681118,-121.023237,3
2017,2017-05-08,621,5,1,6,1,N,A,N,A,H,A,D,22,S,08,C,,,,,E,Y,N,D,1,0,0,0,22107.0,2,37.49607787,-120.85098027,4
2017,2017-04-15,2156,4,1,21,6,N,A,N,A,H,C,-,,E,01,A,,,,,E,Y,N,D,2,0,0,0,23152.0,2,,,4
2017,2017-05-07,1728,5,1,17,7,Y,A,N,A,H,A,A,01,,01,D,,,,,C,Y,N,A,3,0,0,0,23152.0,2,37.48671989,-120.85806999,4
2017,2017-05-12,2036,5,1,20,5,N,A,N,A,H,D,L,04,N,05,C,,Y,,,G,N,N,D,1,0,1,0,21202.0,2,37.48772943,-120.83328039,2
2017,2017-05-17,1354,5,1,13,3,Y,A,N,A,H,A,A,07,,12,D,,,,,C,Y,N,A,2,0,0,0,22450.0,2,37.50027994,-120.8717899,4
2017,2017-06-05,209,6,2,2,1,N,A,N,A,H,C,A,01,S,03,E,,,,,I,Y,N,D,1,0,0,0,22350.0,1,37.57785992,-120.99368546,4
2017,2017-04-23,2207,4,1,22,7,Y,A,N,A,H,C,L,,,05,D,,Y,,,G,N,N,A,1,0,1,0,21650.0,2,37.62603995,-121.00493993,4
2017,2017-05-31,1815,5,1,18,3,N,A,N,A,H,A,A,01,E,08,D,,,,,E,Y,N,D,1,0,0,0,22107.0,4,37.62069344,-120.97071538,4
2017,2017-03-16,1405,3,1,14,4,N,A,N,A,H,A,D,,S,03,C,,,,,E,Y,N,D,2,0,0,0,22407.0,2,37.68301351,-120.96734553,3
2017,2017-05-05,1831,5,1,18,5,N,A,N,A,H,A,D,23,S,03,C,,,,,C,N,N,A,1,0,0,0,22350.0,3,37.76135709,-120.84346968,4
2017,2017-04-17,1231,4,1,12,1,Y,B,Y,A,H,A,D,22,,10,G,Y,,,,B,N,N,A,1,1,0,0,21950.0,2,37.76986206,-120.83828897,4
2017,2017-05-30,1303,5,1,13,2,N,A,N,A,H,A,L,04,W,12,D,,Y,,,G,N,F,A,1,0,1,0,21453.0,2,37.60933027,-120.96623452,3
2017,2017-05-30,2008,5,1,20,2,N,A,N,A,H,B,C,,W,16,F,,,Y,,A,N,N,D,1,0,0,1,27800.0,1,37.66046662,-121.01712173,3
2017,2017-05-30,2027,5,1,20,2,N,A,N,A,H,B,A,,N,04,C,,,,,C,Y,N,D,2,0,0,0,21703.0,2,37.66437383,-120.97568992,3
2017,2017-05-30,1207,5,1,12,2,Y,A,N,A,H,A,A,,,09,A,,,,,-,Y,N,A,1,0,0,0,21801.0,2,37.66041995,-121.01213999,4
2017,2017-05-28,1222,5,1,12,7,N,A,N,A,H,A,A,,W,08,D,,,,,C,Y,N,D,2,0,0,0,22107.0,2,37.63903346,-120.99737097,4
2017,2017-05-27,856,5,1,8,6,N,B,N,A,H,A,A,,E,09,D,,,,,C,Y,N,D,2,0,0,0,21804.0,2,37.6601104,-120.99632146,4
2017,2017-05-25,1848,5,1,18,4,Y,A,N,A,H,A,A,,,12,D,,,,,C,Y,N,A,2,0,0,0,22450.0,2,37.66365991,-120.9666299,3
2017,2017-05-24,2348,5,1,23,3,Y,A,N,A,H,C,A,,,03,E,,,,,I,Y,M,D,1,0,0,0,22350.0,1,37.62603995,-121.00493993,4
2017,2017-05-24,1456,5,1,14,3,N,A,N,A,H,A,-,- ,S,00,D,,,,,C,Y,N,D,1,0,0,0,,2,37.64535913,-121.00068495,4
2017,2017-05-27,1240,5,1,12,6,Y,A,N,A,H,A,A,,,09,A,,,,,C,Y,N,A,2,0,0,0,21801.0,2,37.67148995,-121.0221399,4
2017,2017-05-24,1404,5,1,14,3,Y,A,Y,A,H,A,-,- ,,00,D,,,,,C,Y,N,B,2,0,0,0,,2,37.68537964,-120.99424941,3
2017,2017-05-25,711,5,1,7,4,Y,A,N,A,H,A,A,,,08,D,,Y,,,G,N,N,A,1,0,1,0,22107.0,2,37.68889997,-120.97608991,3
2017,2017-05-19,2124,5,1,21,5,N,A,N,A,H,C,N,,W,11,G,Y,,,,B,N,N,A,1,1,0,0,21954.0,2,37.65321,-121.02263807,3
2017,2017-05-15,1341,5,1,13,1,Y,A,N,A,H,A,D,,,09,H,,,,,C,Y,N,D,3,0,0,0,21801.0,2,37.6781999,-120.93190989,3
2017,2017-05-13,1130,5,1,11,6,Y,A,N,A,H,A,D,,,09,A,,,,,C,Y,N,D,2,0,0,0,21801.0,2,37.67531996,-121.02220996,3
2017,2017-05-20,809,5,1,8,6,Y,A,N,A,H,A,A,,,08,-,,,,,C,N,N,A,1,0,0,0,22100.0,2,37.63832,-120.9959199,4
2017,2017-05-23,1849,5,1,18,2,Y,A,N,A,H,A,A,,,12,D,,,,,C,Y,N,A,3,0,0,0,21453.0,2,37.63565992,-121.00183998,4
2017,2017-05-23,1534,5,1,15,2,N,A,N,A,H,A,A,,E,09,D,,,,,C,Y,N,D,1,0,0,0,21801.0,2,37.64599,-121.02019655,4
2017,2017-05-23,1434,5,1,14,2,N,A,N,A,H,A,A,,S,09,D,,,,,C,Y,N,D,1,0,0,0,21801.0,2,37.66640852,-120.97571,3
2017,2017-05-22,1513,5,1,15,1,N,A,N,A,H,A,A,,W,09,D,,,Y,,C,Y,N,D,2,0,0,1,21801.0,2,37.67268089,-120.98603783,3
2017,2017-05-21,1233,5,1,12,7,Y,A,N,A,H,A,A,,,09,D,,,,,C,Y,N,A,2,0,0,0,21802.0,3,37.64266996,-120.99747986,3
2017,2017-05-18,1744,5,1,17,4,Y,A,N,A,H,A,A,,,03,C,,,,,C,N,N,A,1,0,0,0,22350.0,2,37.63211995,-120.99201995,4
2017,2017-05-15,942,5,1,9,1,Y,A,N,A,-,A,A,,,09,F,,,Y,,A,N,N,D,1,0,0,1,21802.0,2,37.63449993,-121.00580988,2
2017,2017-05-09,1502,5,1,15,2,Y,A,N,A,H,A,D,,,09,D,,Y,,,G,N,N,A,1,0,1,0,21453.0,2,37.66761999,-121.01220986,4
2017,2017-05-06,1510,5,1,15,6,N,A,N,A,H,A,D,,W,01,B,,,,,C,,F,D,1,0,0,0,23152.0,2,37.59505457,-121.02275413,4
2017,2017-05-13,721,5,1,7,6,Y,A,N,A,H,A,A,,,01,E,,,,,I,Y,N,A,1,0,0,0,23152.0,1,37.60921991,-121.00150992,3
2017,2017-05-31,1920,5,1,19,3,Y,A,N,A,H,A,A,,,09,D,,Y,,,G,N,N,D,1,0,1,0,21803.0,2,37.67187996,-120.98401988,3
2017,2017-05-31,1418,5,1,14,3,Y,A,N,A,H,A,A,,,12,D,,,,,C,Y,N,A,1,0,0,0,21453.0,2,37.67485995,-121.01230999,4
2017,2017-05-29,2104,5,1,21,1,N,A,N,A,H,C,D,,E,01,B,,,,,C,Y,N,D,1,0,0,0,23152.0,2,37.66357,-120.95094018,2
2017,2017-05-29,2018,5,1,20,1,Y,A,N,A,H,C,A,,,17,D,,,,,C,Y,N,A,1,0,0,0,21451.0,2,37.63761994,-120.98962995,3
2017,2017-05-28,1948,5,1,19,7,Y,A,N,A,H,B,A,,,09,D,,,,,C,Y,N,A,1,0,0,0,21802.0,2,37.67805996,-120.96683997,4
2017,2017-06-19,1509,6,2,15,1,Y,A,N,A,H,A,A,01,,09,D,,,,,C,Y,N,D,1,0,0,0,21801.0,2,37.7326999,-120.93575989,4
2017,2017-06-05,1319,6,2,13,1,Y,A,N,A,H,A,-,- ,,09,D,,,,,D,N,N,D,1,0,0,0,21803.0,2,37.63810992,-121.00104997,4
2017,2017-06-16,1010,6,2,10,5,Y,A,N,A,H,A,A,,,09,D,,,,,C,Y,N,D,1,0,0,0,21802.0,2,37.66405993,-121.01362988,4
2017,2017-06-12,1523,6,2,15,1,N,A,N,A,H,A,A,,W,08,A,,,,,I,Y,N,D,3,0,0,0,22107.0,1,37.67674247,-121.02409817,4
2017,2017-06-02,1827,6,2,18,5,Y,A,N,A,H,A,E,,,01,D,,,,,C,N,F,D,4,0,0,0,23152.0,2,37.70017998,-121.05869986,4
2017,2017-06-23,1605,6,2,16,5,Y,A,N,A,H,A,A,,,09,D,,,,,C,Y,N,D,2,0,0,0,21804.0,2,37.66375995,-120.99791992,4
2017,2017-06-23,1602,6,2,16,5,N,A,N,A,H,A,D,,W,08,B,,,,,C,Y,N,D,1,0,0,0,22100.0,2,37.68921529,-121.00262833,4
2017,2017-06-10,1720,6,2,17,6,N,A,N,A,H,A,L,,W,12,D,,Y,,,G,N,N,D,1,0,1,0,22450.0,2,37.66748499,-121.00313486,4
2017,2017-05-03,1120,5,1,11,3,N,A,Y,A,H,A,A,01,W,03,C,,,,,C,N,N,D,1,0,0,0,22350.0,2,37.76380827,-120.85382432,4
2017,2017-05-21,1448,5,1,14,7,Y,A,Y,A,H,A,A,,,09,D,,,,,C,Y,N,-,2,0,0,0,21801.0,2,37.63957104,-121.00639398,3
2017,2017-05-20,847,5,1,8,6,Y,A,Y,A,H,A,A,,,12,D,,,,,-,Y,N,A,1,0,0,0,21453.0,2,37.65981388,-120.99388134,4
2017,2017-05-19,2156,5,1,21,5,Y,A,Y,A,H,C,A,,,17,D,,,,,C,Y,N,A,2,0,0,0,21451.0,2,37.65097166,-120.99378004,4
2017,2017-05-31,1840,5,1,18,3,Y,A,Y,A,H,A,A,,,09,A,,,,,C,Y,N,A,4,0,0,0,21801.0,2,37.63839187,-120.99959524,3
2017,2017-05-31,931,5,1,9,3,Y,A,Y,A,H,A,-,,,12,D,,,,,C,Y,N,A,1,0,0,0,21453.0,2,37.67256999,-120.99415251,4
2017,2017-06-01,1649,6,2,16,4,Y,A,N,A,H,A,D,,,04,C,,,,,C,Y,N,A,1,0,0,0,21703.0,2,37.68189995,-121.03144994,4
2017,2017-05-30,1449,5,1,14,2,N,A,Y,A,H,A,-,,W,08,A,,,,,I,Y,N,D,1,0,0,0,22107.0,1,37.63824654,-120.92422912,3
2017,2017-05-23,1811,5,1,18,2,Y,A,Y,A,H,A,A,01,,08,D,,,,,C,Y,N,D,1,0,0,0,22107.0,2,37.73268506,-120.96746177,4
2017,2017-06-06,2335,6,2,23,2,N,A,Y,C,A,A,-,- ,S,12,D,,,,,C,Y,N,A,1,0,0,0,21453.0,2,37.64387038,-121.00070956,4
2017,2017-06-05,1707,6,2,17,1,Y,A,Y,A,H,A,A,,,10,G,Y,,,,B,N,N,D,1,1,0,0,21950.0,2,37.64528245,-120.99881588,3
2017,2017-06-29,1955,6,2,19,4,Y,A,Y,A,H,A,A,,,01,C,,,,,C,Y,F,A,1,0,0,0,23152.0,2,37.63818757,-120.9630296,4
2017,2017-06-20,1226,6,2,12,2,Y,A,Y,A,H,A,A,,,12,D,,,,,-,Y,N,A,1,0,0,0,21453.0,2,37.63885747,-121.00735057,4
2017,2017-06-25,1657,6,2,16,7,N,A,Y,A,H,A,-,- ,S,18,H,,,,,A,N,N,A,1,0,0,0,,1,37.6700816,-120.99402034,2
2017,2017-06-29,1645,6,2,16,4,N,A,Y,A,H,A,A,,S,04,C,,,,,C,N,N,A,1,0,0,0,21703.0,2,37.68641103,-120.99426426,4
2017,2017-07-01,2118,7,2,21,6,Y,A,Y,A,H,B,A,,,22,D,,,,,C,Y,N,A,1,0,0,0,,2,37.6780188,-120.99423614,4
2017,2017-06-22,1335,6,2,13,4,Y,A,Y,-,H,A,A,,,09,D,,,,,C,Y,N,A,3,0,0,0,21802.0,2,37.6381978,-120.97131645,4
2017,2017-06-19,2100,6,2,21,1,Y,A,Y,A,H,D,A,,,09,D,,Y,,,G,N,N,A,1,0,1,0,21802.0,2,37.63864713,-121.01054828,4
2017,2017-06-14,1355,6,2,13,3,N,A,N,A,H,A,A,,E,03,C,,,,,C,N,N,D,1,0,0,0,22350.0,2,37.670431,-120.992579,4
2017,2017-06-16,641,6,2,6,5,Y,A,Y,A,H,A,A,,,12,D,,,,,C,Y,N,A,3,0,0,0,21453.0,2,37.688913,-120.99429999,4
2017,2017-06-11,1752,6,2,17,7,N,B,N,A,H,A,A,,S,09,D,,,,,C,Y,N,D,2,0,0,0,21801.0,2,37.6705193,-121.03763286,4
2017,2017-06-23,1256,6,2,12,5,N,A,Y,A,H,A,A,,S,09,D,,,,,C,Y,N,D,2,0,0,0,21801.0,2,37.69068792,-120.99442595,3
2017,2017-06-18,927,6,2,9,7,N,A,Y,A,H,A,A,,E,03,C,,,,,C,Y,N,A,6,0,0,0,22350.0,4,37.63818024,-120.95635772,4
2017,2017-06-05,2058,6,2,20,1,Y,A,N,A,H,D,N,60,,11,G,Y,,,,B,N,N,D,1,1,0,0,21954.0,2,37.48823997,-120.84897989,4
2017,2017-04-01,1400,4,1,14,6,Y,A,Y,A,H,A,-,- ,,00,D,Y,,,Y,B,N,F,A,1,1,0,0,,2,37.6372114,-120.9981781,2
2017,2017-06-02,312,6,2,3,5,N,A,N,A,H,C,A,,E,08,C,,,,,E,Y,N,D,1,0,0,0,22107.0,3,37.63104,-121.00001367,4
2017,2017-06-01,1741,6,2,17,4,Y,A,N,A,H,A,A,,,09,D,,,,,C,Y,N,A,1,0,0,0,21802.0,2,37.63757999,-121.00887993,4
2017,2017-06-01,1717,6,2,17,4,Y,A,N,A,H,A,A,,,09,D,,,,,C,Y,N,A,1,0,0,0,21801.0,2,37.64681998,-120.98533988,4
2017,2017-06-01,1100,6,2,11,4,Y,A,N,A,H,A,A,,,10,G,Y,,,,B,N,N,A,1,1,0,0,21950.0,2,37.66942999,-120.95764996,4
2017,2017-05-19,1442,5,1,14,5,Y,A,N,A,H,A,A,,,09,D,,,,,C,Y,N,A,1,0,0,0,21801.0,2,37.64681998,-120.98533988,4
2017,2017-05-19,1904,5,1,19,5,N,A,N,A,H,A,A,07,S,09,D,,,,,C,N,N,D,3,0,0,0,21804.0,2,37.73182247,-120.95863891,4
2017,2017-05-25,806,5,1,8,4,Y,A,N,A,H,A,-,- ,,00,-,,,,,C,Y,N,A,1,0,0,0,,2,37.49308992,-120.84422998,3
2017,2017-05-30,743,5,1,7,2,Y,A,N,A,H,A,A,01,,12,F,,,,,C,Y,N,A,1,0,0,0,22450.0,3,37.49511,-120.84149997,3
2017,2017-05-06,1021,5,1,10,6,N,A,N,A,H,A,-,- ,N,18,H,,,Y,,A,Y,N,D,1,0,0,1,,1,,,2
2017,2017-05-25,1405,5,1,14,4,N,A,N,A,H,A,N,60,E,11,G,Y,,,,B,N,N,D,1,1,0,0,21954.0,2,37.48671395,-120.8611061,4
2017,2017-05-28,1622,5,1,16,7,Y,A,N,A,H,A,A,01,,08,E,,,,,I,Y,N,A,1,0,0,0,22107.0,1,37.75342997,-120.87719999,4
2017,2017-05-09,1934,5,1,19,2,Y,A,N,A,H,B,A,01,,09,D,,,,,C,Y,N,A,1,0,0,0,21804.0,2,37.74945996,-120.88161999,4
2017,2017-05-27,2141,5,1,21,6,N,A,N,A,H,C,L,04,W,05,G,,Y,,,G,N,N,A,1,0,1,0,21650.0,2,37.49277981,-120.86254791,2
2017,2017-06-08,1414,6,2,14,4,Y,A,Y,A,H,A,G,25,,12,D,,,,Y,C,Y,F,-,2,0,0,0,21453.0,2,37.49517769,-120.87150829,4
2017,2017-05-26,1236,5,1,12,5,N,B,N,A,H,A,A,01,E,04,C,,,,,C,Y,N,D,7,0,0,0,21703.0,5,37.53671001,-120.86376137,3
2017,2017-06-02,1426,6,2,14,5,Y,A,N,A,H,A,A,01,,17,D,,,,,C,Y,N,A,2,0,0,0,21451.0,2,37.53672996,-120.84799999,4
2017,2017-06-20,820,6,2,8,2,N,A,N,A,H,A,G,27,S,03,C,,,,Y,C,N,N,D,1,0,0,0,22350.0,2,37.61043332,-120.9387404,4
2017,2017-06-06,310,6,2,3,2,N,A,N,A,H,A,A,01,N,01,E,,,,,I,Y,N,D,1,0,0,0,23152.0,1,37.5972724,-120.9268,4
2017,2017-05-22,1342,5,1,13,1,N,A,N,A,H,A,A,,N,09,D,,,,,C,Y,N,D,2,0,0,0,21801.0,2,37.63893461,-120.98895272,3
2017,2017-05-10,1908,5,1,19,3,Y,A,N,A,H,A,A,,,08,A,,,,,C,Y,N,A,2,0,0,0,22107.0,2,37.67717993,-121.01233992,4
2017,2017-05-31,1848,5,1,18,3,N,A,N,A,H,C,N,,E,11,G,Y,,,,B,N,N,D,1,1,0,0,21954.0,2,37.65301235,-121.0469148,2
2017,2017-05-25,323,5,1,3,4,Y,A,Y,A,H,C,D,,,12,D,,,,,C,Y,N,A,2,0,0,0,21453.0,2,37.66704507,-121.03361285,4
2017,2017-05-21,900,5,1,9,7,Y,A,N,A,H,A,D,,,09,A,,,,,C,Y,N,A,2,0,0,0,21801.0,2,37.64953997,-121.01199992,4
2017,2017-06-03,1956,6,2,19,6,Y,A,N,A,H,A,-,- ,,09,D,,,,,C,Y,N,A,2,0,0,0,21802.0,2,37.63659996,-121.01185986,4
2017,2017-06-05,15,6,2,0,1,N,A,N,A,H,D,-,,E,08,B,,,,,C,N,F,D,1,0,0,0,22107.0,2,37.66759219,-120.95189718,4
2017,2017-06-04,2253,6,2,22,7,N,A,N,A,H,D,-,- ,S,18,E,,,,,I,N,N,D,2,0,0,0,,1,37.63634219,-120.98470507,4
2017,2017-06-02,2158,6,2,21,5,N,A,N,A,H,D,-,,E,11,G,Y,,,,B,N,N,D,1,1,0,0,21954.0,2,37.68897,-120.96020089,2
2017,2017-06-06,1140,6,2,11,2,Y,A,N,A,H,A,-,,,03,C,,,,,-,N,F,A,1,0,0,0,22350.0,2,37.64598989,-121.03029996,4
2017,2017-06-04,1414,6,2,14,7,N,A,N,A,H,A,-,,N,08,D,,Y,,,G,N,F,D,1,0,1,0,22107.0,2,37.66073282,-121.00756174,3
2017,2017-06-03,2045,6,2,20,6,N,A,N,A,H,D,-,,W,08,B,,Y,,,E,N,N,D,1,0,1,0,22107.0,2,37.65390219,-121.00444369,3
2017,2017-06-17,1154,6,2,11,6,Y,A,N,A,H,A,-,,,12,D,,,,,C,Y,N,A,1,0,0,0,21453.0,2,37.63664998,-121.00297987,4
2017,2017-06-10,41,6,2,0,6,N,A,N,A,H,A,-,,S,01,A,,,,,I,Y,N,A,2,0,0,0,23152.0,1,37.65307643,-121.01203791,3
2017,2017-06-08,1309,6,2,13,4,Y,A,N,A,H,A,-,,,12,-,,,,,C,Y,N,A,2,0,0,0,21453.0,2,37.66717998,-120.95755991,4
2017,2017-06-07,1157,6,2,11,3,N,A,N,A,H,A,-,,E,08,C,,,,,E,Y,N,D,1,0,0,0,22107.0,2,,,3
2017,2017-06-06,1157,6,2,11,2,Y,A,N,A,H,A,-,,,03,A,,,,,C,Y,N,A,1,0,0,0,22350.0,2,37.66356994,-120.95757999,3
2017,2017-06-05,946,6,2,9,1,Y,A,N,A,H,A,-,,,09,D,,,,,C,Y,N,A,2,0,0,0,21803.0,2,37.64097989,-121.00447999,3
2017,2017-06-02,818,6,2,8,5,N,A,N,A,H,A,A,,N,09,D,,,,,C,Y,N,D,3,0,0,0,21804.0,2,37.63863729,-120.92997321,4
2017,2017-06-18,1331,6,2,13,7,Y,A,N,A,H,A,A,,,12,D,,,,,C,Y,N,-,3,0,0,0,21453.0,2,37.67807989,-120.95775998,4