ACCIDENT_YEAR,COLLISION_DATE,COLLISION_TIME,MONTH,SEASON,24HOURS,DAY_OF_WEEK,INTERSECTION,WEATHER_1,STATE_HWY_IND,ROAD_SURFACE,ROAD_COND_1,LIGHTING,STWD_VEHTYPE_AT_FAULT,CHP_VEHTYPE_AT_FAULT,DIRECTION,PCF_VIOL_CATEGORY,TYPE_OF_COLLISION,PEDESTRIAN_ACCIDENT,BICYCLE_ACCIDENT,MOTORCYCLE_ACCIDENT,TRUCK_ACCIDENT,MVIW,TOW_AWAY,HIT_AND_RUN,CONTROL_DEVICE,NUMBER_INJURED,COUNT_PED_INJURED,COUNT_BICYCLIST_INJURED,COUNT_MC_INJURED,PCF_VIOLATION,PARTY_COUNT,POINT_Y,POINT_X,COLLISION_SEVERITY
2017,2017-10-10,1458,10,3,14,2,Y,A,N,A,H,A,A,,,07,B,,,,,C,N,N,A,2,0,0,0,21658.0,2,37.63596997,-121.00387998,4
2017,2017-10-20,1920,10,3,19,5,N,A,N,A,H,C,A,,W,17,A,,,,,C,Y,N,D,1,0,0,0,21657.0,2,37.63492244,-121.00280412,4
2017,2017-10-21,412,10,3,4,6,N,A,N,A,H,C,A,,W,03,E,,,,,I,Y,N,D,2,0,0,0,22350.0,1,37.66470524,-121.02804623,3
2017,2017-10-23,411,10,3,4,1,N,A,N,A,H,C,A,,N,01,C,,,,Y,E,Y,N,D,1,0,0,0,23152.0,2,37.59612578,-120.99359,4
2017,2017-10-23,1928,10,3,19,1,N,A,N,A,H,C,A,,S,10,G,Y,,,,B,Y,N,D,2,2,0,0,21950.0,3,37.60067352,-120.99354,3
2017,2017-10-24,1159,10,3,11,2,N,A,N,A,H,A,D,,W,08,C,,,,,E,Y,N,D,1,0,0,0,22107.0,2,37.66417,-121.02307689,4
2017,2017-11-01,1421,11,3,14,3,Y,A,N,A,H,A,A,,,12,D,,,,,C,N,N,D,1,0,0,0,22450.0,2,37.67805996,-120.96683997,4
2017,2017-11-09,1831,11,3,18,4,N,A,N,A,H,D,A,,W,03,C,,,,,C,N,N,D,1,0,0,0,22350.0,2,,,4
2017,2017-11-11,951,11,3,9,6,N,A,N,A,H,A,A,,E,04,C,,,,,C,N,N,A,1,0,0,0,21703.0,2,37.66995998,-121.0306299,4
2017,2017-11-06,1436,11,3,14,1,Y,A,N,A,H,A,L,,,05,D,,Y,,,G,N,N,A,1,0,1,0,21650.0,2,37.67184999,-120.97572996,4
2017,2017-11-08,1115,11,3,11,3,Y,B,N,A,H,A,-,- ,,18,E,,,,,I,Y,N,A,1,0,0,0,,1,37.68448,-121.03147991,4
2017,2017-11-12,1835,11,3,18,7,N,A,N,A,H,C,A,,E,01,A,,,,,I,Y,N,A,1,0,0,0,23152.0,1,37.68894922,-120.95023417,3
2017,2017-11-13,1146,11,3,11,1,N,A,N,A,H,A,D,,W,03,C,,,,,C,N,N,A,2,0,0,0,22350.0,3,37.6895118,-121.03971439,4
2017,2017-11-06,829,11,3,8,1,Y,A,N,A,H,A,A,,,03,C,,,,,C,Y,N,D,5,0,0,0,22350.0,3,37.61329991,-121.01633992,4
2017,2017-11-06,1621,11,3,16,1,Y,A,N,A,H,A,A,,,03,C,,,,,C,N,N,D,1,0,0,0,22350.0,2,37.699798,-120.97621,4
2017,2017-11-09,725,11,3,7,4,N,B,N,B,H,A,A,,E,03,C,,,,,C,Y,N,A,2,0,0,0,22350.0,2,37.66691674,-120.93810726,4
2017,2017-11-09,2359,11,3,23,4,N,B,N,A,H,C,L,,W,05,A,,Y,,,G,N,F,D,1,0,1,0,21650.0,2,37.69675,-121.04195341,3
2017,2017-11-09,931,11,3,9,4,N,B,N,B,H,A,A,,E,03,A,,,,,E,Y,N,D,1,0,0,0,22350.0,3,37.64266988,-120.93842997,3
2017,2017-11-09,1259,11,3,12,4,N,A,N,A,H,A,L,,E,08,D,,Y,,,G,N,N,A,1,0,1,0,22107.0,2,37.64569853,-120.99485792,3
2017,2017-10-05,1905,10,3,19,4,Y,A,Y,A,H,C,A,01,,09,A,,,,,C,Y,N,D,2,0,0,0,21801.0,2,37.73266003,-120.96430243,3
2017,2017-10-16,1155,10,3,11,1,N,A,N,A,H,A,A,01,E,03,C,,,,,C,Y,N,D,2,0,0,0,22350.0,2,,,4
2017,2017-09-30,1249,9,3,12,6,N,A,Y,A,H,A,D,,N,03,C,,,,,C,N,N,A,1,0,0,0,22350.0,3,37.67433674,-120.99409392,4
2017,2017-09-28,1750,9,3,17,4,Y,A,Y,A,H,A,L,,,09,-,,Y,,,G,N,N,A,1,0,1,0,21804.0,2,37.64892695,-120.99374416,3
2017,2017-09-30,1705,9,3,17,6,Y,A,Y,A,H,A,A,01,,03,C,,,,,C,N,N,A,1,0,0,0,22350.0,2,37.67036653,-120.99402325,3
2017,2017-10-13,1640,10,3,16,5,N,A,Y,A,H,A,A,01,S,08,C,,,,,C,Y,N,D,3,0,0,0,22107.0,2,37.68714766,-120.99437003,2
2017,2017-10-23,1042,10,3,10,1,N,A,N,A,H,A,A,07,E,03,-,,,,Y,C,Y,N,A,1,0,0,0,22350.0,3,37.52181141,-120.8566687,4
2017,2017-10-18,1907,10,3,19,3,Y,A,N,A,H,D,A,01,,09,D,,,,,C,Y,N,A,3,0,0,0,21802.0,2,37.47447999,-120.83068988,4
2017,2017-10-19,2110,10,3,21,4,Y,A,N,A,H,-,A,01,,03,C,,,,,C,,N,A,2,0,0,0,22350.0,3,37.53667992,-120.86672999,4
2017,2017-10-31,1010,10,3,10,2,N,A,N,A,H,A,A,01,N,01,C,,,,,C,N,N,A,1,0,0,0,23152.0,2,37.51954495,-120.84897415,4
2017,2017-10-27,1953,10,3,19,5,Y,A,N,A,H,C,A,,,09,D,,,,,C,Y,N,A,1,0,0,0,21801.0,2,37.66406995,-121.01671986,3
2017,2017-10-21,1117,10,3,11,6,N,A,Y,A,H,A,A,,S,03,C,,,,,C,N,N,A,1,0,0,0,22350.0,2,37.68125841,-120.99428272,4
2017,2017-10-31,855,10,3,8,2,N,A,N,A,H,A,A,01,S,03,C,,,,,C,Y,N,A,1,0,0,0,22350.0,3,37.60108736,-120.93870478,4
2017,2017-11-01,802,11,3,8,3,N,A,N,A,H,A,-,- ,N,18,C,,,,,E,Y,N,D,1,0,0,0,,4,37.6639443,-120.93938392,4
2017,2017-11-01,959,11,3,9,3,Y,A,N,A,H,A,A,,,12,H,,,Y,,A,N,N,A,1,0,0,1,21453.0,2,37.63905,-120.99494994,3
2017,2017-11-01,1414,11,3,14,3,Y,A,N,A,H,A,A,,,12,D,,,,,C,Y,N,A,2,0,0,0,22450.0,2,,,4
2017,2017-11-01,1900,11,3,19,3,N,A,N,A,H,B,A,,E,21,D,,,,,C,Y,F,D,1,0,0,0,22106.0,2,37.660525,-121.02163461,4
2017,2017-11-02,1447,11,3,14,4,N,A,N,A,H,A,A,,S,09,D,,,,,C,Y,N,A,1,0,0,0,21801.0,2,37.64915957,-121.00745034,4
2017,2017-11-03,1506,11,3,15,5,N,A,N,A,H,A,A,,W,04,C,,,,,C,N,N,A,1,0,0,0,21703.0,2,37.67806,-120.96502914,4
2017,2017-11-03,1604,11,3,16,5,Y,B,N,A,H,A,A,,,09,D,,,,,C,Y,N,A,2,0,0,0,21802.0,2,37.6378799,-121.00616996,4
2017,2017-11-04,1840,11,3,18,6,Y,A,N,A,H,C,-,,,04,C,,,,,C,N,N,D,2,0,0,0,21703.0,2,37.62762998,-120.99925991,4
2017,2017-10-24,1630,10,3,16,2,Y,A,N,A,H,A,-,,,09,D,,,,,C,N,N,A,1,0,0,0,21802.0,2,37.59477997,-120.86999991,4
2017,2017-10-19,755,10,3,7,4,Y,A,N,A,H,A,A,01,,17,D,,,,,C,Y,N,A,2,0,0,0,21451.0,2,37.64816992,-121.01203999,4
2017,2017-10-23,804,10,3,8,1,N,A,N,A,H,A,A,,E,03,C,,,,,C,N,N,D,1,0,0,0,22350.0,3,37.68171,-120.97392451,3
2017,2017-10-23,834,10,3,8,1,Y,A,N,A,H,A,D,,,10,G,Y,,,,B,N,N,A,1,1,0,0,21950.0,2,37.6421699,-121.00050994,4
2017,2017-10-23,758,10,3,7,1,Y,A,N,A,H,A,D,,,08,D,,Y,,,G,N,F,A,1,0,1,0,22107.0,2,37.67148995,-121.0221399,3
2017,2017-10-23,1444,10,3,14,1,N,A,N,A,H,A,C,,S,03,C,,,Y,,C,Y,N,A,1,0,0,1,22350.0,2,37.655209,-120.95744,4
2017,2017-10-23,2259,10,3,22,1,N,A,N,A,H,C,A,,N,01,D,,,,,E,Y,N,D,1,0,0,0,23152.0,3,37.64397189,-120.95723735,4
2017,2017-10-24,821,10,3,8,2,N,A,N,A,H,A,A,07,E,10,G,Y,,,,B,N,F,D,1,1,0,0,21950.0,2,37.6443527,-120.99037185,3
2017,2017-10-25,836,10,3,8,3,Y,A,N,A,H,A,D,,,09,D,,,,,C,N,N,D,2,0,0,0,21802.0,2,37.6724499,-121.01044995,4
2017,2017-10-26,1716,10,3,17,4,N,A,N,A,H,A,D,,E,05,A,,,,,C,Y,F,D,1,0,0,0,21650.0,2,37.67571124,-120.97392807,4
2017,2017-10-27,738,10,3,7,5,Y,A,N,A,H,A,D,,,09,D,,,,,C,Y,N,D,2,0,0,0,21804.0,2,37.65583,-120.97559995,4
2017,2017-10-27,1355,10,3,13,5,Y,A,N,A,H,A,A,,,09,D,,,,,C,Y,N,A,2,0,0,0,21801.0,2,37.67711,-121.01915995,4
2017,2017-10-27,1633,10,3,16,5,N,A,N,A,H,A,A,,W,03,C,,,,,C,Y,N,D,1,0,0,0,22350.0,2,37.65294817,-120.95841482,4
2017,2017-10-25,1201,10,3,12,3,N,A,N,A,H,A,A,,S,03,C,,,,,C,Y,N,D,3,0,0,0,22350.0,3,37.64652538,-120.95726824,4
2017,2017-10-29,2225,10,3,22,7,Y,A,N,A,H,C,A,,,12,D,,,,,C,Y,N,A,1,0,0,0,22450.0,2,37.63974992,-120.9939999,4
2017,2017-10-31,1321,10,3,13,2,Y,A,N,A,H,A,A,,,12,D,,,,,C,Y,N,A,2,0,0,0,21453.0,3,37.66778989,-121.03137999,4
2017,2017-10-31,1644,10,3,16,2,Y,A,N,A,H,A,A,,,03,C,,,,Y,C,Y,N,A,2,0,0,0,22350.0,2,37.66030996,-121.00754995,3
2017,2017-10-11,447,10,3,4,3,N,A,N,A,H,C,A,,,08,E,,,,,I,Y,N,A,1,0,0,0,22107.0,1,37.68487,-121.0507899,4
2017,2017-10-31,1730,10,3,17,2,N,B,N,A,H,B,A,,S,09,A,,,,,C,Y,N,D,3,0,0,0,21801.0,2,37.66885339,-120.95763746,4
2017,2017-10-27,1836,10,3,18,5,Y,A,N,A,H,C,D,,,09,D,,,,,C,N,N,D,1,0,0,0,21802.0,2,37.65466993,-121.01201996,4
2017,2017-10-28,2021,10,3,20,6,Y,A,N,A,H,C,A,,,09,D,,,,,C,Y,N,D,1,0,0,0,21802.0,2,37.70018,-121.0587,4
2017,2017-10-30,1727,10,3,17,1,Y,A,N,A,H,B,A,,,09,D,Y,,,,C,Y,N,D,2,1,0,0,21803.0,3,37.64722989,-121.00150993,4
2017,2017-10-16,1348,10,3,13,1,Y,A,N,A,H,A,A,,,03,C,,,,,C,N,F,A,3,0,0,0,22350.0,2,37.66995998,-121.0306299,4
2017,2017-09-22,725,9,3,7,5,N,A,N,A,H,A,A,,W,03,C,,,,,C,Y,N,A,1,0,0,0,22350.0,3,37.68933897,-121.01285539,4
2017,2017-10-28,740,10,3,7,6,Y,A,N,A,H,A,A,01,,12,D,,,,,C,Y,N,A,2,0,0,0,21453.0,2,37.59482995,-120.9752599,3
2017,2017-09-23,8,9,3,0,6,N,A,N,A,H,C,A,,W,07,B,,,,,C,N,F,D,1,0,0,0,21658.0,2,37.66373027,-120.99618727,4
2017,2017-11-02,1524,11,3,15,4,N,A,N,A,H,A,D,22,E,08,C,,,,,C,N,N,A,1,0,0,0,22107.0,2,,,4
2017,2017-11-02,1101,11,3,11,4,Y,A,Y,A,H,A,D,22,,09,D,,,,,C,Y,N,A,2,0,0,0,21801.0,2,37.73713293,-120.94495382,4
2017,2017-09-27,1135,9,3,11,3,N,A,N,A,H,A,A,01,,03,C,,,,,C,N,N,D,1,0,0,0,22350.0,2,,,4
2017,2017-09-08,1229,9,3,12,5,Y,A,Y,A,H,A,A,01,,03,D,,,,,C,Y,N,A,1,0,0,0,22350.0,2,37.76776644,-120.84440711,4
2017,2017-11-06,832,11,3,8,1,N,A,N,A,H,A,A,08,W,08,B,,,,,C,Y,N,D,2,0,0,0,22107.0,2,37.59834048,-120.94705141,3
2017,2017-10-14,1932,10,3,19,6,Y,A,N,A,H,D,L,04,,14,H,,Y,,,G,N,N,D,1,0,1,0,21201.0,2,37.75813992,-120.87091989,4
2017,2017-10-06,1324,10,3,13,5,Y,A,N,A,H,A,A,01,,09,D,,,,,C,Y,N,A,1,0,0,0,21802.0,2,37.76693993,-120.84272991,4
2017,2017-10-15,159,10,3,1,7,Y,A,N,A,H,C,A,01,,08,A,,,,,C,N,F,A,2,0,0,0,22107.0,2,37.59475997,-120.94782999,3
2017,2017-08-29,1400,8,2,14,2,Y,A,N,A,H,A,L,04,,05,D,,Y,,,G,N,N,A,1,0,1,0,21650.0,2,37.64722989,-120.92616993,4
2017,2017-09-21,2236,9,3,22,4,N,A,N,A,H,C,L,04,E,12,D,,Y,,,G,N,N,A,1,0,1,0,21453.0,2,37.76202411,-120.84382635,3
2017,2017-11-06,1823,11,3,18,1,Y,A,N,A,H,C,A,,,01,D,,,,,C,Y,F,A,1,0,0,0,23152.0,2,37.64501989,-120.98940999,4
2017,2017-11-07,739,11,3,7,2,Y,A,N,A,H,A,A,,,09,D,,,,,C,N,N,A,2,0,0,0,21802.0,2,37.6735999,-121.0313099,4
2017,2017-11-06,1657,11,3,16,1,Y,A,N,A,H,A,A,,,09,D,,,,,C,N,N,A,2,0,0,0,21803.0,2,37.678255,-120.939775,4
2017,2017-11-07,608,11,3,6,2,Y,A,N,A,H,B,A,,,12,D,,,,,C,Y,N,A,2,0,0,0,21453.0,2,37.68889997,-120.97608991,4
2017,2017-11-07,1905,11,3,19,2,N,A,N,A,H,C,A,,E,06,B,,,,,C,Y,N,D,1,0,0,0,21750.0,2,37.66375385,-120.99758183,4
2017,2017-11-09,649,11,3,6,4,N,B,N,B,H,A,D,,N,09,D,,,,,C,Y,N,A,1,0,0,0,21804.0,2,37.69004701,-121.03156279,4
2017,2017-11-09,1545,11,3,15,4,Y,B,N,A,H,A,A,,,09,D,,,,,C,N,N,A,2,0,0,0,21801.0,2,37.63211995,-120.99201995,4
2017,2017-11-10,1154,11,3,11,5,Y,A,N,A,H,A,A,,,09,D,,,,,C,Y,N,A,2,0,0,0,21802.0,2,37.64069992,-120.99515994,4
2017,2017-11-10,1608,11,3,16,5,N,A,N,A,H,B,A,,,08,A,,,,,C,Y,N,D,1,0,0,0,22107.0,2,37.66995998,-121.0306299,4
2017,2017-11-11,900,11,3,9,6,Y,A,N,A,H,A,A,,,00,D,,,,,C,Y,N,A,1,0,0,0,21453.0,2,37.64242989,-120.99539987,3
2017,2017-11-11,1738,11,3,17,6,N,A,N,A,H,C,N,,N,00,G,Y,,,,B,N,N,D,1,1,0,0,21951.0,2,,,3
2017,2017-11-12,2323,11,3,23,7,Y,A,N,A,H,C,A,,,12,D,,,,,C,Y,N,A,4,0,0,0,21453.0,2,37.66404999,-121.01219988,2
2017,2017-11-13,3,11,3,0,1,N,A,N,A,H,C,D,,E,08,E,,,,,I,Y,N,D,1,0,0,0,22107.0,1,37.62435345,-121.02783336,4
2017,2017-11-06,908,11,3,9,1,Y,A,N,A,H,A,A,,,12,D,,,,,C,Y,N,A,2,0,0,0,21453.0,2,37.66417992,-121.02201991,4
2017,2017-11-08,1725,11,3,17,3,N,A,N,A,H,C,-,- ,E,18,E,,,,,I,Y,N,A,1,0,0,0,,1,37.66718,-120.95752545,4
2017,2017-11-09,1240,11,3,12,4,Y,B,N,A,H,A,D,,,12,D,,,,,C,N,N,A,1,0,0,0,21453.0,2,37.68951989,-121.02658993,4
2017,2017-11-10,1806,11,3,18,5,Y,A,N,A,H,C,E,,,09,D,,,,,C,Y,N,D,1,0,0,0,21802.0,2,37.67824997,-120.92143993,3
2017,2017-11-13,758,11,3,7,1,Y,A,N,A,H,A,A,,,03,C,,,,,C,Y,N,A,2,0,0,0,22350.0,2,37.6301499,-120.99465992,4
2017,2017-11-13,1722,11,3,17,1,Y,A,N,A,H,C,A,,,12,D,,,,,C,Y,N,A,1,0,0,0,21453.0,2,37.64384992,-121.00072986,3
2017,2017-11-14,1219,11,3,12,2,N,A,N,A,H,A,D,,E,03,C,,,,,C,Y,F,D,2,0,0,0,22350.0,3,37.66411107,-121.01898472,3
2017,2017-11-06,439,11,3,4,1,Y,A,N,A,H,C,F,,,12,D,,,,Y,C,Y,N,A,1,0,0,0,21453.0,2,37.63471992,-121.00069996,3
2017,2017-10-25,1745,10,3,17,3,Y,A,N,A,H,A,A,01,,06,C,,,,,C,N,N,A,1,0,0,0,21755.0,2,37.7340799,-120.93866989,4
2017,2017-10-21,545,10,3,5,6,N,A,N,A,H,C,A,,S,01,B,,,,,E,Y,N,A,1,0,0,0,23152.0,3,37.64333538,-120.9720576,4
2017,2017-10-21,2101,10,3,21,6,N,A,N,A,H,C,D,,W,09,D,,,,,C,Y,N,D,1,0,0,0,21801.0,2,37.6896899,-121.03155988,4
2017,2017-08-31,430,8,2,4,4,N,A,N,A,H,C,-,,W,03,A,,,,,I,Y,N,A,3,0,0,0,22350.0,1,37.76556504,-120.84962621,2
2017,2017-08-10,1648,8,2,16,4,N,A,N,A,H,A,-,- ,E,18,H,,,Y,,H,N,N,D,1,0,0,1,,1,37.77202303,-120.86134955,4
2017,2017-09-26,1232,9,3,12,2,Y,A,Y,A,H,A,D,22,,03,C,,,,,C,N,N,D,1,0,0,0,22350.0,2,37.76605749,-120.84844704,4
2017,2017-11-06,1833,11,3,18,1,N,A,Y,A,H,B,A,01,W,01,C,,,,,C,Y,N,A,2,0,0,0,23152.0,3,37.77230404,-120.83212738,4
2017,2017-11-01,2000,11,3,20,3,N,A,N,A,H,C,A,01,E,17,D,,,,,C,Y,N,D,2,0,0,0,24250.0,2,37.764557,-120.83228677,4
2017,2017-10-18,1903,10,3,19,3,N,A,Y,A,H,C,A,01,E,10,G,Y,,,,B,N,N,A,1,1,0,0,21950.0,2,37.77258983,-120.85105742,4
2017,2017-10-22,2146,10,3,21,7,Y,A,N,A,H,C,L,04,,05,B,,Y,,,G,N,N,A,1,0,1,0,21650.0,2,37.76187996,-120.86203989,4
2017,2017-10-18,1550,10,3,15,3,Y,A,Y,A,H,A,A,01,,09,D,,,Y,,C,N,N,D,1,0,0,1,21802.0,2,37.76741204,-120.84523461,4
2017,2017-11-09,830,11,3,8,4,N,C,Y,B,H,A,-,,,05,B,,,,,C,N,F,A,1,0,0,0,21651.0,2,37.66323645,-120.99392767,4
2017,2017-11-01,1107,11,3,11,3,N,A,Y,A,H,A,A,,S,09,D,,,,,C,N,N,D,1,0,0,0,21804.0,2,37.69506168,-120.99449366,4
2017,2017-11-13,615,11,3,6,1,Y,A,Y,A,H,A,A,,,09,A,,,,,C,Y,N,A,1,0,0,0,21801.0,2,37.63957104,-121.00639398,3
2017,2017-11-14,1002,11,3,10,2,N,A,Y,A,H,A,A,,N,09,D,,,Y,,C,N,N,A,1,0,0,1,21804.0,2,37.68980182,-120.99441038,4
2017,2017-11-12,915,11,3,9,7,Y,A,Y,-,H,A,A,,,08,A,,,,,C,Y,N,A,4,0,0,0,22107.0,2,37.64572194,-120.99381927,3
2017,2017-09-08,2219,9,3,22,5,N,A,Y,A,H,C,A,01,W,03,C,,,,,C,Y,N,A,1,0,0,0,22350.0,2,37.63816992,-120.94879298,2
2017,2017-10-25,831,10,3,8,3,N,A,Y,A,H,A,A,01,N,09,D,,,,,C,Y,N,A,1,0,0,0,21801.0,2,37.73287338,-120.94539015,4
2017,2017-10-31,1813,10,3,18,2,N,A,N,A,H,A,A,01,E,08,D,,,,,C,N,N,D,1,0,0,0,22107.0,2,37.59476,-120.94117558,4
2017,2017-10-30,2144,10,3,21,1,Y,A,Y,A,H,C,A,,,12,D,,,,,C,Y,N,A,1,0,0,0,21453.0,2,37.6372114,-120.9981781,3
2017,2017-10-14,552,10,3,5,6,N,A,Y,A,H,C,A,01,W,00,B,,,,,C,Y,N,A,1,0,0,0,23123.0,2,37.75762748,-120.86845243,4
2017,2017-10-03,1215,10,3,12,2,Y,A,Y,A,H,A,-,,,09,D,,,,,C,N,N,A,1,0,0,0,21802.0,2,37.76776644,-120.84440711,3
2017,2017-10-12,1635,10,3,16,4,Y,A,Y,A,H,A,A,01,,00,C,,,,,C,Y,N,A,1,0,0,0,21703.0,2,37.76309955,-120.85544023,4
2017,2017-10-07,1859,10,3,18,6,N,A,Y,A,H,B,-,,E,10,G,Y,,,,B,Y,N,D,1,1,0,0,21950.0,2,37.76387616,-120.85366203,2
2017,2017-10-18,1215,10,3,12,3,Y,A,Y,A,H,A,A,01,,09,D,,,,,C,Y,N,D,2,0,0,0,21801.0,2,37.76776644,-120.84440711,4
2017,2017-09-21,1652,9,3,16,4,N,A,N,A,H,A,A,01,N,09,D,,,,,C,Y,N,D,1,0,0,0,21804.0,2,37.75627484,-120.84010289,4
2017,2017-08-08,2214,8,2,22,2,N,A,N,A,H,C,A,01,W,01,C,,,,,C,Y,N,D,1,0,0,0,23152.0,2,37.75542954,-120.86601889,3
2017,2017-10-27,1627,10,3,16,5,N,A,Y,A,H,A,A,,S,03,C,,,,,C,Y,N,A,1,0,0,0,22350.0,3,37.66252328,-120.99401316,3
2017,2017-07-05,2117,7,2,21,3,N,A,N,A,H,D,A,01,S,10,G,Y,,,,B,N,N,D,1,1,0,0,21950.0,2,37.326678,-121.018991,4
2017,2017-11-12,1456,11,3,14,7,N,A,Y,A,H,A,-,,E,22,C,,,,,C,Y,N,A,1,0,0,0,,2,37.32512056,-121.02442578,4
2017,2017-10-01,1605,10,3,16,7,Y,A,Y,A,H,A,A,01,,12,D,,,,,C,Y,N,A,2,0,0,0,22450.0,3,37.31110008,-121.01962986,4
2017,2017-08-13,844,8,2,8,7,N,A,N,A,H,A,A,01,,03,F,,,,,A,N,N,D,1,0,0,0,22350.0,1,,,4
2017,2017-11-20,835,11,3,8,1,N,B,N,A,H,A,A,01,W,03,C,,,,,C,N,F,A,1,0,0,0,22350.0,2,37.61303876,-120.97542903,4
2017,2017-11-21,125,11,3,1,2,Y,A,N,A,H,C,A,01,,08,E,,,,,I,Y,N,D,1,0,0,0,22107.0,2,37.58864991,-120.95218,3
2017,2017-11-09,800,11,3,8,4,N,B,N,B,H,A,A,07,W,03,C,,,,,C,Y,N,D,2,0,0,0,22350.0,2,37.60929,-120.93366378,3
2017,2017-11-14,1746,11,3,17,2,Y,A,N,A,H,C,A,,,09,D,,,,,C,Y,N,D,2,0,0,0,21801.0,2,37.68939,-121.01481995,4
2017,2017-11-14,1623,11,3,16,2,Y,A,N,A,H,A,A,,,03,C,,,,,C,N,N,A,2,0,0,0,22350.0,2,37.69853992,-121.07196988,4
2017,2017-10-24,830,10,3,8,2,Y,A,N,A,H,A,A,,,03,C,,,,,C,Y,N,D,2,0,0,0,22350.0,2,37.66030996,-121.00754995,4
2017,2017-10-29,405,10,3,4,7,N,A,N,A,H,C,A,,E,01,E,,,,,I,Y,N,D,1,0,0,0,23152.0,1,37.6676174,-120.95217173,3
2017,2017-10-31,13,10,3,0,2,Y,A,N,A,H,C,-,,,03,D,,,,,C,Y,M,A,1,0,0,0,22350.0,2,,,4
2017,2017-11-14,740,11,3,7,2,Y,A,N,A,H,A,D,22,,09,D,,,,,C,Y,N,A,2,0,0,0,21802.0,2,37.60534995,-120.96615993,3
2017,2017-11-17,1605,11,3,16,5,N,A,N,A,H,A,D,22,W,03,C,,,,,C,N,N,D,1,0,0,0,22350.0,2,37.58024,-120.94289119,3
2017,2017-10-30,1123,10,3,11,1,Y,A,N,A,H,A,I,12,,12,D,,,,,C,Y,N,D,3,0,0,0,22450.0,2,37.50724997,-120.83078986,4
2017,2017-11-18,1418,11,3,14,6,N,A,N,A,H,A,A,01,S,09,D,,,,,C,Y,N,A,1,0,0,0,21801.0,2,37.59394811,-120.9387,4
2017,2017-10-12,805,10,3,8,4,N,A,N,A,H,A,A,01,E,21,D,,Y,,,G,N,N,D,1,0,1,0,22106.0,2,37.5912,-120.97190879,3
2017,2017-11-05,1736,11,3,17,7,Y,A,N,A,H,C,A,01,,09,D,,,,,C,Y,N,A,1,0,0,0,21801.0,2,37.51465999,-120.86949996,4
2017,2017-11-06,740,11,3,7,1,N,A,N,A,H,A,L,04,W,08,D,,Y,,,G,N,N,D,1,0,1,0,22107.0,2,37.52558487,-120.87546096,3
2017,2017-11-07,737,11,3,7,2,Y,A,N,A,H,A,A,01,,17,D,,Y,,,G,N,N,A,1,0,1,0,21451.0,2,37.51465999,-120.86949996,3
2017,2017-11-09,1319,11,3,13,4,N,C,N,B,H,A,A,01,N,21,G,Y,,,,B,N,N,D,1,1,0,0,22106.0,2,37.49548376,-120.84694376,3
2017,2017-11-21,2052,11,3,20,2,N,A,N,A,H,C,A,,W,08,E,,,,,I,N,N,D,1,0,0,0,22107.0,2,37.62596055,-121.01872215,4
2017,2017-11-08,1038,11,3,10,3,Y,B,N,A,H,A,A,,,08,D,,,,,C,N,N,A,2,0,0,0,22102.0,2,37.63950995,-120.99916986,4
2017,2017-11-22,801,11,3,8,3,Y,A,N,A,H,A,A,,,03,C,,,,,C,Y,N,D,1,0,0,0,22350.0,2,37.68888997,-120.97170996,4
2017,2017-11-10,1401,11,3,14,5,Y,A,N,A,H,A,-,- ,,12,D,,,,,C,Y,N,A,1,0,0,0,21453.0,2,37.64384992,-121.00072986,4
2017,2017-11-22,1239,11,3,12,3,N,A,N,A,H,A,A,,S,03,C,,,,,C,N,N,A,4,0,0,0,22350.0,3,37.6663,-121.03132,4
2017,2017-11-15,1007,11,3,10,3,N,B,N,A,H,A,-,- ,E,18,A,,,,,I,Y,N,D,1,0,0,0,,1,37.68571525,-121.04309426,3
2017,2017-11-22,1648,11,3,16,3,Y,A,N,A,H,B,A,,,01,A,,,,,I,Y,N,D,1,0,0,0,23152.0,2,37.68341996,-120.95496998,4
2017,2017-11-15,1445,11,3,14,3,N,B,N,A,H,A,A,,N,09,D,,,,,C,Y,N,A,1,0,0,0,21801.0,4,37.62812753,-121.01185691,4
2017,2017-11-24,1331,11,3,13,5,N,A,N,A,H,A,M,,S,08,A,,,,,J,N,N,A,1,0,0,0,22107.0,2,37.64131814,-120.94808071,3
2017,2017-11-16,851,11,3,8,4,Y,B,N,B,H,A,A,,,09,D,,,,,C,Y,N,A,1,0,0,0,21802.0,2,37.64362997,-120.97434997,4
2017,2017-11-24,1400,11,3,14,5,Y,A,N,A,H,A,E,,,12,D,,,,,C,Y,N,A,2,0,0,0,21453.0,2,37.67148995,-121.0221399,4
2017,2017-11-16,1320,11,3,13,4,N,C,N,B,H,A,A,,N,09,D,,,,,C,N,N,A,1,0,0,0,21804.0,2,37.68214716,-121.03145229,4
2017,2017-11-25,651,11,3,6,6,Y,A,N,A,H,A,A,,,12,D,,,,,C,Y,N,A,5,0,0,0,21453.0,2,37.66404999,-121.01219988,4
2017,2017-11-16,1356,11,3,13,4,N,C,N,B,H,A,A,,E,08,A,,,,,I,Y,N,A,1,0,0,0,22107.0,1,37.63141608,-121.01735023,3
2017,2017-11-16,1501,11,3,15,4,N,C,N,B,G,A,A,,W,09,D,,,,,C,N,N,D,1,0,0,0,21804.0,2,37.67808,-120.95886566,4
2017,2017-11-16,1955,11,3,19,4,N,B,N,B,G,D,A,,W,03,B,,,,,C,Y,N,D,5,0,0,0,22350.0,4,37.66416138,-121.0263823,4
2017,2017-11-16,2044,11,3,20,4,N,C,N,B,H,C,A,,W,03,C,,,,,C,N,N,A,1,0,0,0,22350.0,3,37.67808,-120.95781183,4