ACCIDENT_YEAR,COLLISION_DATE,COLLISION_TIME,MONTH,SEASON,24HOURS,DAY_OF_WEEK,INTERSECTION,WEATHER_1,STATE_HWY_IND,ROAD_SURFACE,ROAD_COND_1,LIGHTING,STWD_VEHTYPE_AT_FAULT,CHP_VEHTYPE_AT_FAULT,DIRECTION,PCF_VIOL_CATEGORY,TYPE_OF_COLLISION,PEDESTRIAN_ACCIDENT,BICYCLE_ACCIDENT,MOTORCYCLE_ACCIDENT,TRUCK_ACCIDENT,MVIW,TOW_AWAY,HIT_AND_RUN,CONTROL_DEVICE,NUMBER_INJURED,COUNT_PED_INJURED,COUNT_BICYCLIST_INJURED,COUNT_MC_INJURED,PCF_VIOLATION,PARTY_COUNT,POINT_Y,POINT_X,COLLISION_SEVERITY
2018,2018-08-11,140,8,2,1,6,Y,A,N,A,H,C,-,- ,,00,H,,,Y,,C,N,F,D,1,0,0,0,,2,,,2
2018,2018-08-20,1009,8,2,10,1,Y,A,N,A,H,A,N,60,,11,G,Y,,,,B,N,N,A,1,1,0,0,21954.0,2,37.500370025634766,-120.85082244873048,3
2018,2018-07-28,2158,7,2,21,6,Y,A,N,A,H,C,L,04,,09,D,,Y,,,G,N,N,A,1,0,1,0,21804.0,2,37.47555923461913,-120.84902191162108,2
2018,2018-07-25,1523,7,2,15,3,Y,A,N,A,H,A,A,01,,08,G,Y,,,,B,N,N,A,1,1,0,0,22100.0,2,37.507369995117195,-120.85810089111328,4
2018,2018-07-26,1245,7,2,12,4,N,A,N,A,H,A,A,07,E,03,C,,,,,C,N,N,A,1,0,0,0,22350.0,3,37.50727462768555,-120.87075042724608,4
2018,2018-07-18,2130,7,2,21,3,Y,A,N,A,H,C,N,60,,11,G,Y,,,,B,N,F,D,1,1,0,0,21950.0,2,37.50728988647461,-120.84356689453124,3
2018,2018-07-23,1429,7,2,14,1,Y,A,N,A,H,A,A,07,,09,D,,,,,C,Y,N,A,4,0,0,0,21802.0,3,37.50048828125,-120.84658813476562,3
2018,2018-07-22,2142,7,2,21,7,N,A,N,A,H,C,A,07,S,07,B,,,,,C,N,N,D,4,0,0,0,21658.0,2,37.53183364868164,-120.88808441162108,3
2018,2018-07-07,1413,7,2,14,6,Y,A,N,A,H,A,A,01,,17,A,,,,,C,Y,N,A,2,0,0,0,21451.0,2,37.5367317199707,-120.84799957275392,3
2018,2018-07-19,2119,7,2,21,4,N,A,N,A,H,A,C,02,S,08,-,,,Y,,-,Y,N,A,1,0,0,1,22107.0,1,,,3
2018,2018-07-27,1633,7,2,16,5,N,A,N,A,H,A,A,01,N,03,C,,,,,C,N,M,A,1,0,0,0,22350.0,2,37.49274826049805,-120.84383392333984,3
2018,2018-07-29,1722,7,2,17,7,Y,A,N,A,H,A,A,01,,12,F,,,,,C,Y,N,A,2,0,0,0,21453.0,2,37.521820068359375,-120.830810546875,3
2018,2018-07-29,1908,7,2,19,7,Y,A,N,A,H,A,A,01,,03,-,,,,,C,N,N,A,1,0,0,0,22350.0,2,37.47454071044922,-120.84221649169922,4
2018,2018-07-22,2224,7,2,22,7,N,A,N,A,H,C,D,22,S,09,A,,,,,C,N,N,D,2,0,0,0,21801.0,2,37.6047248840332,-120.9714584350586,4
2018,2018-03-12,1541,3,1,15,1,N,B,N,A,H,A,A,,S,03,C,,,,,C,N,N,D,3,0,0,0,22350.0,4,37.67101287841797,-121.03820037841795,3
2018,2018-07-21,2244,7,2,22,6,N,A,N,A,H,C,A,01,E,03,B,,,,,C,N,F,A,3,0,0,0,22350.0,2,37.609233856201165,-120.96916961669922,3
2018,2018-08-05,1826,8,2,18,7,N,A,N,A,H,A,A,01,S,08,E,,,,,I,Y,N,D,1,0,0,0,22107.0,1,37.597293853759766,-120.96296691894533,3
2018,2018-08-01,1155,8,2,11,3,Y,A,N,A,H,A,A,,,09,D,,,,,C,Y,N,D,1,0,0,0,21802.0,2,37.639751434326165,-120.99400329589844,3
2018,2018-08-01,334,8,2,3,3,N,A,N,A,H,C,-,,E,08,B,,,,,C,Y,F,D,1,0,0,0,22107.0,3,37.66416931152344,-121.02454376220705,3
2018,2018-08-02,1246,8,2,12,4,N,A,N,A,H,A,D,,S,03,C,,,,,C,N,F,A,1,0,0,0,22350.0,2,37.6673240661621,-121.03135681152344,4
2018,2018-08-25,2126,8,2,21,6,Y,A,N,A,H,C,A,01,,03,C,,,,,C,N,N,D,2,0,0,0,22350.0,2,37.49267959594727,-120.88539886474608,4
2018,2018-08-19,1455,8,2,14,7,N,A,N,A,D,A,D,22,E,03,C,,,,,C,N,N,A,1,0,0,0,22350.0,3,37.492778778076165,-120.8663330078125,4
2018,2018-08-28,2142,8,2,21,2,Y,A,N,A,H,C,A,01,,08,C,,,,,E,Y,N,D,1,0,0,0,22107.0,2,37.51462936401367,-120.84295654296876,4
2018,2018-08-22,1407,8,2,14,3,Y,A,N,A,H,A,A,01,,09,D,,,,,C,N,N,A,2,0,0,0,21801.0,2,37.52767181396485,-120.8761978149414,4
2018,2018-08-23,2039,8,2,20,4,Y,A,N,A,H,C,L,04,,05,D,,Y,,,G,N,N,A,1,0,1,0,21650.0,2,37.51005172729492,-120.84897613525392,3
2018,2018-08-07,1126,8,2,11,2,Y,A,N,A,H,A,L,,,05,H,,Y,,,G,N,N,A,1,0,1,0,21650.0,2,37.67327117919922,-121.0221710205078,3
2018,2018-08-07,1354,8,2,13,2,Y,A,N,A,H,A,A,01,,12,D,,,,,C,Y,N,A,2,0,0,0,21453.0,2,37.671489715576165,-121.02214050292967,3
2018,2018-08-07,1225,8,2,12,2,Y,A,N,A,H,A,-,- ,,- ,D,,,,,C,Y,N,A,1,0,0,0,,4,37.67805862426758,-120.9668426513672,4
2018,2018-08-18,1137,8,2,11,6,N,A,N,A,H,A,A,,E,08,G,Y,,,,B,N,F,D,0,0,0,0,22107.0,2,37.620548248291016,-121.01465606689452,1
2018,2018-08-18,1627,8,2,16,6,Y,A,N,A,H,A,A,,,09,D,,,,,C,Y,N,A,1,0,0,0,21801.0,2,37.637401580810554,-121.0019989013672,3
2018,2018-08-19,1108,8,2,11,7,N,A,N,A,H,A,D,,S,03,C,,,,,C,Y,N,A,1,0,0,0,22350.0,2,37.68184661865234,-121.0314483642578,4
2018,2018-08-03,743,8,2,7,5,N,A,N,A,H,A,A,,E,08,E,,,,,I,Y,N,D,1,0,0,0,22107.0,1,37.63965225219727,-120.98702239990234,3
2018,2018-08-20,1826,8,2,18,1,Y,A,N,A,H,A,D,,,12,D,,,,,C,Y,N,A,2,0,0,0,21453.0,2,37.63565826416016,-121.00183868408205,4
2018,2018-08-03,1514,8,2,15,5,Y,A,N,A,H,A,A,,,01,D,,,,,C,Y,N,A,1,0,0,0,23152.0,2,37.62783050537109,-121.0049285888672,4
2018,2018-08-20,2045,8,2,20,1,Y,A,N,A,H,C,A,,,09,D,,,,,C,Y,N,A,1,0,0,0,21802.0,2,37.64585876464844,-121.04460906982422,3
2018,2018-08-03,1649,8,2,16,5,Y,A,N,A,H,A,A,,,09,A,,,,,C,Y,N,A,2,0,0,0,21802.0,2,37.67824935913086,-120.92144012451172,3
2018,2018-08-01,1300,8,2,13,3,Y,A,N,A,H,A,A,,,09,D,,,Y,,C,Y,N,A,1,0,0,1,21801.0,2,37.698001861572266,-120.97628021240234,2
2018,2018-08-03,2124,8,2,21,5,N,A,N,A,H,C,C,,S,12,C,,,Y,,C,Y,N,A,1,0,0,1,22450.0,2,37.59497833251953,-121.01184844970705,3
2018,2018-08-08,1232,8,2,12,3,Y,A,N,A,H,A,A,,,17,D,,,,,C,Y,N,A,1,0,0,0,21451.0,2,37.69115829467773,-121.06228637695312,3
2018,2018-08-04,2348,8,2,23,6,N,A,N,A,H,C,A,,N,10,G,Y,,,,B,N,F,A,1,1,0,0,21950.0,2,37.67104721069336,-120.97572326660156,3
2018,2018-08-08,1728,8,2,17,3,N,A,N,A,H,A,D,,S,09,D,,,,,C,Y,N,D,2,0,0,0,21804.0,2,37.66617202758789,-120.93941497802734,2
2018,2018-08-05,1351,8,2,13,7,Y,B,N,A,H,A,A,,,12,D,,,,,C,Y,N,A,2,0,0,0,21453.0,2,37.66778945922852,-121.03137969970705,3
2018,2018-08-09,841,8,2,8,4,Y,A,N,A,H,A,-,,,12,-,,,,,C,Y,N,A,2,0,0,0,21453.0,2,37.60573959350586,-120.99356079101562,4
2018,2018-08-05,1621,8,2,16,7,Y,A,N,A,H,A,D,,,09,D,,,,,C,Y,N,D,1,0,0,0,21802.0,2,37.634498596191406,-120.99855041503906,3
2018,2018-08-10,934,8,2,9,5,N,A,N,A,H,A,D,,E,03,C,,,,,C,Y,N,A,4,0,0,0,22350.0,3,37.64596557617188,-121.015625,4
2018,2018-08-06,1647,8,2,16,1,N,A,N,A,H,A,A,,S,21,D,,,,,C,N,N,D,1,0,0,0,22106.0,2,37.691402435302734,-120.99986267089844,3
2018,2018-08-12,918,8,2,9,7,N,A,N,A,H,A,A,,E,12,D,,,,,C,Y,N,A,1,0,0,0,21453.0,2,37.65306854248047,-120.95738983154295,4
2018,2018-08-16,1435,8,2,14,4,N,A,N,A,H,A,D,,N,03,C,,,,,C,N,F,A,1,0,0,0,22350.0,2,37.667179107666016,-120.9757080078125,4
2018,2018-08-12,1126,8,2,11,7,N,A,N,A,H,A,A,,W,08,E,,,,,I,N,N,D,1,0,0,0,22107.0,1,37.638207,-120.930306,4
2018,2018-08-16,2230,8,2,22,4,Y,A,N,A,H,C,-,- ,,12,A,,,,,C,Y,N,A,1,0,0,0,21453.0,2,37.6969108581543,-121.0316925048828,4
2018,2018-08-12,1406,8,2,14,7,Y,A,N,A,H,A,D,,,12,D,,,,,C,N,N,A,3,0,0,0,21453.0,2,37.635448455810554,-120.9997100830078,4
2018,2018-08-17,718,8,2,7,5,N,A,N,A,H,A,A,,S,12,D,,Y,,,G,N,F,A,1,0,1,0,21453.0,2,37.689674377441406,-121.03156280517578,4
2018,2018-08-14,1640,8,2,16,2,Y,A,N,A,H,A,C,02,,12,G,Y,,Y,,B,Y,N,A,1,1,0,0,21453.0,2,37.612171173095696,-120.99368286132812,2
2018,2018-08-17,1503,8,2,15,5,N,A,N,A,H,A,A,,,08,D,,,,,C,Y,N,D,1,0,0,0,22102.0,3,37.595008850097656,-121.01184844970705,4
2018,2018-08-14,1732,8,2,17,2,N,A,N,A,H,A,A,,E,03,C,,,,,C,Y,N,D,2,0,0,0,22350.0,2,37.59505081176758,-121.03028869628906,3
2018,2018-08-17,1503,8,2,15,5,N,A,N,A,H,A,A,,S,03,C,,,,,C,N,N,D,2,0,0,0,22350.0,3,37.69612503051758,-120.95809173583984,4
2018,2018-08-15,1226,8,2,12,3,Y,A,N,A,H,A,A,,,09,D,,,,,C,Y,N,A,1,0,0,0,21802.0,2,37.642669677734375,-120.99748229980467,4
2018,2018-08-17,1935,8,2,19,5,N,A,N,A,H,A,C,,N,03,F,,,Y,,A,N,N,D,1,0,0,1,22350.0,2,37.68962860107422,-120.95799255371094,4
2018,2018-08-15,1407,8,2,14,3,Y,A,N,A,H,A,-,,,17,A,,,,,D,Y,N,A,1,0,0,0,21451.0,2,37.663619995117195,-120.9848175048828,4
2018,2018-08-18,952,8,2,9,6,Y,A,N,A,H,A,L,,,09,D,,Y,,,G,N,N,A,1,0,1,0,21802.0,2,37.66041946411133,-121.04029846191406,3
2018,2018-08-15,1511,8,2,15,3,Y,A,N,A,H,A,D,,,12,D,,,,,C,Y,N,A,1,0,0,0,21453.0,2,37.642879486083984,-120.99958038330078,4
2018,2018-08-18,1055,8,2,10,6,N,A,N,A,H,A,A,,S,09,D,,,,,C,Y,N,D,1,0,0,0,21804.0,2,37.68679428100586,-120.92153930664062,4
2018,2018-08-15,1753,8,2,17,3,N,A,N,A,H,A,C,,N,08,D,,,Y,,C,N,N,A,1,0,0,1,22107.0,2,37.689468383789055,-121.02243041992188,3
2018,2018-08-16,740,8,2,7,4,Y,A,N,A,H,A,N,60,,11,G,Y,,,,B,N,N,A,1,1,0,0,21950.0,2,37.693218231201165,-120.96851348876952,3
2018,2018-08-16,1718,8,2,17,4,Y,A,N,A,H,A,-,,,09,D,,,,,C,Y,N,D,3,0,0,0,21802.0,3,37.64122009277344,-120.99205780029295,3
2018,2018-08-16,1758,8,2,17,4,Y,A,N,A,H,A,A,,,09,D,,,,,C,Y,N,A,2,0,0,0,21801.0,2,37.6278190612793,-121.00258636474608,3
2018,2018-08-20,1454,8,2,14,1,N,A,N,A,H,A,A,,S,21,C,,,,,C,Y,N,D,2,0,0,0,22106.0,2,37.683197021484375,-121.02234649658205,4
2018,2018-08-21,1455,8,2,14,2,N,A,N,A,D,A,A,01,N,05,A,,,Y,,C,Y,N,D,1,0,0,1,21460.0,2,37.66818618774414,-120.92131805419922,2
2018,2018-08-22,550,8,2,5,3,N,A,N,A,H,C,A,,N,08,B,,,,,E,Y,N,D,1,0,0,0,22107.0,3,37.64037704467773,-120.95720672607422,4
2018,2018-07-03,1244,7,2,12,2,Y,A,N,A,H,A,A,,,09,B,,,,,C,N,N,A,1,0,0,0,21801.0,2,37.663570404052734,-120.95758056640624,3
2018,2018-07-29,1219,7,2,12,7,N,A,N,A,H,A,A,,S,01,G,,Y,,,G,Y,N,D,1,0,1,0,23152.0,2,37.62947845458984,-120.98886871337892,2
2018,2018-07-28,2210,7,2,22,6,N,A,N,A,H,C,C,,N,03,F,,,Y,,-,N,N,D,1,0,0,1,22350.0,1,37.64694213867188,-120.93848419189452,3
2018,2018-07-23,1719,7,2,17,1,Y,A,N,A,H,A,A,,,09,D,,,Y,,C,N,N,A,1,0,0,1,21802.0,2,37.67531967163086,-121.02220916748048,3
2018,2018-08-14,954,8,2,9,2,N,A,N,A,H,A,-,,S,01,E,,,,,E,Y,N,D,1,0,0,0,23152.0,3,37.639915466308594,-120.96346282958984,3
2018,2018-06-18,210,6,2,2,1,Y,A,N,A,H,C,D,,,01,C,,,,,C,N,N,A,1,0,0,0,23152.0,2,37.64070892333984,-121.00244903564452,4
2018,2018-08-21,700,8,2,7,2,Y,A,N,A,H,A,A,,,11,D,,Y,,,G,N,F,A,1,0,1,0,21954.0,2,37.678009033203125,-120.975830078125,4
2018,2018-08-03,1509,8,2,15,5,N,A,N,A,H,A,A,01,W,06,B,,,,,C,Y,N,D,2,0,0,0,21755.0,2,37.51089859008789,-120.8495635986328,4
2018,2018-08-09,1458,8,2,14,4,N,A,N,A,H,A,A,01,N,04,C,,,,,C,Y,N,D,1,0,0,0,21703.0,2,37.48926544189453,-120.8398666381836,4
2018,2018-07-27,1035,7,2,10,5,N,A,N,A,H,A,A,01,E,09,D,,,,,C,Y,N,D,3,0,0,0,21804.0,3,37.49782180786133,-120.84356689453124,2
2018,2018-08-07,925,8,2,9,2,Y,A,N,A,H,A,A,07,,17,A,,,,,C,Y,N,A,3,0,0,0,21451.0,2,37.4926986694336,-120.87635040283205,3
2018,2018-08-09,1150,8,2,11,4,Y,A,N,A,H,A,-,- ,,00,-,,,,,C,N,N,A,2,0,0,0,,2,37.49605178833008,-120.8459930419922,3
2018,2018-08-01,1949,8,2,19,3,Y,A,N,A,H,B,A,01,,12,D,,,,,C,Y,N,A,3,0,0,0,22450.0,2,37.49568176269531,-120.85546112060548,3
2018,2018-08-10,1750,8,2,17,5,N,A,N,A,H,A,A,01,W,09,D,,,,,C,N,N,D,1,0,0,0,21801.0,2,37.51089859008789,-120.8496322631836,4
2018,2018-08-10,1033,8,2,10,5,N,A,N,A,H,A,-,,W,09,D,,,,,C,N,N,D,2,0,0,0,21804.0,2,37.49275970458984,-120.84950256347656,4
2018,2018-08-08,1543,8,2,15,3,Y,A,N,A,H,A,A,01,,08,A,,,,,C,N,N,D,1,0,0,0,22107.0,2,37.5947494506836,-120.9386978149414,3
2018,2018-06-29,1503,6,2,15,5,N,A,N,A,H,A,A,01,S,05,A,,,,,C,N,N,D,1,0,0,0,21460.0,2,37.72528076171875,-120.92202758789062,4
2018,2018-08-18,743,8,2,7,6,N,A,N,A,H,A,A,01,N,08,E,,,,,I,Y,N,D,2,0,0,0,22107.0,1,37.589668273925774,-120.93877410888672,2
2018,2018-06-29,1143,6,2,11,5,N,A,N,A,H,A,-,- ,S,18,B,,,,,C,N,N,D,1,0,0,0,,2,37.735782623291016,-120.9496612548828,3
2018,2018-08-17,1709,8,2,17,5,N,A,N,A,H,A,A,07,N,03,C,,,,,C,N,F,A,1,0,0,0,22350.0,2,37.514835357666016,-120.86969757080078,4
2018,2018-04-21,901,4,1,9,6,N,A,N,A,H,A,D,22,W,04,C,,,,,D,Y,N,D,2,0,0,0,21703.0,2,37.474891662597656,-121.12286376953124,2
2018,2018-08-05,653,8,2,6,7,N,A,N,A,H,A,A,01,W,08,A,,,,,E,Y,N,D,1,0,0,0,22107.0,2,37.49568176269531,-120.85546112060548,3
2018,2018-07-30,1844,7,2,18,1,N,A,N,A,H,A,A,01,S,03,C,,,,,C,Y,N,D,3,0,0,0,22350.0,2,37.524410247802734,-120.8352508544922,3
2018,2018-08-05,1650,8,2,16,7,N,A,N,A,H,A,A,01,E,21,C,,,Y,,C,N,N,A,1,0,0,1,22106.0,2,37.732666015625,-120.92179107666016,4
2018,2018-07-30,1945,7,2,19,1,Y,A,N,A,H,A,A,07,,08,D,,,,,C,N,F,A,1,0,0,0,22107.0,2,37.71097183227539,-120.95838165283205,4
2018,2018-08-10,945,8,2,9,5,Y,A,N,A,H,A,A,07,,12,D,,,,,C,N,N,A,1,0,0,0,22450.0,2,37.51604843139648,-120.86721801757812,4
2018,2018-08-13,2024,8,2,20,1,Y,A,N,A,H,C,A,01,,17,-,,,,,C,Y,N,A,2,0,0,0,21451.0,2,37.521839141845696,-120.83531951904295,3
2018,2018-08-22,1525,8,2,15,3,N,A,N,A,H,A,A,01,W,03,C,,,,,C,N,M,A,1,0,0,0,22350.0,3,37.609336853027344,-120.967041015625,4
2018,2018-08-26,220,8,2,2,7,N,A,N,A,H,C,A,01,S,01,C,,,,Y,C,Y,N,D,1,0,0,0,23152.0,2,37.59434509277344,-120.9386978149414,3
2018,2018-08-17,1355,8,2,13,5,Y,A,N,A,H,A,A,01,,12,D,,,,,C,N,N,A,2,0,0,0,22450.0,2,37.514591217041016,-120.8718032836914,4
2018,2018-08-23,630,8,2,6,4,N,A,N,A,H,A,A,01,E,08,D,,,,,C,Y,N,D,3,0,0,0,22107.0,4,37.5804557800293,-121.00609588623048,3
2018,2018-08-14,850,8,2,8,2,N,A,N,-,H,A,A,01,W,09,D,,,,,C,N,F,A,1,0,0,0,21801.0,2,37.60934829711913,-120.96868896484376,3
2018,2018-08-15,1712,8,2,17,3,Y,A,N,A,H,A,A,01,,12,D,,,,,C,N,N,A,3,0,0,0,22450.0,2,37.4904899597168,-120.8526611328125,4
2018,2018-08-21,1813,8,2,18,2,N,A,N,A,H,A,A,01,N,06,A,,,,,C,Y,N,D,2,0,0,0,21750.0,3,37.501495361328125,-120.83756256103516,4
2018,2018-08-20,1500,8,2,15,1,N,A,N,A,H,A,A,07,W,03,C,,,,,C,Y,N,D,1,0,0,0,22350.0,2,37.59119415283203,-120.97101593017578,3
2018,2018-08-03,1649,8,2,16,5,Y,A,Y,A,H,A,A,07,,03,C,,,,,C,N,N,A,3,0,0,0,22350.0,2,37.73794937133789,-120.9391860961914,4
2018,2018-08-15,1153,8,2,11,3,Y,A,Y,A,H,A,A,,,09,D,,,,,C,Y,N,A,1,0,0,0,21801.0,2,37.63956832885742,-121.00101470947266,3
2018,2018-08-05,1819,8,2,18,7,N,A,Y,A,H,A,A,,N,03,C,,,,,C,N,N,A,1,0,0,0,22350.0,3,37.68596649169922,-121.05609130859376,4
2018,2018-08-10,1034,8,2,10,5,N,A,Y,A,H,A,D,,S,09,D,,,,,C,N,N,D,2,0,0,0,21802.0,2,37.6775779724121,-120.99423217773438,4
2018,2018-08-10,1352,8,2,13,5,Y,A,Y,A,H,A,A,,,03,C,,,,,C,Y,N,D,2,0,0,0,22350.0,2,37.665233612060554,-120.99404907226562,3
2018,2018-08-18,1107,8,2,11,6,Y,A,Y,A,H,A,A,,,12,D,,,,,C,Y,N,A,2,0,0,0,21453.0,2,37.67256927490234,-120.99415588378906,4
2018,2018-08-03,2144,8,2,21,5,N,A,Y,A,H,C,A,,E,04,C,,,,,C,Y,N,D,1,0,0,0,21703.0,2,37.6381950378418,-120.93395233154295,3
2018,2018-07-27,1914,7,2,19,5,Y,A,Y,A,H,A,A,01,,09,D,,,,,C,Y,N,A,1,0,0,0,21802.0,2,37.73357391357422,-120.94506072998048,4
2018,2018-08-29,1018,8,2,10,3,Y,A,N,A,H,A,D,22,,09,A,,,,,C,Y,N,D,1,0,0,0,21801.0,2,37.66542816162109,-120.98483276367188,4
2018,2018-07-27,2143,7,2,21,5,Y,A,N,A,H,C,N,,,11,G,Y,,,,B,N,N,A,1,1,0,0,21950.0,2,37.63407897949219,-120.96794128417967,4
2018,2018-08-25,915,8,2,9,6,Y,A,N,A,H,A,A,,,03,C,,,,,C,N,N,A,1,0,0,0,22350.0,2,37.64558029174805,-120.99378204345705,3
2018,2018-08-27,715,8,2,7,1,Y,A,N,A,H,A,A,,,03,C,,,,,C,N,N,A,1,0,0,0,22350.0,2,37.71157836914063,-121.05013275146484,4
2018,2018-08-25,823,8,2,8,6,Y,A,Y,A,H,A,-,,,03,C,,,,,C,N,N,A,1,0,0,0,22350.0,2,37.62882614135742,-120.99737548828124,4
2018,2018-08-24,2236,8,2,22,5,Y,A,N,A,H,C,-,,,12,D,,,,,C,Y,N,A,1,0,0,0,21453.0,3,37.68889999389648,-120.97608947753906,3
2018,2018-08-23,753,8,2,7,4,N,A,N,A,H,A,A,01,W,09,D,,,,,C,N,N,A,2,0,0,0,21804.0,2,37.678081512451165,-120.95817565917967,4
2018,2018-08-28,1259,8,2,12,2,Y,A,N,A,H,A,B,,,09,D,,,,,C,Y,N,A,4,0,0,0,21801.0,3,37.67485809326172,-121.01230621337892,4
2018,2018-08-27,1439,8,2,14,1,Y,A,N,A,H,A,L,04,,12,D,,Y,,,G,N,N,A,1,0,1,0,21453.0,2,37.64902114868164,-120.97550964355467,4
2018,2018-08-24,1830,8,2,18,5,Y,A,N,A,H,A,A,,,08,A,,Y,,,G,N,F,D,1,0,1,0,22107.0,2,37.63093948364258,-120.9963836669922,4
2018,2018-08-24,1854,8,2,18,5,N,A,N,A,H,A,A,,,08,D,,,,,C,Y,N,A,1,0,0,0,22107.0,2,37.6278190612793,-121.01184844970705,4
2018,2018-08-24,1132,8,2,11,5,Y,A,N,A,H,A,A,,,09,D,,,,,C,Y,N,A,1,0,0,0,21802.0,2,37.627628326416016,-120.99925994873048,4
2018,2018-08-24,530,8,2,5,5,Y,A,N,A,H,C,-,,,03,G,Y,,,,B,N,F,A,1,1,0,0,22350.0,2,37.62606048583984,-121.00718688964844,4
2018,2018-08-23,2039,8,2,20,4,N,A,N,A,H,C,A,,N,03,F,,,,,A,Y,N,A,1,0,0,0,22350.0,1,37.65697479248047,-120.9574966430664,3
2018,2018-08-23,1033,8,2,10,4,Y,A,N,A,H,A,A,,,03,C,,,,,C,Y,N,A,2,0,0,0,22350.0,2,37.692241668701165,-120.92157745361328,4
2018,2018-08-22,1953,8,2,19,3,N,A,N,A,H,B,A,,E,09,-,,,Y,,A,Y,N,D,1,0,0,1,21801.0,2,37.688941955566406,-120.94876861572266,3
2018,2018-08-29,805,8,2,8,3,N,A,N,A,H,A,A,,S,03,C,,,,,C,Y,N,D,3,0,0,0,22350.0,2,37.66814041137695,-120.92131805419922,4
2018,2018-08-27,1301,8,2,13,1,Y,A,N,A,H,A,A,,,01,D,,,,,C,Y,N,A,1,0,0,0,23152.0,2,37.646480560302734,-120.98912811279295,4
2018,2018-08-27,2211,8,2,22,1,Y,A,N,A,H,C,-,- ,,12,D,,,,,C,Y,N,A,2,0,0,0,21453.0,2,37.63597106933594,-121.0038833618164,4
2018,2018-08-29,1059,8,2,10,3,N,A,N,A,H,A,A,,N,09,D,,,,,C,Y,N,A,1,0,0,0,21804.0,3,37.6532096862793,-121.0310516357422,4
2018,2018-08-18,1824,8,2,18,6,Y,A,N,A,H,A,-,,,03,F,,,,,J,N,N,A,1,0,0,0,22350.0,1,37.648170471191406,-121.01203918457033,3
2018,2018-08-14,1618,8,2,16,2,N,A,N,A,H,A,-,,E,09,D,,,,,C,N,N,D,1,0,0,0,21801.0,2,37.65321350097656,-121.03046417236328,4
2018,2018-08-06,1326,8,2,13,1,N,A,N,A,H,A,A,,W,03,B,,,,,C,N,N,D,1,0,0,0,22350.0,2,37.689212799072266,-121.0021514892578,4
2018,2018-09-07,635,9,3,6,5,Y,A,N,A,H,A,D,22,,12,D,,,,,C,Y,N,A,1,0,0,0,21453.0,2,37.49605178833008,-120.8459930419922,3
2018,2018-09-05,1451,9,3,14,3,Y,A,N,A,H,A,A,01,,09,D,,,,,C,Y,N,A,1,0,0,0,21802.0,2,,,4
2018,2018-08-28,722,8,2,7,2,N,A,N,A,H,A,A,07,E,03,C,,,,,C,Y,N,-,2,0,0,0,22350.0,3,37.521881103515625,-120.87580871582033,4
2018,2018-09-03,2155,9,3,21,1,N,A,N,A,D,C,A,01,W,09,D,,,,,C,N,N,A,1,0,0,0,21800.0,2,,,3
2018,2018-09-07,720,9,3,7,5,N,A,N,A,H,A,A,01,N,01,C,,,,,C,Y,N,A,1,0,0,0,23152.0,4,37.61001586914063,-120.9387435913086,3
2018,2018-08-28,1757,8,2,17,2,Y,A,N,A,H,A,A,07,,17,D,,,,,C,Y,N,A,1,0,0,0,21451.0,2,37.51089096069336,-120.84897613525392,3
2018,2018-09-10,834,9,3,8,1,Y,A,N,A,H,A,D,22,,04,C,,,,,C,Y,M,A,1,0,0,0,21703.0,2,37.60200119018555,-120.86083984375,4
2018,2018-08-29,2145,8,2,21,3,Y,A,N,A,H,D,L,04,,17,D,,Y,,,G,N,N,A,1,0,1,0,21208.0,2,37.5947494506836,-120.9460678100586,3
2018,2018-08-20,2031,8,2,20,1,N,A,N,A,H,B,A,01,S,03,C,,,,,C,Y,N,A,2,0,0,0,22350.0,2,37.60130310058594,-120.93870544433594,3
2018,2018-08-17,923,8,2,9,5,Y,A,N,A,H,A,A,01,,12,D,,,,,C,N,N,A,2,0,0,0,21453.0,2,37.59476089477539,-120.95690155029295,4
2018,2018-08-17,1450,8,2,14,5,N,A,N,A,H,A,A,01,S,08,D,,,,,C,Y,N,D,3,0,0,0,22107.0,2,,,4
2018,2018-08-22,1640,8,2,16,3,Y,A,N,A,H,A,L,04,,03,D,,Y,,,G,N,F,D,2,0,2,0,22350.0,2,37.4946403503418,-120.85804748535156,3