ACCIDENT_YEAR,COLLISION_DATE,COLLISION_TIME,MONTH,SEASON,24HOURS,DAY_OF_WEEK,INTERSECTION,WEATHER_1,STATE_HWY_IND,ROAD_SURFACE,ROAD_COND_1,LIGHTING,STWD_VEHTYPE_AT_FAULT,CHP_VEHTYPE_AT_FAULT,DIRECTION,PCF_VIOL_CATEGORY,TYPE_OF_COLLISION,PEDESTRIAN_ACCIDENT,BICYCLE_ACCIDENT,MOTORCYCLE_ACCIDENT,TRUCK_ACCIDENT,MVIW,TOW_AWAY,HIT_AND_RUN,CONTROL_DEVICE,NUMBER_INJURED,COUNT_PED_INJURED,COUNT_BICYCLIST_INJURED,COUNT_MC_INJURED,PCF_VIOLATION,PARTY_COUNT,POINT_Y,POINT_X,COLLISION_SEVERITY
2018,2018-09-24,1332,9,3,13,1,Y,A,N,A,H,A,A,,,12,D,,,,,C,Y,N,A,2,0,0,0,21453.0,2,37.671489715576165,-121.02214050292967,3
2018,2018-10-05,740,10,3,7,5,Y,A,N,A,H,A,A,01,,12,-,,Y,,,G,N,F,A,1,0,1,0,22450.0,2,37.525428771972656,-120.86711883544922,3
2018,2018-10-08,821,10,3,8,1,N,A,N,A,H,A,A,01,E,08,D,,,,,C,Y,N,D,1,0,0,0,22107.0,2,37.532989501953125,-120.85212707519533,4
2018,2018-09-22,321,9,3,3,6,Y,A,N,A,H,C,-,,,01,B,,,,,C,Y,N,D,1,0,0,0,23152.0,2,,,3
2018,2018-10-03,627,10,3,6,3,N,A,N,A,H,C,N,60,E,11,G,Y,,,,B,N,N,A,1,1,0,0,21950.0,2,37.64010238647461,-121.00331115722656,4
2018,2018-10-26,2004,10,3,20,5,Y,A,N,A,H,C,J,,,09,A,,,,,C,Y,N,A,3,0,0,0,21801.0,2,37.6969108581543,-121.0316925048828,3
2018,2018-10-26,1045,10,3,10,5,Y,A,N,A,H,A,-,,,22,E,,,,,E,Y,N,A,1,0,0,0,,2,37.658104,-120.959776,3
2018,2018-10-10,1943,10,3,19,3,N,A,Y,A,H,C,A,01,S,09,D,,,,,C,Y,N,A,2,0,0,0,21804.0,2,37.67728042602539,-120.99422454833984,3
2018,2018-10-13,1451,10,3,14,6,Y,A,Y,A,H,A,A,01,,21,C,,,,,C,N,N,A,2,0,0,0,22106.0,2,37.66352081298828,-120.99393463134766,4
2018,2018-10-03,1933,10,3,19,3,Y,B,Y,B,H,C,A,01,,10,G,Y,,,,B,N,N,A,1,1,0,0,21950.0,2,37.638687133789055,-121.03041076660156,3
2018,2018-10-08,2241,10,3,22,1,Y,A,Y,A,H,C,D,,,12,D,,,,,C,Y,N,A,1,0,0,0,21453.0,2,37.63839340209961,-120.99959564208984,4
2018,2018-10-05,2138,10,3,21,5,N,A,Y,A,H,C,-,99,,03,C,,,,,C,Y,F,A,1,0,0,0,22350.0,3,37.638229370117195,-120.93064880371094,3
2018,2018-10-15,1247,10,3,12,1,Y,A,Y,A,H,A,A,07,,03,C,,,,,C,N,N,A,2,0,0,0,22350.0,3,37.67448425292969,-120.9940948486328,3
2018,2018-10-07,2320,10,3,23,7,Y,A,N,A,H,C,A,01,,01,E,,,,,I,Y,N,D,1,0,0,0,23152.0,1,37.478118896484375,-120.83603668212892,3
2018,2018-10-23,811,10,3,8,2,N,A,N,A,H,A,A,07,N,03,C,,,,,C,N,N,A,1,0,0,0,22350.0,3,37.522727966308594,-120.86722564697266,4
2018,2018-11-04,611,11,3,6,7,N,A,N,A,H,B,A,07,W,03,E,,,,,I,Y,M,D,2,0,0,0,22350.0,1,37.49267959594727,-120.83538818359376,3
2018,2018-09-23,957,9,3,9,7,Y,A,N,A,H,A,L,,,12,D,,Y,,,F,N,N,A,1,0,1,0,22450.0,2,37.65095901489258,-120.98918151855467,4
2018,2018-09-22,2127,9,3,21,6,N,A,N,A,H,C,A,,N,03,A,,,,,C,Y,N,A,1,0,0,0,22350.0,4,37.65681457519531,-121.03108978271484,3
2018,2018-10-24,1357,10,3,13,3,Y,A,N,A,H,A,A,,,12,D,,,,,C,Y,N,A,2,0,0,0,21453.0,3,37.632118225097656,-120.99201965332033,3
2018,2018-10-18,1435,10,3,14,4,Y,A,N,A,H,A,D,,,08,D,,,,,C,Y,N,D,1,0,0,0,22107.0,3,37.64942169189453,-121.00746917724608,4
2018,2018-10-11,1705,10,3,17,4,Y,A,N,A,H,B,A,,,10,G,Y,,,,B,N,N,A,1,1,0,0,21950.0,2,37.67485809326172,-121.01230621337892,3
2018,2018-10-24,1302,10,3,13,3,Y,A,N,A,H,A,A,,,09,D,,,,,C,Y,N,D,1,0,0,0,21801.0,2,37.7021598815918,-121.05007934570312,3
2018,2018-10-06,143,10,3,1,6,Y,A,N,A,H,C,-,,,09,D,,,,,C,Y,M,A,2,0,0,0,21802.0,2,37.640979766845696,-121.00447845458984,3
2018,2018-10-21,1214,10,3,12,7,N,A,N,A,H,A,A,,N,09,D,,,,,C,N,N,D,1,0,0,0,21801.0,2,37.67010116577149,-121.03092193603516,4
2018,2018-10-19,1945,10,3,19,5,N,A,N,A,H,C,A,,W,01,D,,,,,C,Y,N,D,2,0,0,0,23152.0,2,37.67104721069336,-120.97834014892578,3
2018,2018-10-25,1301,10,3,13,4,N,A,N,A,D,A,A,,W,04,C,,,,,C,Y,N,A,1,0,0,0,21703.0,3,37.68952178955078,-121.0266571044922,4
2018,2018-10-10,1854,10,3,18,3,Y,A,N,A,H,C,A,,,01,D,,,,,C,Y,N,D,1,0,0,0,23152.0,2,37.64004135131836,-120.94806671142578,3
2018,2018-10-27,1312,10,3,13,6,Y,A,N,A,H,A,A,,,03,C,,,,,C,Y,F,A,1,0,0,0,22350.0,2,37.652698516845696,-120.97557067871094,3
2018,2018-10-10,1459,10,3,14,3,Y,A,N,A,H,A,A,,,12,D,,,,,C,N,N,A,1,0,0,0,21453.0,2,37.63497924804688,-121.0027313232422,4
2018,2018-10-09,2000,10,3,20,2,N,A,N,A,H,C,A,,N,08,C,,,,,C,Y,N,A,2,0,0,0,22107.0,3,37.67800521850586,-121.01234436035156,4
2018,2018-10-09,700,10,3,7,2,Y,A,N,A,H,A,A,,,08,E,,,,,I,Y,N,D,1,0,0,0,22107.0,1,37.6893310546875,-121.01251220703124,4
2018,2018-10-06,2237,10,3,22,6,N,A,N,A,H,C,C,,S,01,E,,,Y,,I,Y,N,D,1,0,0,1,23152.0,1,37.67036819458008,-121.03123474121094,2
2018,2018-10-02,1614,10,3,16,2,Y,A,N,A,H,A,A,,,09,D,,,,,C,Y,N,A,3,0,0,0,21801.0,3,37.68891143798828,-120.97030639648438,3
2018,2018-10-18,1430,10,3,14,4,Y,A,N,A,H,A,C,,,03,C,,,Y,,C,Y,N,D,1,0,0,1,22350.0,2,37.65647888183594,-120.95748138427734,4
2018,2018-10-22,1736,10,3,17,1,N,A,N,A,H,B,-,,S,09,A,,,,,C,Y,N,D,1,0,0,0,21804.0,2,37.68861389160156,-120.9579849243164,4
2018,2018-10-25,1658,10,3,16,4,N,A,N,A,H,A,A,,S,03,C,,,,,C,Y,F,A,1,0,0,0,22350.0,2,37.69570159912109,-120.95808410644533,3
2018,2018-10-27,1931,10,3,19,6,Y,A,N,A,H,C,A,,,09,C,,,,,C,Y,N,A,1,0,0,0,21453.0,3,37.696250915527344,-120.95809173583984,4
2018,2018-10-27,1533,10,3,15,6,N,A,N,A,H,A,A,,W,03,C,,,,,C,N,N,A,1,0,0,0,22350.0,2,,,4
2018,2018-10-21,1920,10,3,19,7,Y,A,N,A,H,C,N,,,11,G,,,,,B,N,N,A,1,0,0,0,21950.0,2,37.64527130126953,-120.97550201416016,3
2018,2018-10-10,1539,10,3,15,3,Y,A,N,A,H,A,L,,,09,D,,Y,,,G,N,N,A,1,0,1,0,21804.0,2,37.64170837402344,-120.99635314941406,3
2018,2018-10-18,2130,10,3,21,4,Y,A,N,A,H,C,A,,,12,A,,,,,C,Y,N,A,2,0,0,0,21453.0,2,37.70029067993164,-121.05005645751952,3
2018,2018-10-21,1722,10,3,17,7,N,A,N,A,H,A,A,,N,04,C,,,,,C,N,N,A,1,0,0,0,21703.0,3,,,4
2018,2018-10-10,1449,10,3,14,3,Y,A,N,A,H,A,A,,,09,D,,,,,D,Y,N,D,1,0,0,0,21802.0,2,37.663551330566406,-120.9616470336914,3
2018,2018-10-21,1612,10,3,16,7,Y,A,N,A,H,A,-,,,01,A,,,,,I,Y,N,A,1,0,0,0,23152.0,1,37.60641860961913,-121.01177215576172,4
2018,2018-10-09,814,10,3,8,2,N,A,N,A,H,A,L,,W,12,D,,Y,,,G,N,N,A,1,0,1,0,22450.0,2,37.674673,-121.00301,3
2018,2018-10-21,947,10,3,9,7,Y,A,N,A,H,A,L,,,12,D,,Y,,,G,N,N,A,1,0,1,0,21453.0,2,37.64049911499024,-121.00029754638672,3
2018,2018-10-08,1541,10,3,15,1,Y,A,N,A,H,A,A,,,12,D,,,,,C,Y,N,A,2,0,0,0,22450.0,2,37.631439208984375,-121.01193237304688,4
2018,2018-10-20,1428,10,3,14,6,Y,A,N,A,H,A,A,,,03,A,,,,,C,Y,F,A,1,0,0,0,22350.0,2,37.64522933959961,-120.94815063476562,4
2018,2018-10-07,1915,10,3,19,7,Y,A,N,A,H,B,N,60,,11,G,Y,,,,B,N,N,D,1,1,0,0,21954.0,2,37.635231018066406,-121.00482940673828,3
2018,2018-10-23,1819,10,3,18,2,N,A,N,A,H,B,A,,N,08,E,,,,,J,Y,N,D,2,0,0,0,22107.0,1,37.76703643798828,-120.84607696533205,4
2018,2018-10-05,822,10,3,8,5,N,A,N,A,H,A,D,,N,10,G,Y,,,,B,N,N,D,1,1,0,0,21950.0,2,37.68170166015625,-120.94300079345705,3
2018,2018-10-17,1018,10,3,10,3,Y,A,N,A,H,A,D,,,09,D,,,,,C,N,N,A,2,0,0,0,21801.0,2,37.64189147949219,-120.99844360351562,3
2018,2018-10-24,1901,10,3,19,3,N,A,N,A,H,C,A,,N,03,B,,,,,C,Y,N,D,2,0,0,0,22350.0,2,37.69549179077149,-120.98984527587892,3
2018,2018-10-17,2109,10,3,21,3,Y,A,N,A,H,C,A,,,12,D,,,,,C,Y,N,A,1,0,0,0,21453.0,2,37.66778945922852,-121.03137969970705,4
2018,2018-10-18,1649,10,3,16,4,Y,A,N,A,H,A,A,,,09,D,,,,,C,N,F,A,1,0,0,0,21801.0,2,37.66127014160156,-120.97563934326172,3
2018,2018-10-18,1627,10,3,16,4,Y,A,N,A,H,A,A,,,09,D,,,,,C,Y,N,A,2,0,0,0,21802.0,2,37.64527893066406,-120.99884033203124,4
2018,2018-10-20,820,10,3,8,6,Y,A,N,A,H,A,A,,,12,D,,,,,C,N,N,A,1,0,0,0,21453.0,2,37.66754150390625,-121.00765991210938,3
2018,2018-10-19,2132,10,3,21,5,Y,A,N,A,H,C,A,,,12,D,,,,,C,Y,N,A,4,0,0,0,21453.0,2,37.64459991455078,-120.99252319335938,4
2018,2018-10-19,1421,10,3,14,5,N,A,N,A,H,A,A,,W,03,C,,,,,C,Y,F,D,1,0,0,0,22350.0,3,37.688907623291016,-120.97695159912108,3
2018,2018-10-16,1006,10,3,10,2,N,A,N,A,H,A,A,,E,10,G,Y,,,,B,N,N,A,1,1,0,0,21950.0,2,37.643585205078125,-120.99137115478516,4
2018,2018-10-16,603,10,3,6,2,Y,A,N,A,H,B,D,,,12,D,,,,,C,Y,N,A,1,0,0,0,21453.0,2,,,3
2018,2018-10-14,1757,10,3,17,7,N,A,N,A,H,A,A,,E,03,C,,,,,C,Y,N,A,1,0,0,0,22350.0,2,37.68949508666992,-121.0253448486328,4
2018,2018-10-14,331,10,3,3,7,Y,A,N,A,H,C,A,,,01,E,,,,,I,Y,N,A,1,0,0,0,23152.0,1,37.66379928588867,-121.0007781982422,3
2018,2018-10-12,1553,10,3,15,5,N,A,N,A,H,A,D,,N,05,A,,,,,C,N,N,A,1,0,0,0,21460.0,2,37.69260025024414,-120.95804595947266,3
2018,2018-10-17,2110,10,3,21,3,Y,A,N,A,H,E,-,- ,,12,D,,,,,C,Y,N,A,2,0,0,0,21453.0,2,37.68576049804688,-121.01244354248048,3
2018,2018-10-11,1830,10,3,18,4,Y,A,N,A,H,A,A,07,,03,C,,,,,C,N,N,A,1,0,0,0,22350.0,2,37.75178909301758,-120.84007263183594,3
2018,2018-10-19,2157,10,3,21,5,Y,A,N,A,H,C,A,01,,17,D,,,,,C,Y,N,A,1,0,0,0,21451.0,2,37.49264144897461,-120.84371185302734,4
2018,2018-10-27,1706,10,3,17,6,Y,A,N,A,H,A,A,01,,12,D,,,,,C,Y,N,D,1,0,0,0,22450.0,3,37.531009674072266,-120.83509063720705,4
2018,2018-11-02,907,11,3,9,5,Y,A,N,A,H,A,-,,,10,G,Y,,,,B,N,N,A,1,1,0,0,21950.0,3,37.678009033203125,-120.975830078125,3
2018,2018-11-02,1138,11,3,11,5,Y,A,N,A,H,A,-,,,03,C,,,,,C,N,N,D,2,0,0,0,22350.0,2,37.60763168334961,-120.99356842041016,3
2018,2018-10-16,1755,10,3,17,2,N,A,Y,A,H,A,A,01,E,03,C,,,,,C,Y,N,D,1,0,0,0,22350.0,2,37.732669830322266,-120.94886779785156,4
2018,2018-10-19,1730,10,3,17,5,Y,A,Y,A,H,A,L,,,09,D,,Y,,,G,N,N,A,1,0,1,0,21804.0,2,37.678016662597656,-120.994140625,3
2018,2018-10-11,1407,10,3,14,4,Y,A,Y,A,H,A,A,,,07,B,,,,,C,N,N,D,1,0,0,0,21658.0,2,37.66452026367188,-120.99404144287108,4
2018,2018-10-18,1906,10,3,19,4,N,A,Y,A,H,C,A,,S,10,G,Y,,,,B,N,F,D,1,1,0,0,21950.0,2,37.638198852539055,-120.9713134765625,3
2018,2018-09-21,959,9,3,9,5,Y,A,Y,A,H,A,A,01,,17,A,,,Y,,C,Y,N,A,1,0,0,1,21451.0,2,37.63839340209961,-120.99959564208984,2
2018,2018-10-24,1448,10,3,14,3,N,A,N,A,H,A,D,72,W,04,C,,,,,C,N,N,A,2,0,0,0,21703.0,2,37.59483337402344,-120.97542572021484,3
2018,2018-10-27,1035,10,3,10,6,N,A,N,A,H,A,A,01,S,03,C,,,,,C,Y,N,A,1,0,0,0,22350.0,2,37.601932525634766,-120.938720703125,3
2018,2018-11-11,1329,11,3,13,7,Y,A,N,A,H,A,A,07,,08,D,,,,,C,Y,N,D,3,0,0,0,22107.0,2,37.59154891967773,-120.93878936767578,3
2018,2018-11-07,1337,11,3,13,3,N,A,N,A,H,A,A,01,E,03,C,,,,,C,N,N,D,2,0,0,0,22350.0,2,37.594829559326165,-120.97024536132812,3
2018,2018-11-07,1249,11,3,12,3,N,A,N,A,H,A,C,02,W,03,C,,,Y,,C,Y,N,D,2,0,0,1,22350.0,2,37.60929489135742,-120.97468566894533,3
2018,2018-11-07,615,11,3,6,3,N,A,N,A,H,B,-,- ,N,- ,G,Y,,,,B,N,N,A,1,1,0,0,,2,37.58706665039063,-120.95494842529295,4
2018,2018-11-02,1302,11,3,13,5,N,A,N,A,H,A,A,01,E,03,C,,,,,C,Y,N,D,1,0,0,0,22350.0,3,37.5818748474121,-120.97623443603516,3
2018,2018-10-23,2200,10,3,22,2,N,A,Y,A,H,C,A,07,W,- ,B,,,Y,,C,N,N,D,1,0,0,1,,2,37.63825988769531,-120.76175689697266,3
2018,2018-11-05,1544,11,3,15,1,N,A,N,A,H,A,A,,E,08,B,,,,,-,Y,N,A,1,0,0,0,22100.0,2,37.69131851196289,-120.97611236572266,4
2018,2018-11-05,1425,11,3,14,1,Y,A,N,A,H,A,A,,,09,D,,,,,C,Y,N,D,2,0,0,0,21802.0,2,37.63370895385742,-120.98779296875,3
2018,2018-11-06,836,11,3,8,2,N,A,N,A,H,A,D,,S,03,C,,,,,C,Y,N,A,1,0,0,0,22350.0,2,37.62328720092773,-120.94391632080078,4
2018,2018-10-23,1850,10,3,18,2,N,A,N,A,H,B,L,04,S,08,B,,Y,,,G,N,N,D,1,0,1,0,22107.0,2,37.676639556884766,-121.022216796875,3
2018,2018-11-06,1736,11,3,17,2,N,A,N,A,H,A,A,,S,03,C,,,,,-,Y,N,A,2,0,0,0,22350.0,5,37.678009033203125,-120.975830078125,3
2018,2018-10-30,1208,10,3,12,2,N,A,N,A,H,A,-,,S,03,C,,,,,C,N,N,D,1,0,0,0,22350.0,2,37.6671142578125,-121.03019714355467,4
2018,2018-11-06,824,11,3,8,2,N,A,N,A,H,A,A,,W,09,B,,,,,C,Y,N,D,5,0,0,0,21804.0,3,37.64176940917969,-121.01297760009766,3
2018,2018-10-31,413,10,3,4,3,N,A,N,A,H,C,-,,S,09,D,,,,,C,Y,N,A,1,0,0,0,21801.0,2,37.68024444580078,-121.01235961914062,3
2018,2018-11-05,458,11,3,4,1,Y,A,N,A,H,C,N,,,11,G,Y,,,,B,N,N,A,1,1,0,0,21954.0,2,37.6893310546875,-121.01251220703124,4
2018,2018-11-03,1511,11,3,15,6,N,A,N,A,H,A,-,- ,S,03,F,,,Y,,A,N,N,D,1,0,0,1,22350.0,1,37.64372253417969,-120.93093872070312,3
2018,2018-11-02,1825,11,3,18,5,Y,A,N,A,H,B,A,,,03,C,,,,,C,Y,N,A,1,0,0,0,22350.0,4,37.6893310546875,-121.01251220703124,4
2018,2018-11-02,1736,11,3,17,5,N,A,N,A,H,A,A,,W,03,C,,,,,C,N,N,A,1,0,0,0,22350.0,2,37.68907928466797,-120.92156219482422,4
2018,2018-11-02,1219,11,3,12,5,N,A,N,A,H,A,D,,S,09,D,,,,,C,Y,N,A,2,0,0,0,21804.0,2,37.674365997314446,-121.01229858398438,4
2018,2018-11-09,1801,11,3,18,5,N,A,N,A,H,C,N,,W,10,G,Y,,,,B,N,N,A,1,1,0,0,21954.0,2,37.645992279052734,-121.0219268798828,3
2018,2018-10-08,1142,10,3,11,1,N,A,N,A,H,A,A,01,S,09,D,,Y,,,G,N,N,D,1,0,1,0,21802.0,2,37.67087173461913,-120.92134857177734,4
2018,2018-11-10,116,11,3,1,6,N,A,N,A,H,C,A,,,01,A,,,,,E,Y,N,A,1,0,0,0,23152.0,2,37.640411376953125,-120.94532775878906,4
2018,2018-10-28,7,10,3,0,7,N,A,N,A,H,C,A,01,W,08,-,,,,,E,Y,N,A,1,0,0,0,22107.0,3,37.6641845703125,-121.0272216796875,4
2018,2018-11-09,1601,11,3,16,5,N,A,N,A,H,A,A,,W,08,C,,,,,C,N,F,A,1,0,0,0,22107.0,2,37.62601852416992,-121.01186370849608,4
2018,2018-11-08,1715,11,3,17,4,Y,A,N,A,H,C,A,,,09,A,,,,,C,Y,N,A,1,0,0,0,21801.0,2,37.6969108581543,-121.0316925048828,3
2018,2018-11-08,1452,11,3,14,4,Y,A,N,A,H,A,A,,,12,D,,,,,C,Y,N,A,1,0,0,0,21453.0,2,37.68968963623047,-121.03156280517578,4
2018,2018-11-07,1400,11,3,14,3,N,A,N,A,H,A,A,,,03,C,,,,,D,Y,N,D,2,0,0,0,22350.0,3,37.6781005859375,-120.98499298095705,4
2018,2018-11-07,1306,11,3,13,3,Y,A,N,A,H,A,A,,,10,G,Y,,,,B,N,N,A,1,1,0,0,21950.0,2,37.66733169555664,-120.99624633789062,3
2018,2018-11-13,1753,11,3,17,2,Y,A,N,A,H,C,L,,,05,D,,Y,,,G,N,N,-,1,0,1,0,21202.0,2,37.64599990844727,-121.0281982421875,3
2018,2018-10-25,1654,10,3,16,4,N,A,N,A,H,A,-,,,04,C,,,,,C,N,F,D,1,0,0,0,21703.0,2,37.63282012939453,-121.0055694580078,3
2018,2018-11-12,1604,11,3,16,1,N,A,N,A,H,A,A,,S,03,C,,,,,C,Y,N,A,1,0,0,0,22350.0,3,37.64598846435546,-121.0302963256836,4
2018,2018-10-10,1851,10,3,18,3,Y,A,N,A,H,C,D,,,06,C,,,,,C,N,M,D,1,0,0,0,21750.0,2,37.6278190612793,-121.01184844970705,4
2018,2018-11-12,845,11,3,8,1,N,A,N,A,H,A,L,,W,09,-,,Y,,,G,N,N,D,1,0,1,0,21804.0,2,37.66401290893555,-121.0106201171875,3
2018,2018-10-15,1709,10,3,17,1,N,A,N,A,H,A,-,,N,03,C,,,,,-,Y,N,A,2,0,0,0,22350.0,2,37.67620468139648,-120.97579193115234,3
2018,2018-11-11,734,11,3,7,7,Y,A,N,A,H,A,A,,,12,D,,,,,C,Y,N,A,1,0,0,0,21453.0,2,37.63565826416016,-121.00183868408205,4
2018,2018-10-31,904,10,3,9,3,Y,A,N,A,H,A,A,,,08,E,,,,,I,Y,N,D,1,0,0,0,22107.0,2,37.695499420166016,-120.99440002441406,4
2018,2018-11-10,2045,11,3,20,6,N,A,N,A,H,C,A,,W,01,C,,,,,E,Y,N,A,1,0,0,0,23152.0,3,37.663551330566406,-120.9732666015625,4
2018,2018-10-29,1830,10,3,18,1,Y,A,N,A,H,C,A,,,09,D,,,,,C,Y,N,A,3,0,0,0,21802.0,2,37.68172073364258,-121.02232360839844,4
2018,2018-11-04,1102,11,3,11,7,Y,A,N,A,H,A,A,,,09,D,,,,,C,Y,N,A,4,0,0,0,21801.0,3,37.669818878173835,-120.97570037841795,4
2018,2018-11-02,1434,11,3,14,5,Y,A,N,A,H,A,-,,,12,-,,,,,C,Y,N,A,4,0,0,0,21453.0,2,,,3
2018,2018-10-31,1421,10,3,14,3,Y,A,N,A,H,A,-,,,08,E,,,,,I,Y,N,D,3,0,0,0,22107.0,1,37.656108856201165,-120.93370056152344,3
2018,2018-11-02,1218,11,3,12,5,N,A,N,A,H,A,A,,N,08,B,,,,,C,N,N,D,1,0,0,0,22107.0,3,37.639663696289055,-120.99754333496094,3
2018,2018-11-01,1808,11,3,18,4,Y,A,N,A,H,B,A,,,12,D,,,,,C,Y,N,A,1,0,0,0,21453.0,2,37.637401580810554,-121.0019989013672,4
2018,2018-11-09,114,11,3,1,5,Y,A,N,A,H,D,A,,,01,D,,,,,C,Y,N,A,1,0,0,0,23152.0,2,37.63143157958984,-121.0164794921875,3
2018,2018-11-05,1240,11,3,12,1,N,A,N,A,H,A,-,,S,10,G,Y,,,,B,N,N,A,1,1,0,0,21950.0,2,37.66500854492188,-121.0220184326172,3
2018,2018-11-05,752,11,3,7,1,N,A,N,A,H,A,A,,S,03,D,,,,,C,Y,F,D,1,0,0,0,22350.0,2,37.63147735595703,-121.03054809570312,4
2018,2018-11-04,1905,11,3,19,7,Y,A,N,A,H,C,-,,,01,C,,,,,C,Y,N,D,2,0,0,0,23152.0,3,37.62432861328125,-121.03044128417967,3
2018,2018-11-03,1444,11,3,14,6,Y,A,N,A,H,A,D,22,,08,B,,,Y,,C,Y,N,A,1,0,0,1,22107.0,2,37.66714859008789,-120.9757080078125,2
2018,2018-11-08,1517,11,3,15,4,Y,A,N,A,H,A,-,,,09,D,,,,,C,Y,N,D,2,0,0,0,21802.0,4,37.641700744628906,-120.95719909667967,3
2018,2018-11-06,1416,11,3,14,2,Y,A,N,A,H,A,A,,,09,B,,,,,C,Y,N,A,2,0,0,0,21802.0,2,37.67184829711913,-120.97573089599608,4
2018,2018-11-01,1606,11,3,16,4,N,A,N,A,H,A,-,,S,03,C,,,,,C,N,N,A,1,0,0,0,22350.0,2,,,3
2018,2018-10-19,1328,10,3,13,5,Y,A,N,A,H,A,A,01,,12,-,,,,,C,Y,N,A,3,0,0,0,21453.0,2,37.53271865844727,-120.88842010498048,4
2018,2018-11-12,1821,11,3,18,1,Y,A,N,A,H,C,-,,,- ,D,,,,,C,Y,F,D,2,0,0,0,,2,37.64057,-120.76157,4
2018,2018-11-21,1102,11,3,11,3,N,B,N,B,H,A,A,01,S,03,B,,,,,C,Y,N,A,1,0,0,0,22350.0,2,37.59382247924805,-120.93870544433594,3
2018,2018-11-13,1058,11,3,10,2,N,A,N,A,H,A,A,01,W,08,E,,,,,E,Y,N,D,1,0,0,0,22107.0,2,37.50422286987305,-120.84408569335938,4
2018,2018-11-11,1225,11,3,12,7,N,A,N,A,H,A,A,01,N,09,A,,,,,C,Y,N,D,1,0,0,0,21801.0,3,37.515419006347656,-120.84896850585938,4
2018,2018-11-07,1458,11,3,14,3,Y,A,N,A,H,A,L,04,,12,D,,Y,,,G,N,N,A,1,0,1,0,21453.0,2,37.5291404724121,-120.87612152099608,3
2018,2018-11-05,1810,11,3,18,1,N,A,N,A,H,C,A,01,W,08,B,,,,,E,N,N,D,2,0,0,0,22107.0,3,37.52672576904297,-120.8467025756836,4
2018,2018-11-05,1108,11,3,11,1,Y,A,N,A,H,A,A,01,,09,D,,,,,C,Y,N,A,2,0,0,0,21802.0,2,37.48225021362305,-120.84897613525392,4
2018,2018-11-19,838,11,3,8,1,Y,A,N,A,H,A,-,- ,,00,D,,,,,C,Y,N,A,3,0,0,0,,2,37.59476089477539,-120.94783020019533,2
2018,2018-11-15,1208,11,3,12,4,Y,A,N,A,H,A,A,07,,09,A,,,,,I,N,N,A,2,0,0,0,21802.0,2,37.49177169799805,-120.85806274414062,3
2018,2018-11-15,1619,11,3,16,4,Y,A,N,A,H,A,A,01,,09,D,,,,,C,Y,N,A,1,0,0,0,21453.0,2,37.52190017700195,-120.86264801025392,4
2018,2018-11-07,1400,11,3,14,3,Y,A,Y,A,H,A,A,01,,09,D,,,,,C,N,N,A,2,0,0,0,21802.0,2,37.694194793701165,-120.99448394775392,4
2018,2018-11-03,1900,11,3,19,6,N,A,Y,A,H,C,D,22,W,10,G,Y,,,,B,N,N,D,1,1,0,0,21950.0,2,37.63820266723633,-120.97295379638672,3
2018,2018-11-02,2111,11,3,21,5,N,A,Y,A,H,C,A,01,S,03,C,,,,,C,N,N,A,1,0,0,0,22350.0,2,37.66704559326172,-121.03361511230467,4
2018,2018-10-28,1722,10,3,17,7,Y,A,Y,A,H,A,A,,,12,B,,,,,C,Y,F,A,4,0,0,0,21453.0,5,37.69952392578125,-120.99462890625,4
2018,2018-10-24,1159,10,3,11,3,N,A,Y,A,H,A,A,,N,09,B,,,,,C,N,F,A,1,0,0,0,21804.0,2,37.671096801757805,-120.99403381347656,3
2018,2018-10-24,810,10,3,8,3,Y,A,Y,A,H,A,N,,,11,G,Y,,,,B,N,N,A,1,1,0,0,21950.0,2,37.63885498046875,-121.00735473632812,3
2018,2018-09-04,1719,9,3,17,2,Y,A,Y,A,H,A,A,01,,08,D,,,,,C,Y,N,A,1,0,0,0,22107.0,2,37.76782989501953,-120.84783935546876,3