ACCIDENT_YEAR,COLLISION_DATE,COLLISION_TIME,MONTH,SEASON,24HOURS,DAY_OF_WEEK,INTERSECTION,WEATHER_1,STATE_HWY_IND,ROAD_SURFACE,ROAD_COND_1,LIGHTING,STWD_VEHTYPE_AT_FAULT,CHP_VEHTYPE_AT_FAULT,DIRECTION,PCF_VIOL_CATEGORY,TYPE_OF_COLLISION,PEDESTRIAN_ACCIDENT,BICYCLE_ACCIDENT,MOTORCYCLE_ACCIDENT,TRUCK_ACCIDENT,MVIW,TOW_AWAY,HIT_AND_RUN,CONTROL_DEVICE,NUMBER_INJURED,COUNT_PED_INJURED,COUNT_BICYCLIST_INJURED,COUNT_MC_INJURED,PCF_VIOLATION,PARTY_COUNT,POINT_Y,POINT_X,COLLISION_SEVERITY
2015,2015-11-24,315,11,3,3,2,N,A,Y,A,H,C,A,08,N,08,F,,,,,A,Y,N,D,1,0,0,0,22107.0,1,37.54983,-120.90902,3
2015,2015-11-24,1744,11,3,17,2,N,A,Y,A,H,D,D,22,N,03,C,,,,,C,N,N,D,1,0,0,0,22350.0,2,,,4
2015,2015-11-19,1755,11,3,17,4,N,A,Y,A,H,D,A,01,N,03,C,,,,,C,Y,N,D,2,0,0,0,22350.0,3,37.6884755,-121.05959531,3
2015,2015-11-22,1840,11,3,18,7,N,A,N,A,H,D,A,07,E,03,C,,,,,C,N,N,D,1,0,0,0,22350.0,2,37.45709629,-121.1401587,4
2015,2015-11-22,1820,11,3,18,7,N,A,N,A,H,C,A,01,W,03,G,Y,,,,B,N,F,A,1,1,0,0,22350.0,2,37.60939067,-120.98009628,2
2015,2015-11-30,150,11,3,1,1,Y,A,N,A,H,C,A,07,,01,D,,,,,C,Y,N,A,2,0,0,0,23152.0,2,37.60946991,-120.99365999,2
2015,2015-11-23,720,11,3,7,1,N,E,N,A,H,A,A,01,S,08,F,,,,,A,Y,N,D,1,0,0,0,22107.0,1,37.392172,-121.00381957,4
2015,2015-11-24,1300,11,3,13,2,N,B,Y,B,H,A,A,01,S,03,C,,,,,C,N,N,D,1,0,0,0,22350.0,3,37.61719739,-120.98839059,4
2015,2015-11-24,1720,11,3,17,2,N,A,N,A,H,D,A,01,N,03,C,,,,,C,Y,N,D,1,0,0,0,22350.0,4,37.54043674,-120.84707,4
2015,2015-11-25,1735,11,3,17,3,N,A,N,A,H,D,A,01,N,03,C,,,,,C,Y,N,D,1,0,0,0,22350.0,2,37.60012506,-121.03032964,3
2015,2015-11-24,1330,11,3,13,2,N,B,Y,B,H,A,A,01,N,03,C,,,,,C,Y,N,D,2,0,0,0,22350.0,3,37.46561194,-121.18256752,4
2015,2015-11-24,1410,11,3,14,2,Y,B,N,B,H,A,D,22,,09,D,,,,,C,Y,N,D,1,0,0,0,21801.0,2,37.5216799,-120.81206,4
2015,2015-11-25,540,11,3,5,3,Y,B,N,B,H,D,-,- ,,12,D,,,,,C,Y,N,A,1,0,0,0,22450.0,2,37.50752988,-120.99461991,4
2015,2015-11-25,1706,11,3,17,3,N,A,Y,A,H,B,D,22,N,03,C,,,,,C,N,N,D,2,0,0,0,22350.0,2,37.6533022,-121.02482313,4
2019,2019-12-06,1559,12,4,15,5,Y,A,N,A,H,A,A,01,,03,D,,,,,C,N,N,A,1,0,0,0,22350.0,2,37.73268127441406,-120.92684936523438,4
2015,2015-11-26,1805,11,3,18,4,N,A,Y,A,H,D,C,02,S,08,F,,,Y,,A,Y,N,D,1,0,0,1,22107.0,1,37.53916,-121.2672,4
2015,2015-11-26,1830,11,3,18,4,N,A,N,A,H,C,N,60,N,11,G,Y,,,,B,N,N,D,1,1,0,0,21954.0,2,37.60833464,-120.99358837,3
2015,2015-11-30,740,11,3,7,1,N,A,Y,A,H,A,D,22,N,03,C,,,,,C,Y,N,D,3,0,0,0,22350.0,4,37.54154041,-120.89691595,4
2015,2015-11-26,1855,11,3,18,4,N,A,Y,A,H,C,A,07,W,01,C,,,,,C,Y,F,D,1,0,0,0,23152.0,2,37.7111471,-121.0069,3
2015,2015-11-27,1600,11,3,16,5,N,A,Y,A,H,A,D,22,N,08,F,,,,,A,Y,N,D,2,0,0,0,22107.0,1,,,3
2015,2015-11-28,615,11,3,6,6,N,A,N,A,H,D,A,01,N,08,E,,,,,I,Y,N,D,1,0,0,0,22107.0,1,37.68463995,-121.06815716,4
2015,2015-11-28,1110,11,3,11,6,N,A,Y,A,H,A,A,07,S,03,C,,,,,C,N,F,D,1,0,0,0,22350.0,3,37.60482853,-120.97185119,3
2015,2015-11-23,1554,11,3,15,1,Y,A,N,A,H,A,A,08,,09,D,,,,,C,Y,N,A,1,0,0,0,21802.0,2,37.70366997,-120.99841991,4
2015,2015-11-28,1900,11,3,19,6,Y,A,N,A,H,C,A,01,,09,D,,,,,C,Y,N,D,3,0,0,0,21801.0,2,37.70601988,-121.08504999,4
2015,2015-11-24,1240,11,3,12,2,N,B,N,B,H,A,D,22,N,03,E,,,,,I,Y,N,D,2,0,0,0,22350.0,1,37.56474886,-120.92064902,3
2015,2015-12-07,800,12,4,8,1,N,A,Y,A,H,A,A,01,N,03,C,,,,,C,Y,N,D,1,0,0,0,22350.0,3,37.68882267,-121.0604346,4
2015,2015-11-25,1000,11,3,10,3,N,B,N,A,C,A,A,01,W,03,C,,,,,C,Y,N,D,2,0,0,0,22350.0,2,,,4
2015,2015-11-29,1421,11,3,14,7,N,A,Y,A,H,A,A,01,S,03,C,,,,,C,Y,N,D,1,0,0,0,22350.0,2,37.45588177,-121.17483146,4
2015,2015-12-07,806,12,4,8,1,N,B,Y,A,H,A,A,01,E,03,C,,,,,C,Y,N,A,1,0,0,0,22350.0,3,,,4
2015,2015-11-28,16,11,3,0,6,Y,A,N,A,H,C,A,01,,01,D,,,,,C,Y,N,A,6,0,0,0,23152.0,3,37.60946991,-120.99365999,2
2015,2015-11-30,1630,11,3,16,1,N,A,N,A,H,A,A,01,W,09,D,,,,,C,Y,N,D,1,0,0,0,21804.0,2,37.49330239,-121.03997944,4
2015,2015-12-01,1509,12,4,15,2,Y,A,Y,A,H,A,D,22,,03,C,,,,,C,N,N,D,2,0,0,0,22350.0,2,37.63864991,-121.01576987,4
2015,2015-12-01,1110,12,4,11,2,N,A,N,A,H,A,A,07,N,03,C,,,,,C,Y,N,A,3,0,0,0,22350.0,2,37.55153895,-120.822678,4
2015,2015-12-04,1727,12,4,17,5,N,A,N,A,H,D,C,02,N,17,C,,,Y,,C,Y,F,D,1,0,0,1,24250.0,2,37.5671599,-120.86986324,3
2015,2015-12-04,1731,12,4,17,5,Y,A,Y,A,H,D,A,01,,03,C,,,,,C,Y,N,D,1,0,0,0,22350.0,2,37.63823096,-121.06736,4
2015,2015-12-07,850,12,4,8,1,N,B,Y,A,H,A,A,01,S,08,E,,,,,I,Y,N,D,1,0,0,0,22107.0,1,37.54509481,-120.90156957,4
2019,2019-10-25,919,10,3,9,5,Y,A,N,A,H,A,G,25,,21,C,,,,Y,C,N,N,A,2,0,0,0,22106.0,2,37.46458053588867,-121.1755828857422,4
2019,2019-12-20,1842,12,4,18,5,Y,A,N,A,H,C,I,11,,09,D,,,,,C,N,N,D,1,0,0,0,21803.0,2,,,4
2019,2019-07-19,1653,7,2,16,5,N,A,N,A,H,A,A,01,E,03,C,,,,,E,N,N,D,1,0,0,0,22350.0,2,37.4710693359375,-121.15145111083984,4
2015,2015-11-04,2010,11,3,20,3,N,A,Y,A,H,A,G,27,N,07,B,,,,Y,C,Y,N,D,2,0,0,0,21658.0,3,37.54785141,-120.90575902,4
2015,2015-11-29,1415,11,3,14,7,N,A,Y,A,H,A,A,01,S,03,C,,,,,C,N,N,D,1,0,0,0,22350.0,3,37.6172333,-120.98868595,4
2015,2015-11-29,1630,11,3,16,7,Y,A,N,A,H,D,D,22,,09,A,,,Y,,C,Y,N,D,1,0,0,1,21801.0,2,,,2
2015,2015-11-30,745,11,3,7,1,N,A,Y,A,H,A,A,01,S,03,C,,,,,C,Y,N,D,3,0,0,0,22350.0,2,37.53389017,-120.8904936,4
2015,2015-11-14,425,11,3,4,6,N,A,N,A,H,D,A,07,E,08,F,,,,,A,Y,N,D,1,0,0,0,22107.0,1,37.50774456,-121.02359939,2
2015,2015-08-30,1350,8,2,13,7,N,A,Y,A,H,A,-,- ,N,18,H,,,,Y,J,N,N,D,1,0,0,0,,1,37.50316237,-120.87576282,3
2015,2015-11-27,225,11,3,2,5,N,A,N,A,H,D,A,01,N,01,A,,,,,C,Y,N,D,7,0,0,0,23152.0,2,37.69656321,-120.92167169,3
2015,2015-12-11,1936,12,4,19,5,N,A,Y,A,H,D,D,22,N,01,C,,,,,C,Y,N,D,1,0,0,0,23152.0,2,37.67073231,-121.03889122,4
2015,2015-11-24,1410,11,3,14,2,N,B,Y,A,H,A,A,01,S,03,C,,,,,C,Y,F,D,4,0,0,0,22350.0,5,37.51540182,-121.23809845,4
2015,2015-12-07,2235,12,4,22,1,Y,E,N,A,H,D,A,01,,01,E,,,,,I,Y,N,A,1,0,0,0,23152.0,1,37.60884994,-121.12173987,2
2015,2015-11-29,1050,11,3,10,7,N,A,Y,A,H,A,A,07,N,03,C,,,,,C,Y,N,D,3,0,0,0,22350.0,3,37.34648951,-121.11703231,4
2015,2015-11-19,2103,11,3,21,4,Y,A,Y,A,D,C,D,22,,09,D,,,,,C,Y,N,A,1,0,0,0,21453.0,2,37.70859859,-121.08152152,4
2015,2015-11-30,1515,11,3,15,1,Y,A,Y,A,H,A,A,01,,09,D,,,,,C,Y,N,A,1,0,0,0,21453.0,2,37.71114704,-121.01303,4
2015,2015-12-02,1750,12,4,17,3,N,B,Y,A,H,D,A,01,S,08,E,,,,,I,Y,N,D,3,0,0,0,22107.0,1,37.44412847,-121.16548337,3
2015,2015-12-14,1210,12,4,12,1,N,A,Y,A,H,A,A,01,N,07,E,,,,,J,Y,N,D,1,0,0,0,21658.0,2,37.56461059,-120.92626687,4
2019,2019-12-01,1024,12,4,10,7,N,B,N,B,H,A,-,,N,08,E,,,,,I,Y,N,A,1,0,0,0,22107.0,1,37.66778945922852,-121.03137969970705,3
2019,2019-12-01,1852,12,4,18,7,N,C,N,B,H,C,-,,E,03,B,,,,,C,Y,N,A,1,0,0,0,22350.0,3,37.68896865844727,-120.957763671875,3
2019,2019-12-02,159,12,4,1,1,N,C,N,B,H,C,A,,N,03,F,,,,,I,Y,N,A,1,0,0,0,22350.0,1,37.594829559326165,-120.97525787353516,4
2019,2019-12-02,1731,12,4,17,1,N,B,N,B,H,C,A,,S,09,D,,,,,C,Y,N,D,1,0,0,0,21804.0,2,37.67054748535156,-121.03766632080078,4
2019,2019-12-02,1031,12,4,10,1,N,C,N,B,H,A,-,,E,03,C,,,,,C,N,N,A,1,0,0,0,22350.0,2,37.64346694946289,-120.99641418457033,3
2019,2019-12-02,850,12,4,8,1,Y,B,N,B,H,A,-,- ,,12,D,,,,,C,Y,N,A,1,0,0,0,21453.0,2,37.671489715576165,-121.02214050292967,3
2019,2019-12-02,754,12,4,7,1,Y,C,N,B,H,A,-,,,21,D,,Y,,,G,N,N,A,1,0,1,0,22106.0,2,37.650428771972656,-120.95732879638672,3
2015,2015-12-12,2105,12,4,21,6,Y,A,N,A,H,D,A,01,,08,B,,,,,C,N,N,D,1,0,0,0,22107.0,2,,,4
2015,2015-12-12,2210,12,4,22,6,N,A,N,A,H,D,A,01,S,08,E,,,,,I,Y,N,A,2,0,0,0,22107.0,1,37.53658763,-120.82109184,4
2015,2015-11-28,1110,11,3,11,6,N,A,Y,A,H,A,G,25,N,03,C,,,,Y,C,N,N,D,1,0,0,0,22350.0,2,37.65516372,-121.02599222,3
2015,2015-12-04,810,12,4,8,5,Y,A,Y,A,D,B,D,22,,12,D,,,,,C,Y,N,A,3,0,0,0,21453.0,2,37.71089953,-121.07747845,3
2015,2015-12-04,1800,12,4,18,5,Y,A,Y,A,H,A,A,01,,03,C,,,,,C,Y,N,D,1,0,0,0,22350.0,2,37.75126999,-120.90326338,4
2015,2015-11-17,1000,11,3,10,2,N,B,Y,A,H,A,A,01,N,01,F,,,,,A,Y,N,D,2,0,0,0,23152.0,1,37.32562,-121.1103,2
2015,2015-12-05,1145,12,4,11,6,N,A,N,A,H,A,A,01,S,01,E,,,,,I,Y,N,D,1,0,0,0,23152.0,1,37.5657143,-120.95709015,3
2015,2015-12-06,1530,12,4,15,7,N,A,Y,A,H,A,A,01,N,03,C,,,,,C,Y,N,D,5,0,0,0,22350.0,2,37.64717442,-121.01770853,4
2015,2015-10-03,2000,10,3,20,6,N,A,Y,A,H,D,A,01,N,01,F,,,,,I,Y,N,D,1,0,0,0,23152.0,1,37.37039428,-121.05274533,2
2015,2015-12-05,2330,12,4,23,6,N,B,N,A,H,D,A,07,S,08,F,,,,,A,Y,F,D,1,0,0,0,22107.0,1,,,2
2015,2015-12-08,725,12,4,7,2,N,B,N,B,H,B,A,01,W,09,E,,,,,I,Y,N,A,1,0,0,0,21802.0,2,37.73279845,-120.88175864,4
2015,2015-12-08,730,12,4,7,2,N,B,Y,A,H,A,G,25,N,08,F,,,,Y,A,Y,N,D,1,0,0,0,22107.0,1,37.54787974,-121.27748333,3
2015,2015-12-08,1710,12,4,17,2,N,A,Y,A,H,D,D,22,N,03,C,,,,,C,Y,N,D,1,0,0,0,22350.0,2,37.53929344,-121.18805776,4
2015,2015-12-07,912,12,4,9,1,N,B,Y,A,H,A,A,01,S,03,C,,,,,E,Y,N,D,1,0,0,0,22350.0,2,37.57915793,-120.94264535,4
2015,2015-12-09,337,12,4,3,3,N,A,Y,A,H,D,A,01,W,05,B,,,,Y,C,Y,N,D,3,0,0,0,21460.0,4,37.63781962,-121.13968999,2
2015,2015-12-18,2135,12,4,21,5,N,B,Y,A,H,C,A,08,N,09,A,,,,,C,Y,N,D,2,0,0,0,21801.0,2,37.72457109,-120.99521142,4
2015,2015-12-09,1608,12,4,16,3,N,B,N,A,H,A,A,01,E,09,D,,Y,,,G,N,N,A,1,0,1,0,21802.0,2,37.62668971,-120.98715203,4
2015,2015-12-09,440,12,4,4,3,N,A,Y,A,H,D,D,22,W,08,D,,,,,C,Y,N,D,1,0,0,0,22107.0,2,,,3
2015,2015-12-09,920,12,4,9,3,N,A,N,A,H,A,A,01,W,05,A,,,,,C,Y,N,D,2,0,0,0,21460.0,2,37.56260683,-121.14376533,4
2015,2015-12-10,940,12,4,9,4,N,B,N,B,H,A,D,22,S,03,C,,,,,C,Y,N,D,2,0,0,0,22350.0,2,37.67482086,-120.84811077,4
2015,2015-12-11,755,12,4,7,5,N,B,Y,A,H,A,D,22,S,03,C,,,,,C,N,N,A,1,0,0,0,22350.0,2,37.60524769,-120.99355555,4
2015,2015-12-10,1625,12,4,16,4,Y,A,N,A,H,B,A,01,,08,B,,,,,C,Y,M,A,1,0,0,0,22107.0,2,37.60938998,-120.98000988,4
2015,2015-12-20,1200,12,4,12,7,N,A,N,A,H,A,A,08,W,09,F,,,,,A,Y,N,D,1,0,0,0,21801.0,2,37.73279938,-120.88144746,3
2015,2015-12-13,210,12,4,2,7,N,A,N,A,H,D,A,01,S,08,E,,,,,I,Y,N,D,1,0,0,0,22107.0,1,37.69366257,-120.89396332,4
2015,2015-12-14,800,12,4,8,1,N,A,Y,A,H,A,A,07,N,03,C,,,,,C,N,N,D,1,0,0,0,22350.0,2,37.62275951,-120.99569431,4
2015,2015-12-13,625,12,4,6,7,N,B,Y,A,H,D,A,07,N,01,C,,,,Y,C,Y,N,D,1,0,0,0,23152.0,3,37.56582484,-121.30128104,3
2015,2015-12-15,1038,12,4,10,2,Y,A,Y,A,H,A,A,08,,09,D,,,,,C,Y,N,A,1,0,0,0,21453.0,2,37.71089919,-121.07749999,4
2015,2015-12-11,1820,12,4,18,5,N,A,Y,A,H,D,A,01,S,03,C,,,,,C,N,N,D,1,0,0,0,22350.0,3,37.68861626,-121.06018005,4
2015,2015-08-23,411,8,2,4,7,N,A,Y,A,H,C,A,01,S,01,C,,,,,C,Y,N,D,2,0,0,0,23152.0,3,37.48759094,-120.86746701,1
2015,2015-12-16,1714,12,4,17,3,N,A,Y,A,H,D,A,01,S,03,C,,,,,C,Y,N,D,1,0,0,0,22350.0,2,,,4
2015,2015-12-19,1010,12,4,10,6,N,B,N,B,H,A,D,22,N,03,C,,,,,C,Y,N,D,2,0,0,0,22350.0,2,37.9070572,-120.84386358,4
2015,2015-12-19,1420,12,4,14,6,N,A,N,A,H,A,A,01,S,08,B,,,,,E,N,N,D,1,0,0,0,22107.0,2,37.62549314,-121.01865671,4
2015,2015-12-12,1445,12,4,14,6,N,A,N,D,G,A,C,02,E,22,F,,,Y,,A,N,N,D,1,0,0,1,,1,37.66315,-120.47165,4
2015,2015-12-11,1145,12,4,11,5,Y,B,N,A,H,A,A,01,,12,D,,,,,C,Y,N,A,3,0,0,0,21453.0,2,37.68206993,-120.84816998,3
2015,2015-12-10,725,12,4,7,4,N,B,Y,B,H,A,A,01,E,03,B,,,,Y,C,Y,N,D,2,0,0,0,22350.0,3,37.78804672,-120.72889752,4
2015,2015-12-13,1138,12,4,11,7,N,B,Y,B,H,A,A,01,N,03,E,,,,,I,Y,N,D,1,0,0,0,22350.0,1,37.61710401,-120.98762249,3
2015,2015-12-13,1050,12,4,10,7,N,B,N,B,H,A,A,01,W,08,E,,,,,I,Y,N,D,1,0,0,0,22107.0,1,37.62507513,-120.91161333,2
2015,2015-12-14,540,12,4,5,1,N,A,Y,B,H,D,-,99,W,05,D,,,,,C,Y,F,D,3,0,0,0,21460.0,3,37.80330857,-120.67798627,2
2015,2015-10-01,121,10,3,1,4,N,B,Y,B,H,D,N,60,N,11,G,Y,,,Y,B,N,N,D,0,0,0,0,21954.0,5,37.6194395,-120.99419092,1
2015,2015-10-25,1140,10,3,11,7,N,A,N,A,H,A,A,01,E,01,A,,,,,C,Y,N,A,1,0,0,0,23152.0,2,37.73277681,-120.88893313,1
2015,2015-12-12,1530,12,4,15,6,N,A,N,A,H,A,D,22,W,09,D,,,,,C,Y,N,D,1,0,0,0,21804.0,2,37.60942113,-120.98083748,4
2015,2015-12-04,1327,12,4,13,5,Y,A,Y,A,H,A,C,02,,05,C,,,Y,,C,Y,N,D,2,0,0,2,21752.0,2,37.6384102,-121.05370269,4
2015,2015-12-10,3,12,4,0,4,N,C,Y,B,H,D,A,01,S,08,F,,,,,A,Y,N,D,2,0,0,0,22107.0,1,37.56547384,-121.30082314,4
2015,2015-12-12,210,12,4,2,6,N,A,Y,A,H,C,A,01,N,01,C,,,,Y,C,Y,N,D,1,0,0,0,23152.0,2,37.5081837,-120.87813056,2
2015,2015-12-14,1705,12,4,17,1,Y,A,Y,A,H,D,A,01,,00,A,,,,,C,Y,N,D,2,0,0,0,24400.0,2,37.43516674,-121.101979,4
2015,2015-12-16,1440,12,4,14,3,N,A,N,A,H,A,C,06,N,12,D,,,Y,,C,Y,N,A,3,0,0,1,22450.0,2,37.5657157,-120.79208044,2
2015,2015-12-16,1247,12,4,12,3,N,A,N,A,H,A,A,01,N,03,C,,,,,C,Y,N,D,1,0,0,0,22350.0,3,,,4
2015,2015-12-17,1745,12,4,17,4,N,A,N,A,H,C,A,01,N,03,C,,,,,C,N,N,D,3,0,0,0,22350.0,2,37.60843823,-121.0304519,4
2015,2015-12-18,1900,12,4,19,5,N,A,Y,A,H,D,A,01,S,03,C,,,,,C,Y,N,D,3,0,0,0,22350.0,3,,,3
2015,2015-12-16,625,12,4,6,3,Y,A,N,A,H,B,D,22,,09,A,,,,,C,Y,N,D,2,0,0,0,21801.0,2,37.49223997,-120.75779999,3
2015,2015-12-16,626,12,4,6,3,Y,A,N,A,C,B,D,22,,03,D,,,,,C,Y,N,D,1,0,0,0,22350.0,2,37.49223997,-120.75779999,3
2015,2015-12-17,1345,12,4,13,4,N,A,Y,A,H,A,A,01,N,03,C,,,,,C,Y,N,D,1,0,0,0,22350.0,2,37.64851151,-121.01928179,4
2015,2015-12-28,715,12,4,7,1,N,B,N,B,H,A,D,22,S,08,E,,,,,I,Y,N,D,1,0,0,0,22107.0,1,37.55767736,-120.84704431,4
2015,2015-12-15,1720,12,4,17,2,N,A,Y,A,H,C,A,01,S,04,C,,,,,C,N,N,D,1,0,0,0,21703.0,2,37.66575745,-121.0310719,4
2015,2015-12-19,1615,12,4,16,6,N,B,Y,A,H,A,D,22,S,04,C,,,,,C,N,N,D,1,0,0,0,21703.0,2,37.65697,-121.02588388,4
2015,2015-12-23,515,12,4,5,3,N,A,N,A,H,D,A,01,W,08,E,,,,,I,Y,N,D,1,0,0,0,22107.0,1,37.55120808,-120.87362235,3
2015,2015-12-19,1240,12,4,12,6,N,B,N,A,H,A,C,02,S,03,F,,,Y,,A,Y,N,D,1,0,0,1,22350.0,2,37.51311189,-120.79414543,4
2015,2015-12-19,1600,12,4,16,6,Y,B,Y,B,H,A,A,07,,09,D,,,,,C,Y,N,D,2,0,0,0,21801.0,2,37.79299882,-120.90455599,3
2015,2015-12-20,1508,12,4,15,7,N,B,Y,A,H,A,B,07,S,07,F,,,,,A,Y,N,D,1,0,0,0,21658.0,1,37.3658108,-121.12335927,2
2015,2015-12-22,1725,12,4,17,2,Y,B,Y,A,H,C,D,22,,09,D,,,,,C,Y,N,A,1,0,0,0,21802.0,2,37.63782698,-121.15888,4
2016,2016-01-02,1423,1,4,14,6,N,A,N,A,H,A,A,01,N,03,C,,,,,C,Y,N,D,1,0,0,0,22350.0,2,37.67455492,-121.06797121,3
2015,2015-12-14,2340,12,4,23,1,N,A,Y,A,H,D,D,22,N,01,C,,,,Y,C,Y,M,D,1,0,0,0,23152.0,2,37.50757905,-120.87780804,3
2015,2015-12-27,2225,12,4,22,7,N,B,Y,B,H,D,A,07,S,08,F,,,,,A,N,N,D,1,0,0,0,22107.0,1,,,4
2015,2015-12-20,40,12,4,0,7,N,A,Y,A,H,C,A,01,S,01,C,,,,Y,C,Y,N,D,1,0,0,0,23152.0,2,37.69193169,-121.0637223,4
2015,2015-12-22,1010,12,4,10,2,N,B,Y,B,H,A,A,08,N,03,E,,,,,I,Y,N,A,1,0,0,0,22350.0,1,37.3976178,-121.13703356,4
2015,2015-12-28,1455,12,4,14,1,N,A,Y,A,H,A,A,01,S,08,C,,,,Y,C,Y,N,D,2,0,0,0,22107.0,3,37.61744557,-120.99026682,4
2016,2016-01-02,1245,1,4,12,6,N,A,N,A,H,A,A,01,S,08,E,,,,,I,Y,N,D,2,0,0,0,22107.0,1,37.44264187,-121.1412289,4
2015,2015-12-30,1510,12,4,15,3,N,A,Y,A,H,A,A,01,S,03,C,,,,,C,Y,N,A,4,0,0,0,22350.0,3,,,4
2015,2015-12-29,2210,12,4,22,2,N,A,Y,A,H,D,A,01,S,07,D,,,,,C,Y,N,D,2,0,0,0,21658.0,2,37.67144923,-121.03974321,4
2016,2016-01-03,2220,1,4,22,7,N,A,Y,A,H,C,A,01,S,03,C,,,,,C,N,N,D,1,0,0,0,22350.0,2,37.4209589,-121.15283086,4
2015,2015-12-26,100,12,4,1,6,N,A,Y,A,H,C,A,01,W,01,C,,,,,C,Y,N,D,1,0,0,0,23152.0,2,37.71352992,-120.99494478,3
2015,2015-12-21,1736,12,4,17,1,N,B,Y,B,H,D,A,01,W,05,A,,,,Y,C,Y,N,D,1,0,0,0,21460.0,2,37.63763633,-121.20827899,3
2019,2019-12-16,1323,12,4,13,1,Y,A,N,A,H,A,D,22,,09,A,,,,,C,Y,N,A,1,0,0,0,21801.0,2,37.58761978149414,-120.97528839111328,4
2015,2015-12-23,925,12,4,9,3,N,A,N,A,H,A,A,01,S,03,C,,,,,C,Y,N,D,1,0,0,0,22350.0,3,37.70589575,-120.9582759,4
2015,2015-12-25,1005,12,4,10,5,N,A,Y,A,H,A,A,01,N,03,B,,,,,C,Y,N,D,2,0,0,0,22350.0,2,37.66099194,-121.02620789,4
2015,2015-12-29,645,12,4,6,2,N,A,N,C,H,B,-,- ,S,18,E,,,,,I,Y,N,D,1,0,0,0,,2,37.43100886,-121.01386613,3
2016,2016-01-01,852,1,4,8,5,N,B,Y,A,H,A,A,07,N,08,E,,,,,I,N,N,D,1,0,0,0,22107.0,1,37.571356,-121.30793916,3
2015,2015-12-27,1235,12,4,12,7,N,B,Y,A,H,A,A,01,S,03,C,,,,,C,Y,N,D,3,0,0,0,22350.0,3,,,2
2015,2015-12-29,1830,12,4,18,2,N,A,N,A,H,A,D,22,S,09,C,,,Y,,C,N,N,D,1,0,0,1,21804.0,2,37.62241151,-120.98600197,3
2015,2015-10-28,1945,10,3,19,3,N,A,Y,A,H,D,D,22,N,01,C,,,Y,,C,Y,N,D,2,0,0,0,23152.0,4,37.67111553,-121.03882221,1
2016,2016-01-01,1900,1,4,19,5,N,B,Y,A,H,C,N,60,N,11,G,Y,,,,B,N,N,A,1,1,0,0,21954.0,2,37.6093,-120.9771,4
2016,2016-01-06,1834,1,4,18,3,N,C,Y,B,H,D,A,01,N,08,E,,,,,I,Y,N,D,1,0,0,0,22107.0,1,37.50851668,-120.87862506,4
2016,2016-01-07,2343,1,4,23,4,Y,A,N,A,H,D,A,07,,00,A,,,,,C,Y,N,D,2,0,0,0,24400.0,2,37.62504996,-120.9229299,4
2016,2016-01-03,2100,1,4,21,7,N,B,N,A,H,D,A,07,W,08,E,,,,,I,Y,N,D,1,0,0,0,22107.0,1,37.62593262,-121.02432034,4
2015,2015-11-15,2245,11,3,22,7,N,A,N,A,H,D,N,60,N,11,G,Y,,,,B,N,N,D,0,0,0,0,21954.0,2,37.62416842,-120.94541842,1
2015,2015-12-26,2050,12,4,20,6,N,A,N,A,H,D,A,01,W,01,E,,,,,I,Y,N,D,2,0,0,0,23152.0,1,37.58895,-120.86096,3
2016,2016-01-01,1353,1,4,13,5,N,A,Y,A,H,A,A,07,W,03,C,,,,,C,N,N,D,2,0,0,0,22350.0,2,37.6082999,-121.00496684,4
2016,2016-01-03,1046,1,4,10,7,N,B,Y,A,H,A,D,22,N,03,C,,,,,C,Y,N,D,1,0,0,0,22350.0,2,37.26553766,-121.09405146,4
2016,2016-01-10,1700,1,4,17,7,N,A,Y,A,H,B,-,- ,N,07,B,,,,,C,N,N,D,1,0,0,0,21658.0,2,37.66087457,-121.02595771,4
2015,2015-12-31,140,12,4,1,4,N,A,Y,A,H,D,D,22,E,01,E,,,,,I,Y,N,D,2,0,0,0,23152.0,1,37.78009651,-120.76103915,2
2016,2016-01-02,1945,1,4,19,6,N,A,Y,A,H,C,A,01,E,01,C,,,,,C,Y,N,D,2,0,0,0,23152.0,2,,,3
2016,2016-01-06,1510,1,4,15,3,Y,B,N,B,H,A,L,04,,12,D,,Y,,,G,N,N,A,1,0,1,0,22450.0,2,37.63368,-120.97475995,4
2019,2019-12-08,735,12,4,7,7,N,C,N,B,H,B,A,01,W,05,E,,,,,I,Y,N,D,2,0,0,0,21650.0,1,37.468936920166016,-121.13579559326172,4
2019,2019-12-12,749,12,4,7,4,Y,B,N,A,H,A,A,01,,09,D,,,,,C,Y,N,A,2,0,0,0,21802.0,2,37.60567855834961,-120.95233917236328,3
2019,2019-12-13,2243,12,4,22,5,Y,A,N,B,H,C,A,01,,12,D,,,,,C,Y,N,D,1,0,0,0,22450.0,2,37.61294174194336,-120.96617889404295,4
2019,2019-12-19,1746,12,4,17,4,N,A,N,A,H,C,A,01,S,08,D,,,,,C,N,N,D,3,0,0,0,22107.0,2,37.59384536743164,-120.93870544433594,4
2016,2016-01-04,1405,1,4,14,1,Y,B,N,B,H,A,A,07,,09,D,,,,,C,Y,N,D,1,0,0,0,21801.0,2,37.78934999,-120.74560987,4
2016,2016-01-05,1345,1,4,13,2,N,B,Y,B,H,A,A,01,S,03,B,,,,Y,C,Y,M,D,1,0,0,0,22350.0,2,37.72529039,-121.10287772,4
2016,2016-01-13,1536,1,4,15,3,N,A,N,A,H,A,A,07,E,03,C,,,,,C,Y,N,A,2,0,0,0,22350.0,3,37.60925366,-120.88775335,4