ACCIDENT_YEAR,COLLISION_DATE,COLLISION_TIME,MONTH,SEASON,24HOURS,DAY_OF_WEEK,INTERSECTION,WEATHER_1,STATE_HWY_IND,ROAD_SURFACE,ROAD_COND_1,LIGHTING,STWD_VEHTYPE_AT_FAULT,CHP_VEHTYPE_AT_FAULT,DIRECTION,PCF_VIOL_CATEGORY,TYPE_OF_COLLISION,PEDESTRIAN_ACCIDENT,BICYCLE_ACCIDENT,MOTORCYCLE_ACCIDENT,TRUCK_ACCIDENT,MVIW,TOW_AWAY,HIT_AND_RUN,CONTROL_DEVICE,NUMBER_INJURED,COUNT_PED_INJURED,COUNT_BICYCLIST_INJURED,COUNT_MC_INJURED,PCF_VIOLATION,PARTY_COUNT,POINT_Y,POINT_X,COLLISION_SEVERITY
2017,2017-10-02,1918,10,3,19,1,Y,A,Y,A,H,C,A,01,,03,C,,,,,C,N,N,A,2,0,0,0,22350.0,2,37.63824165,-120.91154986,4
2017,2017-09-29,1925,9,3,19,5,N,A,N,A,H,D,A,01,W,08,E,,,,,I,Y,N,D,3,0,0,0,22107.0,1,37.39137541,-121.08004476,3
2017,2017-09-29,1500,9,3,15,5,N,A,N,A,H,A,A,01,S,08,E,,,,,I,Y,N,D,2,0,0,0,22107.0,1,37.41490795,-121.02748623,3
2017,2017-10-01,1420,10,3,14,7,N,A,N,A,H,A,A,01,E,03,H,,Y,,,G,N,F,D,1,0,1,0,22350.0,2,37.63757999,-120.96761572,4
2017,2017-10-15,2238,10,3,22,7,Y,A,N,A,H,D,A,01,,01,D,,,,,C,Y,N,D,1,0,0,0,23152.0,2,37.55129998,-120.95706989,3
2017,2017-09-27,1215,9,3,12,3,N,B,N,A,H,A,M,46,S,09,C,,,,,C,N,N,D,1,0,0,0,21804.0,4,37.55064659,-121.16259473,3
2017,2017-10-05,1050,10,3,10,4,N,A,N,A,H,A,-,- ,N,18,H,,,Y,,H,N,N,D,1,0,0,1,,1,37.52319922,-120.79371177,3
2017,2017-09-30,1913,9,3,19,6,N,A,N,A,H,B,C,02,S,08,F,,,Y,,A,Y,N,D,1,0,0,1,22107.0,1,37.45500021,-120.84906956,4
2017,2017-10-04,755,10,3,7,3,N,A,N,A,H,A,A,01,W,03,C,,,,,C,Y,N,D,1,0,0,0,22350.0,3,37.62596093,-121.01459296,4
2017,2017-10-05,1405,10,3,14,4,Y,A,N,A,H,A,G,79,,09,D,,,,Y,C,Y,N,A,2,0,0,0,21801.0,2,37.33335009,-121.06747991,2
2017,2017-10-06,28,10,3,0,5,N,A,N,A,H,D,D,22,W,08,E,,,,,J,Y,M,D,1,0,0,0,22107.0,1,37.49302484,-121.00001939,3
2017,2017-10-06,520,10,3,5,5,N,A,Y,A,H,D,D,22,W,08,E,,,,,I,Y,M,D,1,0,0,0,22107.0,1,37.63856576,-121.04141994,3
2017,2017-10-06,817,10,3,8,5,N,A,Y,A,H,A,A,01,S,04,C,,,,,C,Y,N,D,1,0,0,0,21703.0,2,37.63418547,-121.00106731,4
2017,2017-10-06,1605,10,3,16,5,N,A,Y,A,H,A,A,01,N,04,C,,,,,C,N,N,D,1,0,0,0,21703.0,2,37.65345492,-121.02494933,4
2017,2017-10-06,1615,10,3,16,5,N,A,Y,A,H,A,A,01,,03,C,,,,,C,Y,N,D,1,0,0,0,22350.0,3,37.58454479,-120.94882311,4
2017,2017-10-06,1625,10,3,16,5,N,A,N,A,H,A,A,07,W,03,C,,,,,C,Y,N,D,1,0,0,0,22350.0,3,,,4
2017,2017-10-07,1158,10,3,11,6,N,A,N,A,H,A,A,01,S,01,E,,,,,I,Y,N,A,1,0,0,0,23152.0,1,37.68175,-121.09539,4
2017,2017-10-07,1420,10,3,14,6,N,A,N,A,H,A,A,01,E,01,E,,,,,I,Y,N,D,1,0,0,0,23152.0,1,37.57299466,-120.95484068,4
2017,2017-10-09,845,10,3,8,1,N,A,Y,A,H,A,A,01,N,07,E,,,,,I,N,F,D,1,0,0,0,21658.0,2,37.48295172,-120.86492585,3
2017,2017-10-09,1650,10,3,16,1,N,A,Y,A,H,A,A,01,S,03,C,,,,,C,Y,N,D,1,0,0,0,22350.0,2,37.5712769,-120.93358865,4
2020,2020-04-15,1205,4,1,12,3,Y,A,N,A,H,A,F,55,,09,D,,,,Y,C,Y,N,A,2,0,0,0,21453.0,2,37.667179107666016,-120.95755767822266,3
2017,2017-10-09,830,10,3,8,1,N,A,Y,A,H,A,A,07,E,00,F,,,,,A,Y,N,D,1,0,0,0,22017.0,1,37.79323375,-120.72520925,2
2017,2017-10-09,1730,10,3,17,1,Y,A,N,A,G,A,D,22,,09,D,,,,,C,Y,N,A,1,0,0,0,21802.0,3,37.57732992,-121.20280988,3
2017,2017-10-09,1900,10,3,19,1,N,A,Y,A,H,D,A,01,S,03,E,,,,,I,Y,N,D,1,0,0,0,22350.0,1,37.50786955,-121.22929769,3
2017,2017-10-09,2055,10,3,20,1,N,A,N,A,H,C,A,01,W,08,E,,,,,I,Y,N,D,1,0,0,0,22107.0,1,37.60956932,-121.03813792,4
2017,2017-08-14,1201,8,2,12,1,N,A,N,A,H,A,M,46,N,09,F,,,Y,,A,Y,N,A,0,0,0,0,21801.0,2,37.42713953,-120.95859511,1
2020,2020-04-21,755,4,1,7,2,Y,A,N,A,H,A,A,01,,12,D,,,,,C,N,N,A,3,0,0,0,21453.0,2,37.59476089477539,-120.94783020019533,4
2017,2017-10-06,1530,10,3,15,5,N,A,Y,A,H,A,A,01,N,04,C,,,,,C,Y,N,D,1,0,0,0,21703.0,2,37.5804136,-120.94437563,4
2017,2017-10-07,1230,10,3,12,6,N,A,N,A,H,D,D,22,N,09,C,,,,,C,Y,M,A,1,0,0,0,21802.0,2,37.57306648,-120.92041005,4
2017,2017-10-08,1735,10,3,17,7,N,A,N,A,H,A,D,22,N,03,A,,,,,C,Y,N,D,3,0,0,0,22350.0,3,37.64699859,-120.84783902,3
2017,2017-10-09,1619,10,3,16,1,N,A,Y,A,H,A,A,01,S,03,C,,,,,C,Y,N,D,2,0,0,0,22350.0,2,37.60254602,-120.96962359,4
2017,2017-10-10,545,10,3,5,2,N,A,Y,A,H,D,D,22,S,08,F,,,,,A,Y,N,D,1,0,0,0,22107.0,1,37.37065898,-121.12494537,3
2017,2017-10-10,1440,10,3,14,2,N,A,Y,A,H,A,I,11,S,03,C,,,,,C,Y,N,D,1,0,0,0,22350.0,2,37.62734,-120.99702,4
2017,2017-10-10,1700,10,3,17,2,N,A,Y,A,H,A,D,22,N,01,C,,,,,C,Y,N,D,2,0,0,0,23152.0,2,37.63858398,-121.00591667,4
2017,2017-10-10,943,10,3,9,2,N,A,Y,A,H,A,A,01,N,09,A,,,,,C,Y,N,D,8,0,0,0,21801.0,2,37.39542811,-121.07347993,2
2017,2017-10-10,2220,10,3,22,2,N,A,Y,A,H,D,A,01,N,08,F,,,,,I,Y,N,D,1,0,0,0,22107.0,1,37.35383251,-121.03932281,4
2017,2017-10-16,1535,10,3,15,1,N,A,Y,A,H,A,A,01,S,04,C,,,,,C,N,N,D,1,0,0,0,21703.0,2,37.71912307,-121.09627881,4
2017,2017-10-14,1410,10,3,14,6,Y,A,N,A,H,A,A,01,,09,D,,,,,C,Y,N,A,1,0,0,0,21802.0,2,37.44939991,-121.00343999,4
2017,2017-10-12,1705,10,3,17,4,Y,A,Y,A,H,A,A,01,,09,D,,,,,C,Y,N,D,4,0,0,0,21801.0,2,37.63782699,-121.15890002,3
2017,2017-10-16,1317,10,3,13,1,N,A,Y,A,H,A,A,01,N,03,C,,,,,C,Y,N,D,2,0,0,0,22350.0,2,,,4
2017,2017-10-13,1333,10,3,13,5,N,A,N,A,H,A,A,01,W,01,E,,,,,I,Y,N,A,1,0,0,0,23152.0,1,37.79402,-120.84055,3
2017,2017-10-12,2135,10,3,21,4,N,A,Y,A,H,D,D,22,E,08,F,,,,,I,Y,F,D,2,0,0,0,22107.0,1,37.7322206,-120.83667674,2
2017,2017-10-14,955,10,3,9,6,N,A,N,A,H,A,-,- ,S,00,F,,Y,,,A,N,N,D,1,0,1,0,,1,,,2
2017,2017-10-15,1352,10,3,13,7,N,A,N,A,H,A,D,22,S,09,D,,,,,C,Y,N,D,2,0,0,0,21802.0,2,37.60811789,-120.99357674,4
2017,2017-10-15,1945,10,3,19,7,Y,A,N,A,H,D,A,07,,12,D,,,,,C,Y,M,A,1,0,0,0,22450.0,2,37.62159999,-121.02805998,3
2017,2017-10-13,1510,10,3,15,5,N,A,Y,A,H,A,A,01,S,03,C,,,,,C,Y,N,D,3,0,0,0,22350.0,3,37.69034396,-121.0623103,3
2017,2017-10-14,1950,10,3,19,6,Y,A,Y,A,H,C,A,01,,09,D,,,,,C,N,N,A,2,0,0,0,21802.0,2,37.57731,-120.93878,4
2017,2017-10-13,1606,10,3,16,5,Y,A,N,A,H,A,D,22,,12,D,,,,,C,N,N,A,1,0,0,0,22450.0,2,37.61912991,-121.02968996,4
2017,2017-10-14,1933,10,3,19,6,Y,A,N,A,H,C,A,01,,12,D,,,,,C,Y,N,A,1,0,0,0,22450.0,2,37.72598,-121.10354,4
2017,2017-10-15,1720,10,3,17,7,N,A,Y,A,H,C,-,99,E,08,B,,,,,C,Y,M,A,1,0,0,0,22107.0,3,37.71106666,-120.99421866,4
2017,2017-10-08,1202,10,3,12,7,N,A,N,A,H,A,A,01,S,08,G,Y,,,,B,N,N,D,1,1,0,0,22107.0,2,37.70939866,-120.8483507,2
2017,2017-10-16,1032,10,3,10,1,N,A,N,A,H,A,A,01,W,05,C,,,,,C,Y,N,D,1,0,0,0,21460.0,2,37.56069687,-121.17790133,4
2017,2017-10-14,1948,10,3,19,6,Y,A,Y,A,H,C,A,01,,03,B,,,Y,,C,Y,N,A,1,0,0,1,22350.0,2,37.63969237,-121.24761755,4
2017,2017-10-16,2140,10,3,21,1,Y,A,Y,A,H,D,A,01,,01,E,,,,,I,Y,N,A,1,0,0,0,23152.0,1,37.78998855,-120.86604995,2
2019,2019-10-18,2034,10,3,20,5,Y,A,N,A,H,C,D,22,,12,A,,,,,C,N,N,A,1,0,0,0,22450.0,2,37.487979888916016,-120.85807037353516,4
2017,2017-10-13,1631,10,3,16,5,N,A,N,A,H,A,A,01,S,08,H,,Y,,,G,N,N,A,1,0,1,0,22107.0,2,,,3
2017,2017-10-14,900,10,3,9,6,N,A,Y,A,H,A,L,04,E,08,E,,Y,,,I,N,N,D,1,0,1,0,22107.0,1,37.64113436,-120.6142768,3
2017,2017-10-15,1340,10,3,13,7,N,A,Y,A,H,A,A,01,N,17,C,,,,Y,C,N,N,D,1,0,0,0,22109.0,2,37.31913626,-121.10808116,4
2017,2017-10-18,1526,10,3,15,3,N,A,N,A,H,A,D,22,E,08,F,,,,,A,Y,N,D,1,0,0,0,22107.0,1,37.65263,-121.09867197,3
2017,2017-10-18,2213,10,3,22,3,N,A,N,A,H,C,A,01,W,03,C,,,,,C,Y,F,A,1,0,0,0,22350.0,3,37.60927681,-120.97604239,4
2017,2017-10-18,1726,10,3,17,3,Y,A,N,A,H,A,A,01,,12,D,,,,,C,Y,N,A,1,0,0,0,22450.0,2,37.5143799,-120.80326988,3
2017,2017-10-17,835,10,3,8,2,N,A,Y,A,H,A,G,26,S,03,C,,,,Y,C,N,N,D,1,0,0,0,22350.0,2,37.61710126,-120.98759985,3
2017,2017-10-19,2238,10,3,22,4,N,A,Y,A,H,D,A,07,S,03,E,,,,,I,Y,N,D,1,0,0,0,22350.0,1,37.53317827,-120.89029745,4
2017,2017-10-20,50,10,3,0,5,N,A,Y,A,H,D,A,01,S,01,C,,,,,C,Y,N,D,2,0,0,0,23152.0,2,37.63422006,-121.00111159,2
2017,2017-10-20,1410,10,3,14,5,N,A,N,A,H,A,A,01,W,03,C,,,,,C,Y,N,D,2,0,0,0,22350.0,2,37.56596004,-121.0484945,4
2017,2017-10-16,1719,10,3,17,1,Y,A,Y,A,H,A,A,01,,09,D,,,,,C,Y,N,D,1,0,0,0,21801.0,3,37.53930926,-121.18807512,3
2017,2017-10-20,1710,10,3,17,5,N,B,Y,A,H,A,D,22,S,21,C,,,,,C,N,N,D,1,0,0,0,22106.0,2,37.64324473,-121.01223481,4
2017,2017-10-21,1155,10,3,11,6,N,A,N,A,H,A,D,22,S,03,C,,,,,C,Y,M,D,2,0,0,0,22350.0,2,37.54709988,-121.03023,4
2017,2017-10-22,120,10,3,1,7,N,A,N,A,H,D,A,01,S,01,E,,,,,I,Y,N,D,1,0,0,0,23152.0,1,37.62175658,-120.94105127,2
2017,2017-10-22,530,10,3,5,7,N,A,Y,A,H,A,A,01,W,08,E,,,,,I,Y,M,D,1,0,0,0,22107.0,1,37.65144113,-120.42218724,4
2017,2017-10-22,1310,10,3,13,7,N,A,Y,A,H,A,A,01,N,03,C,,,,,C,N,N,D,1,0,0,0,22350.0,2,37.6576,-121.02609807,4
2017,2017-10-23,525,10,3,5,1,Y,A,N,A,H,C,-,- ,,00,A,,,,,C,Y,N,D,1,0,0,0,,2,37.60946991,-120.99365999,4
2017,2017-10-21,1140,10,3,11,6,N,A,Y,A,H,A,A,07,S,03,C,,,,,C,Y,M,D,2,0,0,0,22350.0,3,37.60556007,-120.97268613,3
2017,2017-10-23,2035,10,3,20,1,Y,A,Y,A,H,C,D,22,,08,F,,,,,A,Y,N,D,1,0,0,0,22107.0,1,37.52927263,-121.17695139,4
2017,2017-10-24,746,10,3,7,2,Y,A,N,A,H,A,A,01,,09,A,,,,,C,Y,N,D,3,0,0,0,21801.0,2,37.71089991,-120.92935993,2
2017,2017-10-23,553,10,3,5,1,N,A,Y,A,H,D,A,01,N,08,E,,,,,I,N,N,D,1,0,0,0,22107.0,1,37.56472716,-120.92594626,4
2017,2017-10-24,1459,10,3,14,2,N,A,N,A,H,A,A,08,W,03,C,,,,,C,Y,N,D,2,0,0,0,22350.0,2,37.5563739,-121.18333832,3
2017,2017-10-22,405,10,3,4,7,N,A,Y,A,H,D,A,01,N,01,C,,,,,C,Y,N,D,1,0,0,0,23152.0,3,37.58072471,-120.94473078,3
2017,2017-10-24,1530,10,3,15,2,N,A,N,A,H,A,A,08,S,21,C,,,,,C,N,N,D,1,0,0,0,22106.0,2,,,4
2017,2017-10-24,1805,10,3,18,2,N,A,N,A,H,D,A,01,S,08,A,,,,,C,Y,N,D,3,0,0,0,22107.0,3,37.51398614,-120.99454931,4
2017,2017-10-24,1921,10,3,19,2,Y,A,Y,A,H,C,G,27,,10,G,Y,,,Y,B,N,N,A,1,1,0,0,21950.0,2,,,3
2017,2017-10-21,1425,10,3,14,6,Y,B,N,A,H,A,D,22,,12,D,,,,,C,Y,N,A,1,0,0,0,22450.0,2,37.45705993,-121.13182988,4
2017,2017-10-21,1115,10,3,11,6,N,A,Y,A,H,A,C,02,S,03,F,,,Y,,A,Y,N,D,2,0,0,2,22350.0,1,37.61674412,-120.98487096,2
2017,2017-10-22,1842,10,3,18,7,Y,A,N,A,H,C,A,01,,01,D,,,,,C,Y,N,A,1,0,0,0,23152.0,3,37.61248992,-121.02089,4
2017,2017-10-23,745,10,3,7,1,N,A,N,A,H,A,N,60,S,11,G,Y,,,,B,N,N,D,1,1,0,0,21950.0,2,37.638642,-120.847697,2
2017,2017-10-25,623,10,3,6,3,Y,A,N,A,H,D,A,01,,12,D,,,,,C,Y,N,A,2,0,0,0,22450.0,2,37.68174997,-121.08624998,4
2017,2017-10-25,625,10,3,6,3,N,A,Y,A,H,A,A,01,E,06,B,,,,,C,Y,N,D,2,0,0,0,21751.0,2,37.93731326,-120.80039988,3
2017,2017-10-25,1555,10,3,15,3,N,A,Y,A,H,A,A,07,W,03,C,,,,,C,Y,N,D,1,0,0,0,22350.0,2,37.63863634,-121.03537028,4
2017,2017-10-25,1705,10,3,17,3,N,A,Y,A,H,A,A,07,N,07,B,,,Y,,C,N,M,D,1,0,0,1,21658.0,2,37.58962093,-120.95471093,4
2017,2017-10-25,1730,10,3,17,3,Y,A,N,A,H,A,A,07,,09,D,,,,,C,Y,N,A,1,0,0,0,21802.0,2,37.46357992,-120.90363992,4
2017,2017-10-26,750,10,3,7,4,N,A,Y,A,H,A,A,01,S,07,B,,,,,C,Y,N,D,1,0,0,0,21658.0,2,37.70394024,-121.07545282,4
2017,2017-10-26,1645,10,3,16,4,N,A,Y,A,H,A,A,01,N,03,C,,,,,C,Y,N,D,3,0,0,0,22350.0,3,37.70261252,-121.073952,4
2017,2017-10-26,2245,10,3,22,4,N,A,N,A,H,D,A,07,W,08,E,,,,,I,Y,N,D,2,0,0,0,22107.0,1,37.56595,-121.11204069,2
2017,2017-10-27,1730,10,3,17,5,Y,A,N,A,H,D,A,07,,01,D,,,,,C,Y,N,C,2,0,0,0,23152.0,2,37.62504996,-120.9229299,4
2017,2017-10-27,1200,10,3,12,5,N,A,Y,A,H,A,D,22,N,03,C,,,,,C,Y,N,D,3,0,0,0,22350.0,3,,,4
2017,2017-10-28,1345,10,3,13,6,N,A,Y,A,H,A,A,01,S,03,E,,,,,J,Y,N,D,1,0,0,0,22350.0,1,37.57535315,-120.93807941,4
2017,2017-10-28,2220,10,3,22,6,N,A,Y,A,H,C,A,01,S,03,B,,,,,C,Y,N,D,1,0,0,0,22350.0,2,37.63393786,-121.00077179,3
2017,2017-10-28,2340,10,3,23,6,N,A,N,A,H,D,A,01,S,01,C,,,,,C,Y,N,D,7,0,0,0,23152.0,3,37.62134395,-120.94034476,3
2017,2017-10-29,1425,10,3,14,7,N,A,Y,A,H,A,A,08,S,03,C,,,,,C,Y,N,D,1,0,0,0,22350.0,3,37.6167499,-120.98662001,4
2020,2020-03-01,949,3,1,9,7,N,B,N,A,H,A,-,,W,06,B,,,,,E,Y,F,D,1,0,0,0,21750.0,3,37.681884765625,-121.02919006347656,3
2020,2020-01-22,2500,1,4,25,3,N,A,N,A,H,A,L,04,,09,H,,Y,,,G,N,F,A,1,0,1,0,21801.0,2,37.6893310546875,-121.01251220703124,3
2020,2020-03-01,1200,3,1,12,7,Y,A,N,A,H,A,-,,,01,D,,,,,C,Y,N,A,3,0,0,0,23152.0,2,37.67823028564453,-120.92597198486328,3
2020,2020-03-01,2052,3,1,20,7,N,A,N,A,H,C,-,,E,01,E,,,,,I,Y,N,A,2,0,0,0,23152.0,1,37.67047500610352,-121.0105209350586,2
2017,2017-10-28,1058,10,3,10,6,Y,A,N,A,H,A,E,22,,12,D,,,,,C,Y,N,A,2,0,0,0,22450.0,2,37.52632997,-120.79643995,3
2017,2017-10-28,1750,10,3,17,6,Y,A,N,A,H,A,A,01,,12,D,,,,,C,Y,N,D,1,0,0,0,22450.0,2,37.46345993,-120.83084995,4
2017,2017-10-29,2028,10,3,20,7,N,A,Y,A,H,A,A,01,N,03,C,,,,,C,N,N,D,1,0,0,0,22350.0,2,37.61033636,-120.97749678,4
2017,2017-10-30,147,10,3,1,1,Y,A,N,A,H,C,A,07,,03,E,,,,,I,Y,N,D,1,0,0,0,22350.0,1,37.65451989,-120.9169699,4
2017,2017-10-30,1255,10,3,12,1,N,A,Y,A,H,A,D,22,E,03,C,,,,,C,N,N,A,1,0,0,0,22350.0,2,37.63826692,-120.90291034,4
2017,2017-10-30,1410,10,3,14,1,Y,A,N,A,H,A,A,08,,09,B,,,,,C,Y,N,D,1,0,0,0,21801.0,2,37.71089991,-120.92935993,4
2017,2017-10-31,20,10,3,0,2,N,A,Y,A,H,D,D,22,W,08,E,,,,,I,Y,N,D,1,0,0,0,22107.0,1,37.63820603,-120.91625012,4
2017,2017-10-28,1240,10,3,12,6,N,A,N,A,H,A,A,07,E,08,F,,,,,A,Y,N,D,4,0,0,0,22107.0,1,,,3
2017,2017-10-31,1235,10,3,12,2,N,A,Y,A,H,A,A,01,S,08,E,,,,,I,Y,N,D,1,0,0,0,22107.0,1,37.603644,-120.97087659,4
2017,2017-10-31,1817,10,3,18,2,N,A,N,A,H,A,L,04,N,09,D,,Y,,,G,N,N,D,1,0,1,0,21804.0,2,37.48102783,-120.85809566,4
2017,2017-10-28,2135,10,3,21,6,N,A,N,A,H,D,A,07,S,08,E,,,,,I,Y,N,D,1,0,0,0,22107.0,1,,,4
2017,2017-10-31,220,10,3,2,2,N,A,N,A,H,C,A,01,S,01,E,,,,,I,Y,N,D,1,0,0,0,23152.0,1,37.63730628,-121.06733047,3
2020,2020-02-20,1355,2,4,13,4,Y,A,N,A,H,A,A,07,,09,D,,,,,C,N,N,A,2,0,0,0,21802.0,2,37.492691040039055,-120.83985900878906,4
2017,2017-10-26,1935,10,3,19,4,Y,A,N,A,H,C,A,01,,12,D,,,,,C,Y,N,A,4,0,0,0,22450.0,2,37.63125988,-121.04436988,3
2017,2017-10-27,1515,10,3,15,5,N,A,Y,A,H,A,A,01,S,03,C,,,,,C,Y,N,D,1,0,0,0,22350.0,3,37.60367361,-120.97053303,4
2017,2017-11-02,127,11,3,1,4,N,A,N,A,H,D,A,01,E,05,A,,,,Y,C,Y,N,D,2,0,0,0,21460.0,2,37.55023184,-120.91768413,2
2017,2017-11-02,1544,11,3,15,4,N,B,Y,A,H,A,A,01,S,03,C,,,,,C,N,N,D,1,0,0,0,22350.0,2,37.61728823,-120.98913778,4
2017,2017-11-02,1830,11,3,18,4,N,A,N,A,H,D,-,- ,S,18,H,,,,,H,Y,N,D,1,0,0,0,,1,37.49242,-120.7761,4
2020,2020-02-20,2129,2,4,21,4,Y,A,N,A,H,C,A,07,,12,D,,,,,C,Y,N,A,3,0,0,0,21453.0,2,37.52933120727539,-120.86702728271484,3
2017,2017-11-04,1325,11,3,13,6,N,B,Y,B,H,A,A,07,S,08,E,,,,,I,Y,N,D,3,0,0,0,22107.0,1,37.69248409,-121.06438545,3
2017,2017-11-05,1835,11,3,18,7,Y,A,N,A,H,C,A,07,,12,D,,,,,C,Y,N,A,2,0,0,0,22450.0,2,37.52170995,-120.79409986,4
2017,2017-11-06,1440,11,3,14,1,N,A,N,A,H,A,A,01,N,03,C,,,,,C,N,N,D,2,0,0,0,22350.0,3,37.6540338,-121.03106498,4
2017,2017-10-31,2300,10,3,23,2,N,B,Y,A,H,D,A,01,N,08,E,,,,,I,N,N,D,1,0,0,0,22107.0,1,37.51638959,-121.23925995,4
2017,2017-10-30,630,10,3,6,1,Y,A,N,A,H,D,A,01,,09,D,,,,,C,Y,N,D,3,0,0,0,21802.0,2,37.64325,-121.03023993,4
2017,2017-11-02,2149,11,3,21,4,N,A,Y,A,H,D,D,22,S,03,C,,,,,C,N,N,D,1,0,0,0,22350.0,2,37.57768956,-120.9409696,3
2017,2017-11-05,1805,11,3,18,7,N,A,N,A,H,D,A,01,S,08,E,,,,,I,Y,N,D,1,0,0,0,22107.0,1,37.62175658,-120.94105127,4
2017,2017-11-04,1930,11,3,19,6,N,A,N,A,H,D,D,22,E,09,D,,,,,C,Y,N,D,2,0,0,0,21801.0,2,37.34631844,-120.97804321,4
2017,2017-10-29,1250,10,3,12,7,Y,A,Y,A,H,A,A,01,,09,D,,,,,C,Y,N,D,4,0,0,0,21801.0,2,,,3
2017,2017-11-09,845,11,3,8,4,N,B,N,B,H,A,A,01,E,08,G,Y,,,,B,N,N,D,1,1,0,0,22107.0,2,37.77053403,-120.89941791,4
2020,2020-02-23,2020,2,4,20,7,N,A,N,A,H,C,A,01,E,08,B,,,,,D,Y,N,D,1,0,0,0,22107.0,2,37.51456832885742,-120.87403106689452,4
2017,2017-10-23,1900,10,3,19,1,N,A,N,A,H,D,-,99,S,08,G,Y,,,,B,N,F,D,1,1,0,0,22107.0,2,37.61995792,-120.99005083,3
2017,2017-10-29,15,10,3,0,7,N,A,N,A,H,C,A,01,W,03,C,,,,,C,Y,N,D,3,0,0,0,22350.0,3,37.63867987,-121.03127021,4
2017,2017-10-27,1305,10,3,13,5,N,A,Y,A,H,A,A,01,S,03,C,,,,,C,Y,N,D,3,0,0,0,22350.0,5,37.57382533,-120.93640239,4
2017,2017-10-30,545,10,3,5,1,N,A,N,A,H,D,-,99,S,00,B,,Y,,,G,N,F,D,1,0,1,0,21760.0,2,37.81467173,-120.89536354,3
2017,2017-10-31,1046,10,3,10,2,N,B,Y,A,H,A,D,22,N,01,E,,,,,I,Y,N,D,1,0,0,0,23152.0,1,37.32296496,-121.10898609,3
2017,2017-11-07,1735,11,3,17,2,N,A,Y,A,H,D,A,01,N,03,C,,,,,C,Y,N,D,2,0,0,0,22350.0,3,37.71184258,-121.08561379,2
2017,2017-11-08,2348,11,3,23,3,N,B,Y,B,H,D,G,25,S,03,B,,,,Y,E,Y,N,D,1,0,0,0,22350.0,2,,,4
2017,2017-11-04,1310,11,3,13,6,Y,B,N,B,H,A,A,01,,12,D,,,,,C,Y,F,A,3,0,0,0,22450.0,3,37.55142991,-121.04849988,3
2017,2017-11-08,1458,11,3,14,3,Y,A,N,A,H,A,A,01,,09,A,,,,,C,Y,N,D,1,0,0,0,21801.0,2,37.61325,-121.02567994,4
2017,2017-11-09,542,11,3,5,4,Y,B,N,B,H,D,A,01,,12,D,,,,,C,Y,N,A,1,0,0,0,21453.0,2,37.60927,-120.97676988,4
2017,2017-11-10,1830,11,3,18,5,N,A,N,A,H,D,D,22,N,03,B,,Y,,,G,N,N,D,1,0,1,0,22350.0,2,37.62073564,-120.89855607,4
2017,2017-11-11,720,11,3,7,6,N,B,Y,A,H,A,A,01,S,03,C,,,,,C,N,N,A,1,0,0,0,22350.0,2,37.68345,-121.05255,4
2017,2017-11-12,1824,11,3,18,7,N,A,Y,A,H,C,A,01,N,03,C,,,,,C,Y,N,D,1,0,0,0,22350.0,2,37.66666429,-121.03275251,4
2017,2017-11-12,2030,11,3,20,7,N,A,N,A,H,C,A,01,N,03,C,,,,,C,Y,N,D,4,0,0,0,22350.0,2,37.6433873,-121.03024238,4
2020,2020-02-24,1309,2,4,13,1,N,A,N,A,H,A,-,,S,08,D,,,,,C,N,N,A,1,0,0,0,22103.0,2,37.66476440429688,-120.98482513427734,3
2017,2017-11-03,2225,11,3,22,5,N,B,N,A,H,C,A,01,E,01,C,,,,,E,Y,N,D,1,0,0,0,23152.0,2,37.56601983,-120.92495433,3
2020,2020-02-20,1610,2,4,16,4,N,A,N,A,H,A,-,- ,S,08,D,,,,,C,N,N,A,1,0,0,0,22107.0,2,37.66714859008789,-120.9757080078125,4
2020,2020-02-10,1913,2,4,19,1,Y,A,N,-,H,C,-,,,12,D,,,,,C,Y,N,A,1,0,0,0,21453.0,2,37.634719848632805,-121.00070190429688,3
2020,2020-02-15,1811,2,4,18,6,N,A,N,A,H,D,-,,N,05,A,,,,,C,Y,N,D,3,0,0,0,21460.0,2,,,2
2020,2020-02-26,1322,2,4,13,3,Y,A,N,A,H,A,-,,,17,D,,,,,C,Y,N,A,4,0,0,0,21451.0,2,37.669818878173835,-120.97570037841795,3
2020,2020-02-26,2034,2,4,20,3,N,C,Y,A,H,A,-,- ,E,18,F,,Y,,,A,N,N,D,1,0,1,0,,1,37.659812927246094,-120.99397277832033,2
2017,2017-11-04,1605,11,3,16,6,N,B,N,A,H,A,A,01,S,01,E,,,,,I,Y,N,D,1,0,0,0,23152.0,1,37.60511133,-120.64566992,2
2017,2017-10-07,1609,10,3,16,6,N,A,N,A,H,A,A,01,N,01,A,,,,,C,Y,N,D,2,0,0,0,23152.0,2,37.69789154,-120.92390284,1
2020,2020-02-09,1924,2,4,19,7,Y,A,N,A,H,C,-,,,08,D,,,,,C,N,N,A,1,0,0,0,22100.0,2,37.68531036376953,-121.04981231689452,3
2020,2020-02-08,1534,2,4,15,6,Y,A,N,A,H,A,A,,,09,H,,,Y,,A,Y,N,D,1,0,0,1,21802.0,2,37.644315,-120.98858,4
2020,2020-02-16,1430,2,4,14,7,Y,A,N,A,H,A,-,,,09,A,,,,,C,Y,N,A,1,0,0,0,21453.0,2,37.6893310546875,-121.01251220703124,4
2017,2017-11-08,2312,11,3,23,3,N,B,Y,A,H,C,A,01,S,16,E,,,,,J,N,N,D,1,0,0,0,24002.0,2,37.61627611,-120.98379981,4