ACCIDENT_YEAR,COLLISION_DATE,COLLISION_TIME,MONTH,SEASON,24HOURS,DAY_OF_WEEK,INTERSECTION,WEATHER_1,STATE_HWY_IND,ROAD_SURFACE,ROAD_COND_1,LIGHTING,STWD_VEHTYPE_AT_FAULT,CHP_VEHTYPE_AT_FAULT,DIRECTION,PCF_VIOL_CATEGORY,TYPE_OF_COLLISION,PEDESTRIAN_ACCIDENT,BICYCLE_ACCIDENT,MOTORCYCLE_ACCIDENT,TRUCK_ACCIDENT,MVIW,TOW_AWAY,HIT_AND_RUN,CONTROL_DEVICE,NUMBER_INJURED,COUNT_PED_INJURED,COUNT_BICYCLIST_INJURED,COUNT_MC_INJURED,PCF_VIOLATION,PARTY_COUNT,POINT_Y,POINT_X,COLLISION_SEVERITY
2018,2018-05-06,1732,5,1,17,7,N,A,N,A,H,A,A,01,N,08,E,,,,,I,Y,N,D,1,0,0,0,22107.0,1,37.69377517700195,-120.84830474853516,4
2018,2018-04-28,1655,4,1,16,6,Y,A,N,A,H,A,A,07,,12,D,,,,,C,Y,N,A,2,0,0,0,22450.0,2,37.44818878173828,-121.0898666381836,4
2018,2018-04-27,855,4,1,8,5,N,A,Y,A,H,A,A,07,S,03,C,,,,,C,Y,N,D,5,0,0,0,22350.0,2,37.617286682128906,-120.98912811279295,3
2018,2018-04-28,402,4,1,4,6,Y,A,N,A,H,C,A,07,,01,E,,,,,I,Y,N,D,1,0,0,0,23152.0,1,37.61336898803711,-121.01187896728516,3
2018,2018-05-03,430,5,1,4,4,Y,A,N,A,H,C,A,01,,09,D,,,,,C,Y,N,A,2,0,0,0,21801.0,2,37.60947036743164,-120.99365997314452,4
2018,2018-05-04,414,5,1,4,5,N,A,N,A,H,D,A,01,S,05,D,,,,,C,Y,N,D,2,0,0,0,21752.0,2,37.50587844848633,-120.7760009765625,3
2018,2018-05-05,1710,5,1,17,6,N,B,N,A,H,A,A,01,E,08,F,,,,,I,Y,N,D,1,0,0,0,22107.0,1,37.875885009765625,-120.80419921875,3
2018,2018-04-30,1154,4,1,11,1,N,A,Y,A,H,A,A,07,E,03,C,,,,,C,Y,N,D,1,0,0,0,22350.0,2,37.63825225830078,-120.90805816650392,4
2018,2018-05-09,2207,5,1,22,3,N,A,N,A,H,C,C,02,E,03,D,,,Y,,C,Y,N,D,2,0,0,1,22350.0,2,37.60943222045898,-121.00033569335938,3
2018,2018-05-04,640,5,1,6,5,N,A,N,A,H,A,A,01,N,08,F,,,,,A,Y,N,D,1,0,0,0,22107.0,1,37.57617950439453,-121.14034271240234,2
2018,2018-05-10,2046,5,1,20,4,N,A,Y,A,H,D,A,01,S,03,C,,,,Y,C,Y,N,D,1,0,0,0,22350.0,4,37.67971420288086,-121.04900360107422,4
2018,2018-05-05,1915,5,1,19,6,N,A,N,A,H,A,A,07,S,01,C,,,,,C,N,N,D,1,0,0,0,23152.0,2,37.60282897949219,-120.99355316162108,4
2018,2018-05-11,1635,5,1,16,5,N,A,N,A,H,A,A,01,W,03,C,,,,,C,N,N,A,1,0,0,0,22350.0,2,37.551223754882805,-120.92073822021484,4
2018,2018-04-19,2316,4,1,23,4,N,A,N,A,H,D,A,07,E,08,E,,,,,I,Y,N,D,0,0,0,0,22107.0,1,37.62775802612305,-120.59074401855467,1
2018,2018-05-08,1520,5,1,15,2,N,B,Y,A,H,A,A,01,S,03,C,,,,,C,N,N,D,3,0,0,0,22350.0,2,37.63417053222656,-121.00105285644533,4
2018,2018-05-10,1755,5,1,17,4,Y,B,N,A,H,A,A,01,,12,D,,,,,C,Y,N,A,2,0,0,0,22450.0,2,37.68178939819336,-120.91708374023438,3
2018,2018-05-09,1410,5,1,14,3,N,A,Y,A,H,A,A,08,S,07,B,,,,Y,C,Y,N,D,1,0,0,0,21658.0,2,37.389686584472656,-121.13306427001952,4
2018,2018-05-11,1645,5,1,16,5,N,A,Y,A,H,A,A,01,S,03,C,,,,,C,N,N,D,2,0,0,0,22350.0,2,37.46606063842773,-120.82948303222656,4
2018,2018-05-12,1702,5,1,17,6,N,A,Y,A,H,A,A,01,N,03,C,,,,,C,Y,N,D,1,0,0,0,22350.0,4,37.47538757324219,-120.85317230224608,3
2018,2018-05-08,641,5,1,6,2,N,A,N,A,H,A,A,01,W,05,B,,,,,C,Y,N,D,2,0,0,0,21460.0,2,37.56257629394531,-121.14558410644533,3
2020,2020-03-01,1304,3,1,13,7,N,A,N,A,H,A,A,01,S,09,D,,,,,C,Y,N,D,2,0,0,0,21802.0,2,37.482215881347656,-120.84898376464844,3
2018,2018-04-09,2042,4,1,20,1,N,A,N,A,H,C,A,01,E,03,C,,,,,C,N,F,A,1,0,0,0,22350.0,2,37.626686096191406,-120.9871826171875,4
2020,2020-03-02,753,3,1,7,1,N,A,N,A,H,A,A,07,E,04,C,,,,,C,,N,D,2,0,0,0,21703.0,2,37.529178619384766,-120.8742446899414,4
2020,2020-02-14,1711,2,4,17,5,N,A,N,A,H,A,A,01,S,05,A,,,,,C,Y,N,A,2,0,0,0,21460.0,2,37.5214729309082,-120.83987426757812,4
2020,2020-02-29,128,2,4,1,6,-,A,N,A,H,C,A,01,,01,B,,,,,E,Y,N,D,1,0,0,0,23153.0,3,37.53329,-120.83973,3
2018,2018-05-07,1630,5,1,16,1,N,A,N,A,H,A,A,01,S,08,B,,,,,C,Y,N,D,3,0,0,0,22107.0,2,37.70965576171875,-120.97660064697266,2
2018,2018-05-12,1328,5,1,13,6,N,A,Y,A,H,A,A,01,N,03,C,,,,,C,N,N,D,1,0,0,0,22350.0,2,37.62813186645508,-120.99721527099608,4
2020,2020-03-05,452,3,1,4,4,Y,A,N,A,H,C,A,07,,08,-,,,,,C,Y,F,A,1,0,0,0,22107.0,2,37.50728988647461,-120.83985137939452,4
2018,2018-05-14,1543,5,1,15,1,N,A,Y,A,H,A,D,22,S,03,C,,,,,C,Y,N,D,1,0,0,0,22350.0,2,37.64475631713867,-121.01502227783205,4
2018,2018-05-04,1553,5,1,15,5,Y,A,N,A,H,A,A,01,,01,C,,,,,C,Y,M,A,1,0,0,0,23152.0,2,37.47974,-120.830856,3
2018,2018-05-14,1954,5,1,19,1,N,A,N,A,H,A,A,07,S,01,E,,,,,I,Y,M,D,1,0,0,0,23152.0,1,37.4160041809082,-121.0170440673828,3
2018,2018-05-11,1712,5,1,17,5,N,A,Y,A,H,A,A,01,E,03,C,,,,,C,Y,N,D,3,0,0,0,22350.0,3,37.63813018798828,-121.08584594726562,2
2018,2018-05-13,957,5,1,9,7,Y,A,Y,A,H,A,L,04,,08,B,,Y,,,G,N,N,D,1,0,1,0,22107.0,2,37.71114730834961,-121.01294708251952,3
2018,2018-05-16,1745,5,1,17,3,N,A,N,A,H,A,A,08,N,09,D,,,,,D,Y,N,D,1,0,0,0,21804.0,2,,,4
2018,2018-05-12,1341,5,1,13,6,N,A,Y,A,H,A,C,02,N,08,C,,,Y,,C,Y,N,D,2,0,0,2,22107.0,2,37.53863143920898,-120.89337158203124,3
2018,2018-05-17,225,5,1,2,4,N,A,Y,A,H,D,A,01,S,03,C,,,,,C,Y,N,D,1,0,0,0,22350.0,2,37.55393600463867,-120.91407012939452,4
2018,2018-05-14,2050,5,1,20,1,Y,A,N,A,H,C,A,01,,12,B,,,,,C,Y,N,A,1,0,0,0,21453.0,3,37.623729705810554,-120.9343032836914,3
2018,2018-05-18,1738,5,1,17,5,N,A,N,A,H,C,A,07,S,03,C,,,,,C,Y,N,D,1,0,0,0,22350.0,3,37.56989669799805,-120.84703063964844,3
2018,2018-05-18,1655,5,1,16,5,Y,A,Y,A,H,A,A,07,,09,D,,,,,C,Y,N,A,1,0,0,0,21802.0,2,37.638229370117195,-121.06742095947266,4
2018,2018-05-17,1715,5,1,17,4,N,A,N,A,H,A,A,01,S,04,C,,,,,C,Y,N,D,3,0,0,0,21703.0,4,37.618900299072266,-121.03041076660156,4
2018,2018-05-19,1556,5,1,15,6,N,A,N,A,H,A,A,01,E,01,B,,,,,C,Y,N,D,1,0,0,0,23152.0,2,,,3
2018,2018-05-10,1240,5,1,12,4,N,A,Y,A,H,A,A,01,S,03,C,,,,,C,Y,N,D,2,0,0,0,22350.0,6,37.62613677978516,-120.9964599609375,3
2018,2018-05-10,1242,5,1,12,4,N,A,Y,A,H,A,A,01,S,08,F,,,,,A,Y,N,D,1,0,0,0,22107.0,1,37.62610626220703,-120.99645233154295,3
2018,2018-05-16,420,5,1,4,3,N,A,Y,A,H,D,D,22,S,07,C,,,,,C,Y,N,D,1,0,0,0,21658.0,2,37.62664031982422,-120.99657440185548,4
2018,2018-05-23,400,5,1,4,3,N,A,N,A,H,D,A,01,W,05,B,,,,,C,Y,N,D,1,0,0,0,21650.0,3,37.56597518920898,-121.10776519775392,4
2018,2018-04-25,643,4,1,6,3,Y,A,N,A,H,A,A,08,,05,D,,,,,C,Y,N,D,1,0,0,0,21460.0,2,37.34629821777344,-120.9780502319336,2
2018,2018-05-06,1215,5,1,12,7,N,A,N,A,H,A,C,02,W,03,F,,,Y,,A,Y,N,D,1,0,0,1,22350.0,1,,,2
2018,2018-05-16,834,5,1,8,3,Y,A,Y,A,H,A,A,07,,12,D,,,,,C,Y,N,A,1,0,0,0,21453.0,2,37.70111083984375,-121.07048797607422,3
2020,2020-05-02,1240,5,1,12,6,N,A,N,A,H,A,-,,S,03,C,,,,,C,N,N,A,2,0,0,0,22350.0,2,37.67066192626953,-120.9397430419922,4
2020,2020-05-01,1755,5,1,17,5,Y,A,N,A,H,A,-,,,12,D,,,,,C,Y,N,A,1,0,0,0,21453.0,2,37.640979766845696,-120.99730682373048,4
2020,2020-05-04,1614,5,1,16,1,N,A,N,A,H,A,-,,S,09,D,,,,,C,Y,N,D,1,0,0,0,21801.0,2,37.66732025146485,-121.03028106689452,3
2020,2020-05-06,835,5,1,8,3,Y,A,N,A,H,A,A,01,,17,A,,,,,C,N,N,A,1,0,0,0,21451.0,2,37.669429779052734,-120.95764923095705,4
2020,2020-05-06,1928,5,1,19,3,Y,A,N,A,H,B,A,,,09,D,,,,,C,Y,N,D,2,0,0,0,21801.0,2,37.63103866577149,-121.00009918212892,4
2020,2020-05-11,1038,5,1,10,1,N,A,N,A,H,A,-,,S,03,C,,,,,C,N,N,A,2,0,0,0,22350.0,2,37.6604881286621,-121.0311279296875,3
2020,2020-05-09,1452,5,1,14,6,N,A,N,A,H,A,-,,N,03,C,,,,,C,N,N,A,1,0,0,0,22350.0,2,37.692657470703125,-120.95804595947266,4
2018,2018-05-11,640,5,1,6,5,N,A,Y,A,H,A,D,22,N,03,C,,,,,C,Y,N,D,3,0,0,0,22350.0,3,37.49821853637695,-121.14698791503906,3
2018,2018-05-12,20,5,1,0,6,N,A,N,A,H,D,A,01,E,01,A,,,,,C,Y,N,D,4,0,0,0,23152.0,2,37.68186950683594,-120.88842010498048,2
2018,2018-05-18,545,5,1,5,5,N,A,N,A,H,A,A,01,N,03,E,,,,,I,Y,N,D,1,0,0,0,22350.0,1,37.4967041015625,-121.17725372314452,3
2018,2018-05-18,1640,5,1,16,5,Y,A,N,A,H,A,A,01,,09,D,,,,,C,N,N,A,1,0,0,0,21802.0,2,37.575729370117195,-120.9387664794922,4
2018,2018-05-22,1725,5,1,17,2,N,A,Y,A,H,A,A,07,N,03,C,,,,,C,Y,N,D,2,0,0,0,22350.0,3,37.63101577758789,-120.99803924560548,4
2018,2018-05-24,1330,5,1,13,4,N,A,N,A,H,D,A,01,E,08,D,,,,,C,Y,N,D,1,0,0,0,22107.0,2,37.52191162109375,-120.88578033447266,4
2018,2018-04-14,2500,4,1,25,6,N,A,N,A,H,D,D,22,N,01,F,,,,,A,Y,N,D,0,0,0,0,23152.0,1,37.456253051757805,-121.02950286865234,1
2020,2020-05-04,1134,5,1,11,1,Y,A,N,A,H,A,A,01,,12,D,,,,,C,N,N,A,1,0,0,0,21453.0,2,37.47817993164063,-120.84899139404295,3
2018,2018-05-07,1628,5,1,16,1,N,A,N,A,H,A,A,01,W,03,C,,,,,C,Y,N,D,2,0,0,0,22350.0,2,37.49278259277344,-120.9465103149414,4
2018,2018-05-26,1642,5,1,16,6,Y,A,Y,A,H,A,A,01,,01,D,,,,,C,Y,N,A,2,0,0,0,23152.0,2,37.711238861083984,-121.02217864990234,2
2018,2018-05-13,1730,5,1,17,7,N,A,Y,A,H,A,A,01,W,08,E,,,,,I,Y,N,D,2,0,0,0,22107.0,1,37.94479370117188,-120.876220703125,3
2018,2018-05-16,2231,5,1,22,3,N,A,N,A,H,C,-,99,S,07,E,,,,,I,Y,F,D,1,0,0,0,21658.0,2,37.631057739257805,-120.95706939697266,4
2018,2018-05-16,917,5,1,9,3,Y,B,Y,A,H,A,D,22,,12,D,,,,Y,C,Y,N,A,1,0,0,0,22450.0,2,37.540409088134766,-121.26718139648438,4
2018,2018-05-19,1810,5,1,18,6,N,A,N,A,H,A,C,02,S,01,B,,,Y,,C,Y,N,D,1,0,0,1,23152.0,2,37.651641845703125,-120.84793090820312,2
2018,2018-05-17,658,5,1,6,4,N,A,Y,A,H,A,D,22,N,03,C,,,,,C,N,N,D,2,0,0,0,22350.0,3,37.496578216552734,-121.1457977294922,3
2018,2018-05-24,155,5,1,1,4,N,A,Y,A,H,D,A,01,S,08,E,,,,,I,Y,N,D,1,0,0,0,22107.0,1,37.6529426574707,-121.02474212646484,4
2018,2018-05-25,1156,5,1,11,5,N,B,Y,A,H,A,A,08,W,03,C,,,,,C,N,N,D,3,0,0,0,22350.0,4,37.78583526611328,-120.86055755615234,4
2018,2018-05-26,1641,5,1,16,6,N,A,N,A,H,A,A,01,E,08,E,,,,,I,Y,N,D,2,0,0,0,22107.0,1,37.62057113647461,-121.00390625,3
2018,2018-05-25,1550,5,1,15,5,N,B,N,A,H,A,A,07,N,03,C,,,,,C,Y,N,D,1,0,0,0,22350.0,4,37.78588485717773,-120.8606185913086,4
2018,2018-05-22,1300,5,1,13,2,Y,A,N,A,H,E,A,01,,12,D,,,,,C,Y,N,A,2,0,0,0,22450.0,2,37.50753021240234,-120.99462127685548,3
2018,2018-05-22,1809,5,1,18,2,Y,A,N,A,H,A,A,01,,09,D,,,,,C,Y,N,A,1,0,0,0,21802.0,2,37.55128860473633,-120.97541809082033,4
2018,2018-05-28,1600,5,1,16,1,N,A,N,A,H,A,A,07,N,21,C,,,,,C,N,N,D,1,0,0,0,22106.0,2,37.616825103759766,-121.03038787841795,4
2018,2018-05-29,1523,5,1,15,2,N,A,N,A,H,C,A,01,W,08,E,,,,,I,Y,N,D,3,0,0,0,22107.0,1,37.62376403808594,-120.72293090820312,4
2018,2018-05-18,1110,5,1,11,5,N,A,Y,A,H,A,A,01,S,07,B,,,,,C,N,N,D,1,0,0,0,21658.0,2,37.633262634277344,-120.99998474121094,4
2018,2018-05-21,2125,5,1,21,1,N,A,N,A,H,D,A,01,N,08,C,,,,,C,Y,N,D,3,0,0,0,22107.0,2,37.52537155151367,-121.0308074951172,2
2018,2018-05-26,210,5,1,2,6,N,A,Y,A,H,D,A,01,N,01,E,,,,,I,Y,N,D,1,0,0,0,23152.0,1,37.49604034423828,-120.87203216552734,2
2018,2018-05-26,2003,5,1,20,6,N,A,Y,A,H,C,A,01,N,08,E,,,,,I,Y,N,D,1,0,0,0,22107.0,1,37.6205940246582,-120.9953384399414,4
2018,2018-05-26,2152,5,1,21,6,N,A,N,A,H,D,A,07,W,08,D,,,,,C,Y,N,D,1,0,0,0,22107.0,2,37.615131378173835,-120.98477172851562,4
2018,2018-05-11,405,5,1,4,5,N,A,Y,A,H,D,A,07,S,01,E,,,,,I,Y,N,D,1,0,0,0,23152.0,3,37.54280471801758,-120.89910888671876,3
2018,2018-05-26,1625,5,1,16,6,N,A,N,A,H,A,L,04,W,08,B,,Y,,,G,N,N,D,1,0,1,0,22107.0,2,37.6076774597168,-120.995849609375,4
2018,2018-05-17,1753,5,1,17,4,N,A,N,A,H,A,A,01,E,08,E,,,,,I,Y,M,D,1,0,0,0,22107.0,1,37.55110168457031,-120.70946502685548,3
2018,2018-05-29,835,5,1,8,2,N,A,N,A,H,A,A,01,E,06,D,,,,,C,Y,N,D,2,0,0,0,21750.0,2,37.76934051513672,-120.91341400146484,4
2018,2018-05-28,1140,5,1,11,1,Y,A,Y,A,H,A,A,07,,09,D,,,,,C,Y,N,D,2,0,0,0,21802.0,2,37.6378288269043,-121.15888214111328,4
2018,2018-05-25,1313,5,1,13,5,N,B,Y,A,H,A,A,01,S,03,C,,,,,C,Y,N,D,1,0,0,0,22350.0,2,37.29567337036133,-121.10140991210938,2
2018,2018-05-26,1623,5,1,16,6,Y,A,N,A,H,A,D,22,,09,D,,,,,C,Y,N,D,1,0,0,0,21801.0,2,37.47145080566406,-120.82112884521484,3
2018,2018-05-29,1835,5,1,18,2,N,A,N,A,H,A,A,07,W,03,C,,,,,C,Y,N,D,3,0,0,0,22350.0,3,37.63962936401367,-121.24861145019533,3
2018,2018-06-03,1645,6,2,16,7,Y,A,N,A,H,A,A,01,,09,D,,,,,C,Y,N,D,1,0,0,0,21802.0,2,37.59521865844727,-121.0485610961914,4
2018,2018-05-30,1354,5,1,13,3,N,A,Y,A,H,A,A,01,N,03,C,,,,,C,N,N,D,2,0,0,0,22350.0,3,37.47322082519531,-120.84925842285156,3
2018,2018-05-30,1628,5,1,16,3,N,A,Y,A,H,A,A,01,S,08,F,,,,,A,Y,N,D,1,0,0,0,22107.0,1,37.69612884521485,-121.0681381225586,3
2018,2018-05-31,1605,5,1,16,4,N,A,Y,A,H,A,A,01,W,03,C,,,,,C,N,N,D,1,0,0,0,22350.0,3,37.63824081420898,-120.91177368164062,4
2018,2018-05-30,1755,5,1,17,3,N,A,Y,A,H,A,A,01,S,03,C,,,,,C,Y,N,D,1,0,0,0,22350.0,2,37.636127471923835,-121.00342559814452,4
2018,2018-05-30,1310,5,1,13,3,N,A,N,A,H,A,-,- ,W,18,E,,,,,I,Y,N,D,1,0,0,0,,1,37.625091552734375,-120.91326141357422,3
2018,2018-05-30,610,5,1,6,3,Y,B,N,A,H,A,A,01,,08,E,,,,,I,N,N,D,1,0,0,0,22107.0,1,37.7180290222168,-121.10507202148438,4
2018,2018-05-26,835,5,1,8,6,N,A,Y,A,H,A,A,01,W,08,F,,,,,I,Y,N,A,1,0,0,0,22107.0,1,37.71123504638672,-121.02243041992188,2
2018,2018-06-02,2130,6,2,21,6,Y,A,N,A,H,C,A,07,,12,D,,,,,C,Y,N,A,1,0,0,0,21453.0,2,37.55118179321289,-120.84707641601562,3
2018,2018-06-04,751,6,2,7,1,N,A,N,A,H,A,D,22,S,09,D,,,,,C,Y,N,D,1,0,0,0,21804.0,2,,,4
2018,2018-06-04,1450,6,2,14,1,Y,A,N,A,H,A,M,46,,09,D,,,,,C,N,N,A,1,0,0,0,21802.0,2,37.43498992919922,-121.08032989501952,4
2018,2018-06-04,1630,6,2,16,1,N,A,N,A,H,A,A,01,W,08,F,,,,,C,Y,N,D,1,0,0,0,22107.0,1,37.56291198730469,-121.14234924316406,4
2018,2018-05-26,1055,5,1,10,6,N,B,Y,A,H,A,A,01,N,03,C,,,,,C,Y,N,D,1,0,0,0,22350.0,3,37.62028503417969,-120.9948501586914,3
2018,2018-06-06,1538,6,2,15,3,N,A,Y,A,H,A,A,01,N,08,E,,,,,I,Y,N,D,1,0,0,0,22107.0,1,37.56526947021485,-120.92656707763672,4
2018,2018-06-01,1040,6,2,10,5,N,A,N,A,H,A,A,01,W,09,F,,,Y,,A,Y,N,D,1,0,0,1,21801.0,2,37.7038459777832,-121.01382446289062,3
2020,2020-05-06,1931,5,1,19,3,N,A,N,A,H,A,A,01,N,08,E,,,,,J,N,N,D,1,0,0,0,22107.0,1,37.610801696777344,-120.97535705566406,4
2018,2018-05-25,1220,5,1,12,5,N,B,Y,A,H,A,A,01,S,08,B,,,,Y,C,Y,N,D,1,0,0,0,22107.0,3,37.471622467041016,-120.84297943115234,3
2018,2018-06-01,1603,6,2,16,5,N,A,Y,A,H,A,D,22,S,08,E,,,,,I,Y,N,D,1,0,0,0,22107.0,1,37.55757522583008,-120.91782379150392,2
2018,2018-06-01,1502,6,2,15,5,N,A,Y,A,H,A,A,07,E,03,C,,,,,C,Y,N,A,1,0,0,0,22350.0,2,37.637840270996094,-121.13421630859376,2
2018,2018-06-03,1435,6,2,14,7,N,A,Y,A,H,A,A,01,E,08,E,,,,,I,Y,N,D,1,0,0,0,22107.0,1,37.69850158691406,-121.07179260253906,3
2018,2018-06-06,1640,6,2,16,3,N,A,Y,A,H,A,A,01,E,03,C,,,,,C,Y,N,D,1,0,0,0,22350.0,3,,,4
2020,2020-05-06,1356,5,1,13,3,N,A,N,A,H,A,A,07,S,09,D,,,,,C,Y,N,D,1,0,0,0,21804.0,2,37.50199508666992,-120.83985137939452,4
2018,2018-06-02,1628,6,2,16,6,N,A,N,A,H,A,A,01,N,03,C,,,,,C,N,N,A,1,0,0,0,22350.0,2,,,3
2018,2018-05-29,929,5,1,9,2,N,A,Y,A,H,A,A,01,S,08,E,,,,,I,Y,F,D,1,0,0,0,22107.0,3,37.63799285888672,-121.00562286376952,4
2020,2020-04-30,1729,4,1,17,4,Y,A,N,A,H,A,A,01,,10,G,Y,,,,B,N,N,A,1,1,0,0,21950.0,2,37.490478515625,-120.84897613525392,4
2018,2018-06-02,852,6,2,8,6,N,A,Y,A,H,A,A,01,S,08,B,,,,,C,Y,N,D,1,0,0,0,22107.0,2,37.665481567382805,-121.03068542480467,4
2018,2018-05-27,705,5,1,7,7,N,A,Y,A,H,A,A,07,N,01,C,,,,,C,Y,N,D,4,0,0,0,23152.0,2,37.52573394775391,-120.88748931884766,4
2018,2018-05-27,2500,5,1,25,7,N,A,Y,A,H,D,D,22,N,08,F,,,,,A,Y,N,D,1,0,0,0,22107.0,1,37.523345947265625,-120.8865203857422,3
2018,2018-06-07,1455,6,2,14,4,N,A,Y,A,H,A,A,01,N,03,C,,,,,C,Y,N,D,2,0,0,0,22350.0,3,37.468448638916016,-120.83554077148438,4
2018,2018-06-09,345,6,2,3,6,N,A,N,A,H,D,A,07,W,01,E,,,,,I,Y,N,D,2,0,0,0,23152.0,1,37.47837066650391,-121.11527252197266,2
2018,2018-06-08,1640,6,2,16,5,Y,A,Y,A,H,A,A,07,,09,D,,,,,C,Y,N,A,1,0,0,0,21802.0,2,37.638301849365234,-121.2694091796875,4
2018,2018-06-09,1612,6,2,16,6,N,A,N,A,H,A,A,07,E,08,B,,Y,,,G,N,N,D,1,0,1,0,22107.0,2,37.68141174316406,-121.12143707275392,4
2018,2018-06-07,1357,6,2,13,4,Y,A,N,A,H,A,A,01,,12,D,,,,,C,Y,N,A,1,0,0,0,22450.0,2,,,3
2018,2018-06-11,905,6,2,9,1,N,A,Y,A,H,A,A,01,E,03,C,,,,,C,Y,N,D,2,0,0,0,22350.0,2,,,3
2020,2020-03-11,1502,3,1,15,3,N,A,N,A,H,A,D,22,N,09,D,,,Y,,C,Y,N,D,2,0,0,2,21804.0,2,37.647308349609375,-121.0303955078125,2
2018,2018-06-11,1720,6,2,17,1,N,A,N,A,H,A,A,07,E,09,D,,,,,C,Y,N,D,1,0,0,0,21802.0,2,37.62672805786133,-120.98632049560548,4
2018,2018-06-12,1138,6,2,11,2,Y,A,N,A,H,A,G,25,,12,D,,,,Y,C,Y,N,A,1,0,0,0,22450.0,2,37.50753021240234,-120.99462127685548,2
2018,2018-06-08,1723,6,2,17,5,N,A,Y,A,H,A,D,22,S,03,C,,,,,C,N,N,D,1,0,0,0,22350.0,3,37.61713790893555,-120.98789215087892,4
2018,2018-06-03,2318,6,2,23,7,N,A,Y,A,H,C,A,01,S,01,C,,,,Y,C,Y,N,D,1,0,0,0,23152.0,3,37.72021484375,-121.09757995605467,3
2020,2020-02-07,1925,2,4,19,5,Y,A,N,A,H,C,-,,,12,D,,,,,C,Y,F,A,1,0,0,0,21453.0,2,37.64593124389648,-121.01190948486328,3
2020,2020-02-28,1730,2,4,17,5,N,A,N,A,H,A,-,,W,03,C,,,,,C,N,F,A,1,0,0,0,22350.0,3,37.67805480957031,-120.96766662597656,3
2020,2020-02-20,1544,2,4,15,4,N,A,N,A,H,A,-,,W,05,A,,,,,C,Y,N,D,2,0,0,0,21650.0,2,37.636543273925774,-121.0075912475586,4
2018,2018-06-08,1820,6,2,18,5,Y,A,N,A,H,A,D,22,,09,A,,,,,C,Y,N,A,1,0,0,0,21802.0,2,37.72550964355469,-120.97688293457033,3
2018,2018-06-06,2234,6,2,22,3,Y,A,N,A,H,C,A,01,,01,A,,,,,C,Y,N,A,1,0,0,0,23152.0,2,37.710899353027344,-120.92935943603516,3
2018,2018-06-09,2155,6,2,21,6,Y,B,N,A,H,C,A,01,,09,D,,,,,C,N,N,D,1,0,0,0,21801.0,2,37.60947036743164,-120.99365997314452,4
2018,2018-06-11,1023,6,2,10,1,Y,A,N,A,H,A,C,02,,12,D,,,Y,,C,N,N,A,1,0,0,1,22450.0,2,37.493431091308594,-121.15904998779295,3
2018,2018-06-08,550,6,2,5,5,N,A,Y,A,H,A,A,01,N,03,C,,,,,C,Y,N,D,1,0,0,0,22350.0,2,37.50754165649414,-120.87811279296876,4
2018,2018-06-08,835,6,2,8,5,Y,A,Y,A,H,A,A,07,,09,D,,,,,C,Y,N,A,2,0,0,0,21802.0,3,37.79300308227539,-120.90460205078124,4
2018,2018-02-12,2055,2,4,20,1,N,A,Y,A,H,D,L,04,S,17,C,,Y,,,G,Y,N,D,1,0,0,0,21200.0,2,37.4551887512207,-120.84906768798828,1
2018,2018-06-11,2007,6,2,20,1,N,A,N,A,H,B,N,60,W,11,G,Y,,,,B,N,F,D,1,1,0,0,21954.0,2,37.60220336914063,-121.0007553100586,3
2018,2018-06-02,940,6,2,9,6,Y,A,Y,A,H,A,A,07,,09,D,,,,,C,Y,M,D,2,0,0,0,21802.0,2,37.55142974853516,-121.04850006103516,4
2018,2018-06-10,1135,6,2,11,7,N,A,Y,A,H,A,-,99,S,08,E,,,,,I,Y,N,D,1,0,0,0,22107.0,2,37.4645881652832,-120.8257293701172,4
2018,2018-06-08,1501,6,2,15,5,N,A,N,A,H,A,A,08,E,03,C,,,,,C,Y,N,A,2,0,0,0,22350.0,2,37.62668228149414,-120.98719024658205,3
2018,2018-06-13,1720,6,2,17,3,N,A,Y,A,H,A,A,01,S,03,C,,,,,C,Y,N,D,1,0,0,0,22350.0,3,37.613445281982415,-120.9799575805664,3
2018,2018-06-09,1115,6,2,11,6,N,A,Y,A,H,A,A,01,E,09,D,,,Y,,C,Y,N,D,1,0,0,1,21804.0,2,37.63782501220703,-121.154296875,2