ACCIDENT_YEAR,COLLISION_DATE,COLLISION_TIME,MONTH,SEASON,24HOURS,DAY_OF_WEEK,INTERSECTION,WEATHER_1,STATE_HWY_IND,ROAD_SURFACE,ROAD_COND_1,LIGHTING,STWD_VEHTYPE_AT_FAULT,CHP_VEHTYPE_AT_FAULT,DIRECTION,PCF_VIOL_CATEGORY,TYPE_OF_COLLISION,PEDESTRIAN_ACCIDENT,BICYCLE_ACCIDENT,MOTORCYCLE_ACCIDENT,TRUCK_ACCIDENT,MVIW,TOW_AWAY,HIT_AND_RUN,CONTROL_DEVICE,NUMBER_INJURED,COUNT_PED_INJURED,COUNT_BICYCLIST_INJURED,COUNT_MC_INJURED,PCF_VIOLATION,PARTY_COUNT,POINT_Y,POINT_X,COLLISION_SEVERITY
2020,2020-03-30,625,3,1,6,1,N,A,Y,A,H,A,-,,N,10,G,Y,,,,B,N,N,D,1,1,0,0,21950.0,2,37.656246185302734,-120.99393463134766,4
2018,2018-11-24,1500,11,3,15,6,N,A,N,A,H,A,A,07,W,06,E,,,,,I,Y,F,D,1,0,0,0,21751.0,2,37.5512924194336,-120.97817993164062,4
2018,2018-11-29,230,11,3,2,4,N,C,N,B,F,D,A,07,S,03,F,,,,,A,Y,N,D,1,0,0,0,22350.0,1,,,4
2018,2018-11-29,810,11,3,8,4,N,B,N,B,H,A,A,07,E,03,C,,,,,C,N,N,A,1,0,0,0,22350.0,2,37.62453079223633,-120.94608306884766,4
2018,2018-11-24,1240,11,3,12,6,N,B,Y,B,H,A,A,01,N,08,C,,,,,E,Y,N,D,2,0,0,0,22107.0,2,37.56095886230469,-120.9216537475586,4
2018,2018-12-05,1405,12,4,14,3,Y,B,Y,B,H,A,A,01,,09,D,,,,,C,Y,N,A,1,0,0,0,21802.0,2,37.435161590576165,-121.10195922851562,4
2018,2018-11-29,1425,11,3,14,4,N,C,Y,B,H,A,D,22,N,03,F,,,,,I,Y,N,D,1,0,0,0,22350.0,1,37.53796005249024,-120.89276885986328,4
2018,2018-11-30,1355,11,3,13,5,N,A,N,A,H,A,D,22,E,03,C,,,,,C,N,N,D,1,0,0,0,22350.0,2,37.60885238647461,-121.12139129638672,4
2020,2020-05-15,1725,5,1,17,5,N,A,N,A,H,A,D,22,W,04,C,,,,,C,Y,N,A,1,0,0,0,21703.0,3,37.609222412109375,-120.95870971679688,3
2020,2020-05-10,430,5,1,4,7,N,A,N,A,H,C,A,01,E,08,A,,,,,E,N,N,D,1,0,0,0,22107.0,3,37.60129165649414,-120.93561553955078,3
2018,2018-11-29,300,11,3,3,4,N,C,N,B,H,D,E,22,S,01,F,,,,,A,Y,N,C,1,0,0,0,23152.0,1,,,4
2018,2018-11-29,740,11,3,7,4,N,B,N,B,H,A,A,01,N,09,D,,,,,C,Y,N,D,4,0,0,0,21801.0,2,37.57352828979492,-120.95699310302734,4
2018,2018-11-29,1129,11,3,11,4,N,B,N,B,F,A,A,01,S,03,C,,,,,E,Y,N,D,2,0,0,0,22350.0,2,,,2
2018,2018-12-10,724,12,4,7,1,Y,B,N,A,H,A,D,22,,12,D,,,,,C,Y,F,A,3,0,0,0,21453.0,2,37.48685836791992,-121.09681701660156,2
2018,2018-12-02,1355,12,4,13,7,N,A,N,A,H,A,D,22,E,01,E,,,,,I,N,M,D,1,0,0,0,23152.0,1,37.77004623413086,-120.90097808837892,4
2018,2018-12-03,728,12,4,7,1,N,E,N,A,H,A,D,22,W,03,C,,,,,C,Y,N,A,1,0,0,0,22350.0,3,37.608848571777344,-121.1217803955078,3
2018,2018-12-04,705,12,4,7,2,Y,B,N,A,H,A,A,01,,09,D,,,,,C,Y,N,A,1,0,0,0,21801.0,2,37.625049591064446,-120.92292785644533,4
2018,2018-12-04,1425,12,4,14,2,N,A,N,A,H,A,A,01,E,09,D,,,,,C,Y,N,A,1,0,0,0,21804.0,2,37.71847915649414,-121.06413269042967,4
2018,2018-12-04,1733,12,4,17,2,N,B,N,A,H,C,D,22,E,03,C,,,,,C,Y,N,A,4,0,0,0,22350.0,3,37.59487915039063,-120.99177551269533,3
2018,2018-12-03,810,12,4,8,1,N,A,N,A,H,A,N,60,E,11,G,Y,,,,B,N,N,D,1,1,0,0,21950.0,2,37.70703125,-121.09575653076172,4
2018,2018-12-06,1755,12,4,17,4,N,A,N,A,H,D,A,01,S,03,C,,,,,C,Y,N,D,3,0,0,0,22350.0,2,37.620079040527344,-120.93910980224608,4
2018,2018-12-08,810,12,4,8,6,Y,E,N,A,H,A,-,- ,,18,F,,,,,A,Y,N,A,1,0,0,0,,1,37.38706970214844,-121.0012435913086,4
2018,2018-12-03,1740,12,4,17,1,N,A,N,A,H,C,A,01,S,03,C,,,,,C,Y,N,D,5,0,0,0,22350.0,3,37.63232803344727,-120.9572982788086,4
2018,2018-11-30,1405,11,3,14,5,Y,A,N,A,H,A,-,- ,,12,D,,,,,C,N,N,A,1,0,0,0,22450.0,2,37.6599998474121,-121.06765747070312,4
2018,2018-12-06,1700,12,4,17,4,N,A,Y,A,H,C,D,22,N,09,B,,,,,C,N,N,D,1,0,0,0,21801.0,2,37.70814895629882,-120.99481201171876,4
2018,2018-12-08,615,12,4,6,6,N,E,Y,A,H,D,A,01,N,08,E,,,,,I,Y,N,D,1,0,0,0,22107.0,1,37.57730865478516,-120.93942260742188,4
2018,2018-11-23,1035,11,3,10,5,N,C,N,B,H,A,A,01,S,03,C,,,,,C,N,F,A,1,0,0,0,22350.0,2,37.5657958984375,-120.99365997314452,4
2018,2018-12-04,1310,12,4,13,2,Y,B,N,A,H,A,A,01,,09,D,,,,,C,Y,N,A,1,0,0,0,21802.0,2,,,4
2018,2018-11-29,700,11,3,7,4,N,B,N,B,F,B,A,01,E,08,E,,,,,I,Y,N,D,1,0,0,0,22107.0,1,37.46364212036133,-120.89781951904295,4
2018,2018-12-07,815,12,4,8,5,N,E,N,A,H,A,A,07,W,03,B,,,,,C,Y,N,A,3,0,0,0,22350.0,2,37.73284149169922,-121.0046615600586,3
2018,2018-12-10,2035,12,4,20,1,N,A,N,A,H,C,A,01,E,01,A,,,,,C,Y,N,D,2,0,0,0,23152.0,2,37.62373733520508,-120.93202972412108,2
2018,2018-12-13,1742,12,4,17,4,N,A,Y,A,H,C,A,01,S,03,C,,,,,C,Y,N,D,1,0,0,0,22350.0,3,37.64358139038086,-121.01279449462892,4
2018,2018-12-04,1730,12,4,17,2,N,C,Y,B,H,C,A,07,N,03,C,,,,,C,N,N,D,1,0,0,0,22350.0,2,37.68354034423828,-121.05406188964844,4
2018,2018-12-13,1015,12,4,10,4,N,A,N,A,H,A,A,01,S,03,C,,,,,C,Y,N,D,1,0,0,0,22350.0,2,37.5989990234375,-120.84729766845705,4
2018,2018-11-11,1610,11,3,16,7,N,A,N,A,H,A,A,07,S,08,D,,,,,C,Y,F,D,1,0,0,0,22107.0,2,37.61130142211913,-120.97770690917967,3
2018,2018-12-01,445,12,4,4,6,N,B,Y,A,H,C,A,07,S,08,E,,,,,I,Y,N,D,1,0,0,0,22107.0,1,37.708694458007805,-121.08086395263672,3
2018,2018-12-05,1118,12,4,11,3,N,B,N,A,H,A,A,07,S,09,D,,,,,C,Y,N,D,2,0,0,0,21801.0,2,37.63032150268555,-120.93442535400392,4
2018,2018-12-07,2355,12,4,23,5,N,A,N,A,H,C,D,22,S,01,E,,,,,I,Y,N,D,1,0,0,0,23152.0,1,37.53525161743164,-120.9941635131836,2
2018,2018-12-08,1705,12,4,17,6,N,B,Y,A,H,B,D,22,N,03,C,,,,,C,Y,N,D,2,0,0,0,22350.0,2,37.47643661499024,-120.8558349609375,4
2018,2018-12-05,1720,12,4,17,3,N,C,Y,B,H,D,D,22,N,03,C,,,,,C,N,N,D,2,0,0,0,22350.0,3,37.688385009765625,-121.05989837646484,4
2018,2018-12-04,1710,12,4,17,2,Y,B,N,A,H,A,A,08,,09,D,,,,,C,Y,N,D,1,0,0,0,21802.0,2,37.58027,-120.879,4
2018,2018-12-05,1307,12,4,13,3,N,B,Y,A,H,A,D,22,W,09,D,,,,,C,Y,N,D,2,0,0,0,21804.0,2,37.638378143310554,-121.05615234375,4
2018,2018-12-08,1200,12,4,12,6,N,A,N,A,H,A,A,01,N,03,C,,,,,C,N,N,D,2,0,0,0,22350.0,2,37.617305755615234,-121.03038787841795,4
2018,2018-10-27,1102,10,3,11,6,Y,A,N,A,H,A,C,02,,05,D,,,Y,,C,Y,N,D,0,0,0,0,21752.0,2,37.60921096801758,-121.06696319580078,1
2018,2018-12-09,1239,12,4,12,7,N,A,Y,A,H,A,A,01,S,07,D,,,,,C,Y,N,D,1,0,0,0,21658.0,2,,,4
2018,2018-12-10,750,12,4,7,1,Y,A,N,A,H,A,A,01,,12,D,,,,Y,C,Y,N,A,4,0,0,0,22450.0,2,37.33335113525391,-121.06748199462892,4
2018,2018-12-10,1555,12,4,15,1,N,A,N,A,H,A,D,22,W,03,C,,,,,C,Y,N,A,3,0,0,0,22350.0,2,37.60887145996094,-121.11630249023438,4
2018,2018-12-14,1125,12,4,11,5,N,A,N,A,H,A,C,02,N,03,F,,,Y,,A,N,N,D,1,0,0,1,22350.0,1,37.6064338684082,-120.9753875732422,3
2018,2018-12-06,749,12,4,7,4,N,B,N,B,H,A,A,01,S,08,E,,,,,I,Y,N,D,1,0,0,0,22107.0,1,37.72696304321289,-120.89418792724608,3
2018,2018-12-08,1750,12,4,17,6,N,E,Y,A,H,D,E,22,N,03,C,,,,,C,N,N,D,1,0,0,0,22350.0,3,37.622337341308594,-120.9958953857422,4
2018,2018-12-11,1453,12,4,14,2,Y,A,Y,A,H,A,A,07,,12,D,,,,,C,Y,N,A,1,0,0,0,21453.0,3,37.63824081420898,-120.92340087890624,4
2018,2018-12-14,1055,12,4,10,5,N,B,Y,A,H,A,G,25,N,16,E,,,,Y,I,Y,N,D,1,0,0,0,24002.0,2,37.42137145996094,-121.15346527099608,3
2018,2018-12-17,550,12,4,5,1,N,C,N,B,H,D,A,01,W,08,D,,,,,C,Y,F,D,1,0,0,0,22107.0,2,37.55124282836913,-120.92422485351562,4
2018,2018-12-14,1345,12,4,13,5,N,A,Y,A,H,A,A,07,E,12,D,,,,,C,Y,N,A,1,0,0,0,21453.0,2,37.63821029663086,-120.91724395751952,4
2018,2018-12-11,1920,12,4,19,2,N,A,N,A,H,D,N,60,W,11,G,Y,,,,B,N,N,A,1,1,0,0,21954.0,2,37.60920333862305,-121.06786346435548,2
2018,2018-12-16,455,12,4,4,7,N,A,Y,A,H,C,A,01,W,03,C,,,,,C,Y,N,A,6,0,0,0,22350.0,2,37.71114730834961,-121.0131378173828,4
2018,2018-12-19,1225,12,4,12,3,N,A,Y,A,H,A,A,01,S,08,D,,,,,C,Y,N,D,1,0,0,0,22107.0,2,37.680488586425774,-121.0497817993164,4
2018,2018-12-18,1110,12,4,11,2,N,A,Y,A,H,A,A,07,S,03,C,,,,,C,N,N,D,3,0,0,0,22350.0,2,37.63877868652344,-121.00655364990234,4
2018,2018-12-18,820,12,4,8,2,N,A,N,A,H,A,A,07,E,09,A,,,,Y,C,N,N,D,1,0,0,0,21804.0,2,37.711007,-120.99034,4
2018,2018-12-04,1837,12,4,18,2,N,C,Y,B,H,C,A,07,S,07,B,,,,,C,Y,N,D,2,0,0,0,21658.0,3,37.69557571411133,-121.0676727294922,4
2018,2018-12-14,1540,12,4,15,5,Y,A,N,A,H,A,A,07,,09,D,,,,,C,N,N,A,2,0,0,0,21802.0,2,37.62596893310546,-121.01457977294922,4
2018,2018-12-19,1523,12,4,15,3,Y,A,N,A,H,A,D,22,,09,D,,,,,C,Y,N,D,1,0,0,0,21802.0,2,37.618499755859375,-120.98441314697266,4
2020,2020-03-21,659,3,1,6,6,N,C,N,B,H,A,A,01,S,03,B,,,,,C,Y,N,D,1,0,0,0,22350.0,2,37.65060806274414,-121.0210418701172,4
2020,2020-03-28,1039,3,1,10,6,Y,C,N,B,H,A,A,01,,12,D,,,,,C,Y,N,A,3,0,0,0,21453.0,4,37.663619995117195,-120.9848175048828,4
2018,2018-12-14,1420,12,4,14,5,N,A,N,A,H,A,A,01,S,08,E,,,,,I,Y,N,D,1,0,0,0,22107.0,1,37.618022918701165,-121.0303955078125,3
2020,2020-03-24,1406,3,1,14,2,N,A,N,A,H,A,A,,W,09,D,,,,,C,N,N,A,1,0,0,0,21804.0,2,37.634952545166016,-121.00276947021484,4
2018,2018-12-13,1400,12,4,14,4,Y,A,N,A,H,A,A,01,,09,D,,,,,C,N,N,D,4,0,0,0,21804.0,2,37.59743881225586,-120.9936065673828,4
2018,2018-12-12,207,12,4,2,3,N,A,N,B,H,C,A,01,E,01,C,,,,,C,Y,N,D,1,0,0,0,23152.0,2,,,4
2018,2018-12-13,2030,12,4,20,4,N,A,N,A,H,D,A,01,N,09,B,,,,,C,N,N,D,1,0,0,0,21804.0,2,37.493255615234375,-120.99456024169922,4
2018,2018-12-17,1410,12,4,14,1,N,A,Y,A,H,A,A,01,N,08,E,,,,,I,Y,N,D,1,0,0,0,22107.0,1,37.666900634765625,-121.03370666503906,4
2018,2018-12-18,1730,12,4,17,2,N,A,Y,A,H,D,D,22,S,03,C,,,,,C,Y,N,D,1,0,0,0,22350.0,2,37.69659805297852,-121.06850433349608,4
2018,2018-12-19,1315,12,4,13,3,N,B,Y,A,H,A,A,07,E,01,E,,,,,I,Y,N,D,1,0,0,0,23152.0,1,,,4
2018,2018-12-13,2112,12,4,21,4,N,A,N,A,H,D,A,07,E,08,F,,,,,A,Y,N,D,2,0,0,0,22107.0,1,37.33331298828125,-121.08834838867188,2
2018,2018-12-13,1300,12,4,13,4,N,A,Y,A,H,A,A,08,S,03,C,,,,,C,Y,N,D,1,0,0,0,22350.0,2,37.568172454833984,-120.93035125732422,4
2018,2018-12-21,655,12,4,6,5,N,A,Y,A,H,A,A,01,S,08,F,,,,,A,Y,N,D,1,0,0,0,22107.0,1,37.47799301147461,-120.85888671875,4
2018,2018-12-18,1542,12,4,15,2,N,A,N,A,H,A,A,01,N,09,D,,,,,C,N,N,D,1,0,0,0,21804.0,2,37.6166877746582,-121.03038787841795,4
2018,2018-12-21,1930,12,4,19,5,N,B,Y,A,H,D,A,01,S,03,C,,,,,C,Y,N,D,1,0,0,0,22350.0,2,37.47356414794922,-120.84854125976562,4
2018,2018-12-20,1055,12,4,10,4,N,A,Y,A,H,A,A,01,E,03,C,,,,,C,Y,N,D,2,0,0,0,22350.0,3,37.937305450439446,-120.79100799560548,3
2018,2018-12-22,1020,12,4,10,6,N,A,Y,A,H,A,A,01,S,03,C,,,,,C,Y,N,D,2,0,0,0,22350.0,3,37.373680114746094,-121.12591552734376,4
2018,2018-12-22,1240,12,4,12,6,N,A,Y,A,H,A,A,01,N,03,C,,,,,C,Y,N,D,4,0,0,0,22350.0,3,37.39893341064453,-121.13951873779295,3
2018,2018-12-17,635,12,4,6,1,N,B,Y,B,H,D,A,01,N,07,B,,,,Y,C,Y,N,D,2,0,0,0,21658.0,3,37.4686393737793,-120.83539581298828,4
2018,2018-12-23,1405,12,4,14,7,N,A,Y,A,H,A,A,01,S,03,C,,,,,C,Y,N,D,2,0,0,0,22350.0,3,37.617069244384766,-120.9892349243164,4
2018,2018-12-23,1440,12,4,14,7,N,B,Y,A,H,A,C,02,N,03,C,,,Y,,C,N,N,D,1,0,0,1,22350.0,2,37.66608428955078,-121.03162384033205,4
2018,2018-12-21,2050,12,4,20,5,N,A,N,A,H,D,A,01,S,01,F,,,,,A,Y,N,D,1,0,0,0,23152.0,1,37.51719665527344,-121.17718505859376,3
2018,2018-12-24,1316,12,4,13,1,Y,A,N,A,H,A,D,22,,09,D,,,,,C,Y,N,A,2,0,0,0,21802.0,2,37.59521865844727,-121.0485610961914,2
2018,2018-12-16,1745,12,4,17,7,N,C,N,B,H,D,D,22,E,09,D,,,,,C,Y,N,D,1,0,0,0,21804.0,2,37.565731048583984,-121.13760375976562,4
2018,2018-12-17,1655,12,4,16,1,Y,B,N,A,H,B,D,22,,09,D,,,,,C,Y,N,A,1,0,0,0,21802.0,2,37.703460693359375,-121.07805633544922,4
2018,2018-12-19,1753,12,4,17,3,Y,A,N,A,H,D,A,01,,09,D,,,,,C,Y,N,A,2,0,0,0,21802.0,2,37.710968017578125,-120.9076919555664,4
2018,2018-12-20,1248,12,4,12,4,N,B,Y,A,H,A,A,07,E,03,C,,,,,C,Y,N,A,3,0,0,0,22350.0,3,37.93730163574219,-120.79232025146484,3
2018,2018-12-17,1800,12,4,18,1,N,A,N,B,H,C,A,07,S,08,E,,,,,J,N,N,D,3,0,0,0,22107.0,1,37.62337493896485,-120.75540161132812,3
2018,2018-12-20,1735,12,4,17,4,N,A,Y,A,H,C,A,01,N,05,A,,,,,C,Y,N,D,1,0,0,0,21460.0,2,37.70067596435546,-121.06943511962892,4
2018,2018-12-21,1840,12,4,18,5,N,A,Y,A,H,C,D,22,S,03,C,,,,,C,Y,N,D,1,0,0,0,22350.0,3,37.473575592041016,-120.84857177734376,4
2018,2018-12-22,340,12,4,3,6,N,A,N,A,H,D,A,01,N,01,E,,,,,I,Y,N,D,1,0,0,0,23152.0,1,37.68703842163086,-120.91905975341795,4
2018,2018-12-22,1645,12,4,16,6,N,B,Y,A,H,D,A,07,N,03,C,,,,,C,Y,N,D,1,0,0,0,22350.0,4,37.63566970825195,-121.00243377685548,4
2018,2018-12-22,1720,12,4,17,6,N,A,Y,A,H,D,A,07,S,03,C,,,,,C,Y,N,D,2,0,0,0,22350.0,3,37.65848922729492,-121.0261001586914,4
2018,2018-12-24,230,12,4,2,1,N,A,Y,A,H,D,D,22,N,08,E,,,,,I,Y,N,D,1,0,0,0,22107.0,1,37.526191711425774,-120.88773345947266,2
2018,2018-12-25,1420,12,4,14,2,N,B,N,A,H,A,A,01,E,08,B,,,,,C,Y,N,D,1,0,0,0,22107.0,2,37.623733520507805,-120.9326629638672,4
2018,2018-12-26,2039,12,4,20,3,N,A,N,A,H,D,A,01,S,08,E,,,,,I,Y,N,D,4,0,0,0,22107.0,1,37.44931411743164,-121.00345611572266,4
2018,2018-12-28,1127,12,4,11,5,N,A,Y,A,H,A,A,01,W,08,E,,,,,I,Y,N,D,1,0,0,0,22107.0,1,37.52922439575195,-121.1770248413086,4
2018,2018-12-20,233,12,4,2,4,N,A,Y,A,H,D,A,07,S,01,C,,,,Y,E,Y,N,D,1,0,0,0,23152.0,2,37.71996688842773,-121.09768676757812,2
2018,2018-12-24,1715,12,4,17,1,N,C,N,B,H,D,D,22,N,03,E,,,,,I,Y,N,D,1,0,0,0,22350.0,1,37.62418365478516,-121.23868560791016,4
2018,2018-12-24,2345,12,4,23,1,N,A,Y,B,H,D,A,01,S,08,F,,,,,A,Y,N,D,1,0,0,0,22107.0,1,37.29308319091797,-121.10074615478516,3
2018,2018-12-26,1715,12,4,17,3,N,A,N,A,H,C,A,01,N,09,D,,,,,C,Y,N,D,1,0,0,0,21801.0,2,37.62284851074219,-120.98611450195312,3
2018,2018-12-26,1740,12,4,17,3,N,A,Y,A,H,D,A,01,S,03,C,,,,,C,Y,N,D,3,0,0,0,22350.0,3,37.64584732055664,-121.01644134521484,4
2018,2018-10-28,310,10,3,3,7,N,A,N,A,H,D,N,60,N,11,G,Y,,,,B,N,F,A,0,0,0,0,21954.0,2,37.621341705322266,-120.99357604980467,1
2018,2018-12-25,2050,12,4,20,2,Y,A,N,A,H,C,A,07,,01,E,,,,,I,Y,N,A,1,0,0,0,23152.0,1,37.731491088867195,-120.99523162841795,2
2018,2018-12-27,1505,12,4,15,4,N,A,N,A,H,A,D,22,N,09,B,,,,,C,N,N,A,2,0,0,0,21804.0,2,37.700359344482415,-121.06916809082033,4
2018,2018-12-22,1810,12,4,18,6,N,A,Y,A,H,D,A,01,S,07,C,,,,,C,Y,N,D,1,0,0,0,21658.0,5,37.70594024658203,-121.07771301269533,4
2018,2018-12-24,2206,12,4,22,1,N,A,Y,B,H,D,-,99,N,06,H,,Y,,,G,N,F,D,1,0,1,0,21760.0,2,37.57201766967773,-121.22380065917967,3
2018,2018-12-28,1820,12,4,18,5,N,A,N,A,H,D,N,60,E,11,G,Y,,,,B,N,N,D,1,1,0,0,21954.0,2,,,2
2018,2018-12-28,135,12,4,1,5,N,A,Y,A,H,D,A,01,S,08,C,,,,Y,E,Y,N,D,2,0,0,0,22107.0,2,37.53910446166992,-121.26612854003906,3
2018,2018-12-31,1128,12,4,11,1,Y,A,Y,A,H,A,A,01,,09,D,,,,,C,Y,N,D,2,0,0,0,21802.0,2,,,4
2018,2018-10-21,138,10,3,1,7,N,A,Y,A,H,D,D,22,S,01,F,,,,,A,Y,N,D,0,0,0,0,23152.0,1,37.5296287536621,-120.88975524902344,1
2018,2018-12-31,1703,12,4,17,1,N,A,Y,A,H,B,A,01,N,03,B,,,,,C,Y,N,D,1,0,0,0,22350.0,2,37.617084503173835,-120.98745727539062,4
2018,2018-12-29,1950,12,4,19,6,N,A,N,A,H,C,-,99,W,03,G,Y,,,,B,N,M,D,1,1,0,0,22350.0,2,37.61662673950195,-120.97781372070312,4
2018,2018-12-27,1830,12,4,18,4,N,A,N,A,H,D,A,01,S,08,E,,,,,I,Y,N,D,1,0,0,0,22107.0,1,37.663875579833984,-120.89826965332033,4
2018,2018-12-29,1955,12,4,19,6,N,A,N,A,H,C,A,01,W,09,C,,,,,C,Y,N,A,1,0,0,0,21802.0,2,37.72590255737305,-121.10355377197266,4
2020,2020-04-03,2324,4,1,23,5,N,A,N,A,H,C,-,- ,N,18,E,,,,,I,Y,N,D,1,0,0,0,,1,37.63997268676758,-120.99968719482422,4
2020,2020-04-03,2324,4,1,23,5,N,A,N,A,H,C,-,,W,01,C,,,,,E,Y,N,D,1,0,0,0,23152.0,2,37.65753173828125,-120.92769622802734,4
2020,2020-04-01,2052,4,1,20,3,Y,A,N,A,H,C,-,,,01,A,,,,,I,Y,N,A,1,0,0,0,23152.0,1,37.67102813720703,-120.97572326660156,3
2020,2020-04-02,1243,4,1,12,4,Y,A,N,A,H,A,-,,,09,D,,,,,C,Y,N,A,2,0,0,0,21453.0,2,37.66714859008789,-120.9757080078125,3
2018,2018-12-26,1350,12,4,13,3,Y,A,N,A,H,A,A,01,,09,D,,,,,D,Y,N,D,1,0,0,0,21801.0,2,,,4
2019,2019-01-01,1340,1,4,13,2,N,A,N,A,H,A,A,01,W,03,C,,,,,C,Y,N,D,1,0,0,0,22350.0,2,37.71097183227539,-120.95866394042967,4
2019,2019-01-06,1307,1,4,13,7,N,B,Y,B,H,A,A,01,N,08,F,,,,,A,Y,N,D,1,0,0,0,22107.0,1,37.68645858764648,-121.05727386474608,4
2019,2019-01-02,350,1,4,3,3,Y,A,N,A,H,D,A,07,,12,D,,,,Y,C,Y,N,A,2,0,0,0,22450.0,2,37.681739807128906,-121.06813049316406,2
2018,2018-12-29,1150,12,4,11,6,N,A,N,A,H,A,A,01,S,03,C,,,,,C,N,N,D,1,0,0,0,22350.0,2,37.59576797485352,-120.86750030517578,4
2019,2019-01-05,1705,1,4,17,6,N,A,N,A,H,B,-,99,E,03,C,,,,,C,N,M,D,1,0,0,0,22350.0,2,37.59469985961913,-120.8471221923828,4
2019,2019-01-06,1335,1,4,13,7,N,C,Y,B,H,A,A,01,W,03,C,,,,,C,Y,N,D,2,0,0,0,22350.0,2,37.63871383666992,-120.86144256591795,4
2019,2019-10-19,1837,10,3,18,6,Y,A,N,A,H,C,L,04,,09,B,,Y,,,G,N,N,A,1,0,1,0,21804.0,2,37.6717185974121,-121.0312728881836,3
2019,2019-01-07,1827,1,4,18,1,N,A,N,A,H,C,A,01,N,09,D,,,,Y,C,Y,F,D,2,0,0,0,21802.0,2,37.620643615722656,-120.9855499267578,3
2018,2018-12-31,2120,12,4,21,1,N,A,Y,A,H,C,A,01,N,07,B,,,,,C,N,N,D,2,0,0,0,21658.0,2,37.65059280395508,-121.02174377441406,4
2019,2019-01-04,1610,1,4,16,5,Y,A,N,A,H,A,C,02,,03,E,,,Y,,I,Y,N,D,1,0,0,1,22350.0,1,37.61417007446289,-120.9787826538086,2
2020,2020-01-25,1400,1,4,14,6,Y,A,N,A,H,A,-,,,12,G,Y,,,,B,N,F,A,1,1,0,0,21453.0,2,37.64242935180664,-120.99539947509766,4
2019,2019-01-02,1720,1,4,17,3,Y,A,N,A,H,D,A,08,,12,D,,,,,C,Y,N,A,1,0,0,0,22450.0,2,37.46390914916992,-121.1796875,4
2019,2019-01-05,1553,1,4,15,6,Y,B,N,B,H,A,A,01,,09,D,,,,,C,Y,N,D,3,0,0,0,21802.0,2,37.61708831787109,-121.02806091308594,4
2019,2019-01-01,1750,1,4,17,2,N,A,N,A,H,D,A,01,S,08,E,,,,,J,Y,N,D,1,0,0,0,22107.0,1,37.630958557128906,-120.9570083618164,3
2019,2019-01-05,1243,1,4,12,6,Y,B,N,B,A,A,D,22,,12,D,,,,,C,Y,N,D,1,0,0,0,22450.0,2,37.63547897338867,-120.97480010986328,4
2018,2018-12-29,908,12,4,9,6,N,A,Y,A,H,A,A,01,N,08,F,,,,,A,Y,N,D,4,0,0,0,22107.0,1,37.42737579345703,-121.15591430664062,4
2020,2020-02-01,1813,2,4,18,6,N,A,N,A,H,C,-,,E,08,C,,,,,E,Y,N,A,1,0,0,0,22107.0,3,37.64484024047852,-120.92894744873048,4
2020,2020-02-24,1752,2,4,17,1,Y,A,N,A,H,B,-,,,09,D,,,,,C,N,N,A,2,0,0,0,21802.0,2,37.64632034301758,-120.98663330078124,3
2020,2020-03-16,2115,3,1,21,1,Y,B,N,A,H,C,A,08,,17,A,,,,,C,N,N,A,1,0,0,0,21451.0,2,37.668621063232415,-120.98487854003906,3
2020,2020-03-29,1903,3,1,19,7,Y,A,N,A,H,B,-,99,,12,D,,,,,C,N,F,A,1,0,0,0,22450.0,2,37.61407852172852,-120.98622131347656,3
2020,2020-03-27,1237,3,1,12,5,N,A,N,A,H,A,-,99,W,03,C,,,,,C,N,F,A,2,0,0,0,22350.0,2,37.6216049194336,-121.02094268798828,4
2020,2020-03-29,1314,3,1,13,7,Y,A,N,A,H,A,D,22,,09,D,,,,,C,Y,N,D,2,0,0,0,21802.0,2,37.67465972900391,-121.0426025390625,3
2020,2020-03-24,925,3,1,9,2,Y,A,N,A,H,A,-,- ,,12,D,,,,,C,N,N,A,1,0,0,0,21453.0,2,37.671489715576165,-121.02214050292967,4