ACCIDENT_YEAR,COLLISION_DATE,COLLISION_TIME,MONTH,SEASON,24HOURS,DAY_OF_WEEK,INTERSECTION,WEATHER_1,STATE_HWY_IND,ROAD_SURFACE,ROAD_COND_1,LIGHTING,STWD_VEHTYPE_AT_FAULT,CHP_VEHTYPE_AT_FAULT,DIRECTION,PCF_VIOL_CATEGORY,TYPE_OF_COLLISION,PEDESTRIAN_ACCIDENT,BICYCLE_ACCIDENT,MOTORCYCLE_ACCIDENT,TRUCK_ACCIDENT,MVIW,TOW_AWAY,HIT_AND_RUN,CONTROL_DEVICE,NUMBER_INJURED,COUNT_PED_INJURED,COUNT_BICYCLIST_INJURED,COUNT_MC_INJURED,PCF_VIOLATION,PARTY_COUNT,POINT_Y,POINT_X,COLLISION_SEVERITY
2019,2019-07-22,1440,7,2,14,1,N,A,N,A,H,A,A,01,W,08,B,,,,,C,Y,N,D,1,0,0,0,22107.0,2,37.492637634277344,-120.92424011230467,4
2019,2019-07-26,1720,7,2,17,5,N,A,Y,A,H,A,A,08,N,03,C,,,,,C,Y,N,D,1,0,0,0,22350.0,2,37.631732940673835,-120.99850463867188,4
2019,2019-07-20,2138,7,2,21,6,N,A,N,A,H,C,A,01,W,03,D,,,,,C,Y,N,D,2,0,0,0,22350.0,2,37.60942840576172,-120.99720001220705,4
2019,2019-07-28,2250,7,2,22,7,N,A,Y,A,H,D,D,22,N,03,C,,,,,C,Y,N,D,2,0,0,0,22350.0,2,37.57614135742188,-121.31414794921876,4
2019,2019-07-30,635,7,2,6,2,N,A,N,A,H,A,A,01,S,08,E,,,,,I,Y,N,D,1,0,0,0,22107.0,1,37.657942,-120.473239,3
2019,2019-07-22,734,7,2,7,1,N,A,N,A,H,A,D,22,W,03,C,,,,,C,Y,N,D,1,0,0,0,22350.0,2,37.59477996826172,-120.88826751708984,4
2019,2019-07-29,1520,7,2,15,1,Y,A,Y,A,H,A,D,22,,12,D,,,,,C,Y,N,A,2,0,0,0,22450.0,2,37.793014526367195,-120.90480041503906,4
2019,2019-08-01,32,8,2,0,4,Y,A,Y,A,H,C,A,01,,01,D,,,,,C,Y,N,A,3,0,0,0,23152.0,2,37.71123504638672,-121.0221939086914,3
2019,2019-08-01,1105,8,2,11,4,N,A,Y,A,H,A,A,08,N,07,B,,,,,C,Y,N,D,1,0,0,0,21658.0,2,37.55376434326172,-120.9138641357422,4
2019,2019-07-20,424,7,2,4,6,N,A,Y,A,H,C,A,01,N,01,C,,,,Y,C,Y,N,D,1,0,0,0,23152.0,2,37.586868286132805,-121.3279037475586,2
2019,2019-08-01,810,8,2,8,4,N,A,N,A,H,A,D,22,S,09,D,,,,,C,N,N,A,2,0,0,0,21804.0,2,37.70716857910156,-121.0024642944336,4
2019,2019-07-25,1730,7,2,17,4,N,A,N,A,H,A,B,07,E,03,C,,,,,C,Y,N,D,1,0,0,0,22350.0,2,37.55110168457031,-120.70760345458984,4
2019,2019-07-20,815,7,2,8,6,N,A,Y,A,H,A,A,01,S,07,B,,,,Y,C,Y,F,D,1,0,0,0,21658.0,3,37.46619415283203,-120.82981872558594,2
2019,2019-07-28,850,7,2,8,7,N,A,Y,A,H,A,A,01,W,01,E,,,,,I,Y,N,D,1,0,0,0,23152.0,1,37.63813018798828,-121.19086456298828,2
2019,2019-08-01,1212,8,2,12,4,N,A,N,A,H,A,D,22,E,08,A,,,,,C,Y,N,A,3,0,0,0,22107.0,2,37.548214,-120.903787,4
2019,2019-07-27,555,7,2,5,6,N,A,Y,A,H,B,A,01,N,08,F,,,,,A,Y,N,D,1,0,0,0,22107.0,1,37.725955963134766,-121.10361480712892,3
2019,2019-07-27,1017,7,2,10,6,N,A,N,A,H,A,A,07,N,01,E,,,,,I,Y,N,D,1,0,0,0,23152.0,1,37.530033111572266,-121.06732940673828,2
2020,2020-05-13,1121,5,1,11,3,Y,A,N,A,H,A,A,01,,12,D,,,,,C,Y,N,A,4,0,0,0,22450.0,2,37.594829559326165,-120.92047119140624,3
2020,2020-05-12,1202,5,1,12,2,Y,B,N,A,H,A,-,- ,,00,D,,,,,C,Y,N,A,2,0,0,0,,2,37.60932159423828,-120.93875122070312,4
2019,2019-08-04,2500,8,2,25,7,N,A,N,A,A,A,C,02,S,01,F,,,Y,,A,Y,N,D,1,0,0,1,23152.0,1,37.46663284301758,-120.8151397705078,2
2019,2019-07-22,228,7,2,2,1,N,A,Y,A,H,D,-,40,S,08,E,,,,,I,Y,N,D,1,0,0,0,22107.0,1,37.50658798217773,-120.87728118896484,4
2019,2019-07-30,1040,7,2,10,2,N,A,Y,A,H,A,D,22,E,03,C,,,,,C,Y,N,D,1,0,0,0,22350.0,2,37.73708724975586,-120.92281341552734,4
2019,2019-07-31,125,7,2,1,3,N,A,Y,A,D,C,A,07,E,03,C,,,,,C,Y,N,A,1,0,0,0,22350.0,2,37.63783645629882,-121.13461303710938,4
2019,2019-08-01,1735,8,2,17,4,N,A,Y,A,H,A,A,01,N,03,C,,,,,C,Y,N,D,2,0,0,0,22350.0,3,37.59547805786133,-120.96150970458984,3
2019,2019-07-13,1410,7,2,14,6,Y,A,N,A,H,A,A,01,,09,B,,,,,C,Y,F,A,4,0,0,0,21802.0,2,,,4
2019,2019-07-29,1340,7,2,13,1,N,A,N,A,H,A,N,60,N,11,G,Y,,,,B,N,N,D,1,1,0,0,21954.0,2,37.624000549316406,-120.98642730712892,3
2019,2019-07-29,1822,7,2,18,1,N,A,Y,A,H,A,A,01,E,08,E,,,,,I,Y,N,D,1,0,0,0,22107.0,1,37.724018096923835,-120.99520111083984,3
2019,2019-07-31,1700,7,2,17,3,Y,A,Y,A,H,A,C,02,,17,D,,,Y,,C,N,N,A,1,0,0,1,21451.0,2,37.71114730834961,-121.01307678222656,4
2019,2019-08-01,1520,8,2,15,4,N,A,Y,A,D,A,A,01,S,03,C,,,,,C,N,N,D,1,0,0,0,22350.0,2,37.62758255004882,-120.99678802490234,3
2020,2020-05-31,2333,5,1,23,7,N,A,N,A,H,C,-,- ,S,18,B,,,,,E,N,N,D,1,0,0,0,,2,37.52178955078125,-120.86974334716795,4
2019,2019-08-04,1822,8,2,18,7,Y,A,Y,A,H,A,A,01,,01,C,,,,,C,Y,N,D,1,0,0,0,23152.0,2,37.77643966674805,-120.79345703125,4
2020,2020-05-28,1625,5,1,16,4,N,A,N,-,H,A,A,07,S,03,C,,,,,C,N,N,A,2,0,0,0,22350.0,3,37.52875900268555,-120.84906768798828,4
2019,2019-08-06,1145,8,2,11,2,N,A,N,A,H,A,A,07,S,03,C,,,,,C,Y,N,A,5,0,0,0,22350.0,3,37.7107810974121,-120.8483428955078,3
2019,2019-07-30,1051,7,2,10,2,Y,A,Y,A,H,A,A,01,,08,D,,,,,C,Y,N,D,1,0,0,0,22107.0,2,37.7763900756836,-120.81107330322266,3
2019,2019-07-31,2210,7,2,22,3,N,A,Y,A,H,C,D,22,S,03,C,,,,,C,Y,N,D,2,0,0,0,22350.0,3,37.518260955810554,-120.8838119506836,3
2019,2019-08-09,1325,8,2,13,5,N,A,Y,A,H,A,A,01,S,03,C,,,,,C,Y,N,D,1,0,0,0,22350.0,3,37.64385986328125,-121.01324462890624,4
2019,2019-08-04,740,8,2,7,7,N,A,Y,A,H,A,A,07,N,03,C,,,,,C,Y,F,D,1,0,0,0,22350.0,2,37.713504791259766,-121.08893585205078,3
2019,2019-08-05,1754,8,2,17,1,N,A,Y,A,H,A,A,01,S,03,C,,,,,C,Y,N,D,2,0,0,0,22350.0,3,37.664493560791016,-121.0293197631836,4
2019,2019-08-07,1845,8,2,18,3,N,A,Y,A,H,A,C,02,W,03,C,,,Y,,C,N,N,D,3,0,0,0,22350.0,2,37.63790893554688,-121.12242889404295,4
2019,2019-08-06,230,8,2,2,2,Y,A,N,A,H,C,A,07,,01,E,,,,,I,Y,N,A,1,0,0,0,23152.0,1,37.52719879150391,-120.79398345947266,3
2019,2019-08-06,2130,8,2,21,2,N,A,N,A,H,C,-,- ,N,05,D,,,Y,Y,C,Y,N,A,1,0,0,1,21460.0,2,37.62749862670898,-120.94795989990234,2
2019,2019-08-07,2240,8,2,22,3,N,A,Y,A,H,C,A,07,S,01,E,,,,,I,Y,N,D,1,0,0,0,23152.0,1,37.69132614135742,-121.06346130371094,3
2019,2019-08-10,615,8,2,6,6,Y,A,N,A,H,A,A,01,,05,B,,,,,C,Y,N,D,1,0,0,0,21752.0,2,37.68122863769531,-121.14122772216795,2
2020,2020-05-28,2028,5,1,20,4,N,A,N,A,H,A,A,01,S,06,B,,,,,C,Y,M,D,1,0,0,0,21750.0,2,37.61281967163086,-120.95704650878906,3
2020,2020-05-17,316,5,1,3,7,N,A,N,A,H,C,A,01,S,08,E,,,,,I,Y,N,D,1,0,0,0,22107.0,1,37.52923202514648,-120.86083984375,4
2020,2020-05-16,1732,5,1,17,6,N,A,N,A,H,A,A,01,E,09,B,,,Y,,C,N,N,D,1,0,0,1,21804.0,2,37.49266052246094,-120.83270263671876,3
2020,2020-05-30,1655,5,1,16,6,Y,A,N,A,H,A,A,07,,03,C,,,,,C,Y,N,A,3,0,0,0,22350.0,2,37.5146598815918,-120.86949920654295,2
2020,2020-05-10,1156,5,1,11,7,Y,A,N,A,H,A,A,01,,12,D,,,,,C,Y,N,D,1,0,0,0,22450.0,2,37.514591217041016,-120.8718032836914,3
2020,2020-05-31,1510,5,1,15,7,Y,A,N,A,H,A,A,01,,12,D,,,,,C,Y,F,A,1,0,0,0,21453.0,2,37.50727081298828,-120.87177276611328,3
2019,2019-08-06,1733,8,2,17,2,N,A,Y,A,H,A,A,01,S,03,C,,,,,C,Y,N,D,3,0,0,0,22350.0,3,37.663700103759766,-121.02824401855467,3
2019,2019-08-13,825,8,2,8,2,N,A,Y,A,H,A,A,01,S,03,C,,,,,C,Y,N,D,1,0,0,0,22350.0,2,37.61726379394531,-120.98892211914062,4
2019,2019-08-07,1240,8,2,12,3,Y,A,N,A,H,A,A,08,,12,D,,,,,C,Y,N,A,1,0,0,0,22450.0,2,37.50753021240234,-120.99462127685548,4
2019,2019-08-06,1325,8,2,13,2,N,A,Y,A,H,A,A,01,S,07,B,,,,Y,C,Y,N,D,2,0,0,0,21658.0,3,37.51793670654297,-120.88363647460938,4
2020,2020-05-22,1136,5,1,11,5,N,A,N,A,H,A,A,01,N,03,C,,,,,C,N,N,D,2,0,0,0,22350.0,2,37.61285018920898,-120.93872833251952,4
2019,2019-08-08,238,8,2,2,4,N,A,Y,A,H,D,A,01,S,08,E,,,,,I,Y,N,D,4,0,0,0,22107.0,1,37.51461410522461,-121.23666381835938,3
2019,2019-08-10,445,8,2,4,6,N,A,N,A,H,D,A,07,W,08,E,,,,,I,Y,M,D,1,0,0,0,22107.0,1,37.73282241821289,-120.8539581298828,3
2019,2019-07-31,703,7,2,7,3,Y,A,N,A,H,A,D,22,,12,D,,,,,C,Y,N,A,1,0,0,0,21453.0,2,37.479610443115234,-121.11258697509766,3
2019,2019-08-11,840,8,2,8,7,N,A,Y,A,H,A,C,02,W,09,D,,,Y,,C,Y,N,D,1,0,0,1,21801.0,2,,,2
2019,2019-08-02,1240,8,2,12,5,Y,A,N,A,H,A,A,01,,12,D,,,,Y,C,Y,N,A,1,0,0,0,22450.0,2,37.3184814453125,-121.04924774169922,4
2019,2019-08-18,300,8,2,3,7,N,A,Y,A,H,D,A,01,N,01,C,,,,,C,Y,N,D,3,0,0,0,23152.0,2,37.40726089477539,-121.1448974609375,3
2019,2019-08-13,2240,8,2,22,2,N,A,N,A,H,C,A,08,W,08,E,,,,,I,Y,N,D,1,0,0,0,22107.0,1,37.62592697143555,-121.02434539794922,4
2019,2019-08-11,700,8,2,7,7,N,A,Y,A,H,A,A,07,W,01,E,,,,,I,Y,N,D,1,0,0,0,23152.0,1,37.63832092285156,-121.19696807861328,3
2019,2019-08-12,540,8,2,5,1,Y,A,N,A,H,B,A,01,,09,D,,,,,C,Y,N,A,1,0,0,0,21453.0,2,37.492988586425774,-120.99456024169922,4
2019,2019-08-12,1500,8,2,15,1,N,A,Y,A,H,A,A,01,N,07,B,,,,Y,C,Y,N,D,1,0,0,0,21658.0,2,37.48094940185546,-120.86328887939452,3
2019,2019-08-12,1910,8,2,19,1,N,A,N,A,H,A,D,22,E,08,E,,,,,I,Y,N,D,1,0,0,0,22107.0,1,37.565956115722656,-121.10145568847656,4
2019,2019-08-12,1830,8,2,18,1,Y,A,N,A,H,A,D,22,,03,C,,,,,C,Y,N,D,1,0,0,0,22350.0,2,37.49319076538086,-121.14334106445312,4
2019,2019-08-16,1556,8,2,15,5,N,A,N,A,H,A,E,22,N,03,C,,,,,C,N,N,D,1,0,0,0,22350.0,2,37.78862762451172,-120.86392211914062,3
2019,2019-08-18,1915,8,2,19,7,N,A,Y,A,H,A,A,01,W,03,C,,,,,C,N,N,D,1,0,0,0,22350.0,2,37.638221740722656,-121.07112884521484,4
2019,2019-08-20,750,8,2,7,2,N,A,Y,A,H,A,D,22,S,03,C,,,,,C,N,N,D,1,0,0,0,22350.0,3,37.5716667175293,-120.93407440185548,4
2019,2019-08-09,1505,8,2,15,5,N,A,N,A,H,A,L,04,S,05,D,,Y,,,G,Y,N,D,1,0,1,0,21650.0,2,37.615028381347656,-120.98465728759766,2
2019,2019-08-19,740,8,2,7,1,N,A,N,A,H,A,N,60,E,11,H,Y,,,,A,N,N,D,1,0,0,0,21954.0,2,37.73501968383789,-120.95313262939452,4
2019,2019-08-21,1305,8,2,13,3,N,A,Y,A,H,A,A,08,N,03,C,,,,,C,Y,N,D,1,0,0,0,22350.0,2,37.71348571777344,-121.08889770507812,3
2019,2019-08-15,1400,8,2,14,4,N,A,N,A,H,A,C,03,S,08,D,,,Y,,A,N,N,A,1,0,0,1,22107.0,2,37.62245178222656,-120.75251007080078,2
2019,2019-08-18,1825,8,2,18,7,N,A,Y,A,H,A,A,07,W,05,B,,,,,C,Y,N,D,1,0,0,0,21752.0,2,37.74187469482422,-120.9175033569336,4
2019,2019-08-12,1646,8,2,16,1,N,A,Y,A,H,A,A,01,S,03,C,,,,,C,Y,M,D,1,0,0,0,22350.0,5,37.66504287719727,-121.03006744384766,3
2019,2019-08-22,915,8,2,9,4,N,A,Y,A,H,A,A,01,E,01,C,,,,,C,Y,N,D,3,0,0,0,23152.0,2,37.63874435424805,-120.81536865234376,4
2020,2020-03-25,2017,3,1,20,3,N,A,N,A,H,C,A,01,W,09,D,,,,,C,Y,N,D,1,0,0,0,21804.0,2,,,3
2019,2019-07-28,300,7,2,3,7,N,A,N,A,H,A,A,01,S,01,F,,,,,A,Y,N,D,1,0,0,0,23152.0,1,37.49282836914063,-120.95841979980467,2
2019,2019-08-17,915,8,2,9,6,N,A,Y,A,H,A,A,01,N,08,B,,,,,C,Y,N,D,3,0,0,0,22107.0,2,37.705764770507805,-121.07713317871094,3
2019,2019-08-18,1900,8,2,19,7,N,A,Y,A,H,B,C,02,W,08,F,,,Y,,A,Y,N,D,1,0,0,1,22107.0,1,37.638221740722656,-121.07132720947266,3
2019,2019-08-19,15,8,2,0,1,N,A,Y,A,H,D,A,01,S,08,E,,,,,I,Y,N,D,1,0,0,0,22107.0,1,37.47805404663086,-120.85899353027344,4
2019,2019-08-19,545,8,2,5,1,N,A,N,A,H,B,C,02,S,05,D,,,Y,,C,Y,N,D,1,0,0,1,21460.0,2,37.586761474609375,-120.73709869384766,2
2019,2019-08-25,2017,8,2,20,7,Y,A,N,A,H,C,A,01,,01,D,,,,,C,Y,F,A,3,0,0,0,23152.0,2,37.60213088989258,-120.99356842041016,4
2019,2019-08-04,1005,8,2,10,7,N,A,Y,A,H,A,A,01,N,08,F,,,,,A,Y,N,D,0,0,0,0,22107.0,1,37.662063598632805,-121.02664184570312,1
2019,2019-06-09,132,6,2,1,7,Y,A,N,A,H,C,A,07,,01,E,,,,,I,Y,N,A,0,0,0,0,23152.0,5,37.61391830444336,-120.97534942626952,1
2019,2019-08-18,1400,8,2,14,7,N,A,Y,A,C,A,A,07,S,08,F,,,,,A,Y,N,D,1,0,0,0,22107.0,1,37.61663055419922,-120.98413848876952,4
2019,2019-08-20,1220,8,2,12,2,N,A,N,A,H,A,A,01,W,03,C,,,Y,,C,N,N,D,1,0,0,1,22350.0,2,37.61647033691406,-121.03042602539062,4
2019,2019-08-19,1640,8,2,16,1,Y,A,N,A,H,A,C,02,,08,F,,,Y,,A,Y,N,D,1,0,0,1,22107.0,1,37.63085174560546,-120.94796752929688,3
2019,2019-08-22,1615,8,2,16,4,N,A,Y,A,H,A,A,01,W,03,C,,,,,C,N,N,A,2,0,0,0,22350.0,2,37.639663696289055,-121.24805450439452,4
2019,2019-08-23,757,8,2,7,5,Y,A,N,A,H,A,D,22,,09,D,,,,,C,Y,N,D,1,0,0,0,21801.0,3,37.71421813964844,-121.07766723632812,4
2019,2019-08-23,1000,8,2,10,5,N,A,Y,A,H,A,A,01,N,03,C,,,,,C,N,N,D,1,0,0,0,22350.0,2,37.588088989257805,-120.95319366455078,4
2019,2019-08-20,1812,8,2,18,2,N,A,Y,A,H,A,A,01,N,03,C,,,,,A,N,N,D,2,0,0,0,22350.0,2,37.549949645996094,-120.90904998779295,4
2019,2019-08-20,1402,8,2,14,2,N,A,Y,A,H,A,A,01,S,03,C,,,,,C,Y,N,D,2,0,0,0,22350.0,2,37.629837036132805,-120.9975814819336,4
2019,2019-08-23,1909,8,2,19,5,N,A,N,A,H,A,C,02,N,03,C,,,Y,,C,Y,N,D,1,0,0,1,22350.0,2,37.627742767333984,-120.95199584960938,2
2019,2019-08-23,2130,8,2,21,5,Y,A,N,A,H,C,A,01,,09,D,,,,,C,Y,N,A,1,0,0,0,21802.0,2,37.692241668701165,-120.92157745361328,4
2019,2019-08-25,2325,8,2,23,7,N,A,Y,A,H,D,D,22,N,07,B,,,,,C,N,M,D,1,0,0,0,21658.0,2,37.47429275512695,-120.84976196289062,4
2019,2019-08-23,740,8,2,7,5,Y,A,N,A,H,A,A,01,,05,B,,,,,C,Y,N,A,2,0,0,0,21460.0,2,37.71421813964844,-121.07766723632812,4
2019,2019-08-15,1620,8,2,16,4,Y,A,N,A,H,A,-,99,,03,C,,,,,C,N,M,D,1,0,0,0,22350.0,3,37.56595993041992,-121.10327911376952,4
2019,2019-08-16,2200,8,2,22,5,Y,A,N,A,H,C,D,22,,09,D,,,,,C,Y,M,A,1,0,0,0,21453.0,2,37.60734176635742,-121.03044128417967,4
2019,2019-08-17,2130,8,2,21,6,N,A,N,A,H,D,C,06,W,08,F,,,Y,,A,N,N,D,1,0,0,1,22107.0,1,37.604389190673835,-121.05045318603516,2
2019,2019-07-30,1615,7,2,16,2,Y,A,N,A,H,A,A,01,,01,D,,,,,C,Y,N,A,1,0,0,0,23152.0,2,37.44895935058594,-120.86717987060548,1
2019,2019-08-21,1310,8,2,13,3,N,A,Y,A,H,A,A,01,E,07,C,,,Y,,C,Y,N,D,1,0,0,1,21658.0,2,,,3
2019,2019-08-26,1605,8,2,16,1,N,A,Y,A,H,A,D,22,S,04,C,,,,,C,Y,N,D,1,0,0,0,21703.0,2,37.72084045410156,-121.09832763671876,4
2019,2019-08-20,949,8,2,9,2,N,A,N,A,H,A,A,01,S,05,A,,,,,C,Y,N,D,2,0,0,0,21460.0,2,37.71286392211913,-120.93006134033205,4
2019,2019-08-21,1500,8,2,15,3,N,A,N,A,H,A,A,07,S,03,C,,,,,C,N,N,A,2,0,0,0,22350.0,2,37.62129592895508,-121.03043365478516,4
2020,2020-02-26,1559,2,4,15,3,N,A,N,A,H,A,A,01,E,08,E,,,,,J,N,N,D,1,0,0,0,22107.0,1,37.3111686706543,-121.03077697753906,4
2019,2019-08-20,1650,8,2,16,2,N,A,Y,A,H,A,D,22,S,03,C,,,,,C,Y,N,D,2,0,0,0,22350.0,4,37.54709243774414,-120.90469360351562,4
2019,2019-08-26,1000,8,2,10,1,Y,A,N,A,H,A,A,01,,09,D,,,,,C,Y,F,A,1,0,0,0,21802.0,2,37.44908142089844,-120.93087768554688,2
2019,2019-08-22,1445,8,2,14,4,Y,A,N,A,H,A,A,07,,09,B,,,,,C,Y,N,A,1,0,0,0,21802.0,2,37.56575012207031,-120.95709228515624,4
2019,2019-08-23,1858,8,2,18,5,N,A,N,A,H,A,A,01,N,01,D,,,,,C,Y,N,D,1,0,0,0,23152.0,2,37.59627151489258,-121.0302963256836,2
2019,2019-08-27,904,8,2,9,2,N,A,N,A,H,A,C,02,S,03,F,,,Y,,A,N,N,A,1,0,0,1,22350.0,1,37.62033462524414,-121.03042602539062,3
2019,2019-08-26,1825,8,2,18,1,Y,A,N,A,H,A,A,01,,09,D,,,,,C,Y,N,A,2,0,0,0,21802.0,2,37.61301040649414,-120.9706573486328,4
2019,2019-08-26,730,8,2,7,1,N,A,Y,A,H,A,-,99,N,07,E,,,,,I,Y,F,D,1,0,0,0,21658.0,2,37.549537658691406,-120.9084014892578,4
2019,2019-08-27,2010,8,2,20,2,N,A,N,A,H,C,A,01,S,03,C,,,,,C,Y,N,D,1,0,0,0,22350.0,2,37.612571716308594,-121.03044128417967,4
2019,2019-08-28,810,8,2,8,3,N,A,Y,A,H,A,D,22,S,03,C,,,,,C,Y,N,D,3,0,0,0,22350.0,5,37.546733856201165,-120.90373229980467,4
2019,2019-08-26,1715,8,2,17,1,N,A,Y,A,H,A,G,25,S,03,C,,,,Y,C,Y,N,D,1,0,0,0,22350.0,4,37.63010787963867,-120.99739074707033,4
2019,2019-08-28,1715,8,2,17,3,Y,A,N,A,H,A,C,02,,08,E,,,Y,,I,Y,N,D,1,0,0,1,22107.0,1,37.575389862060554,-120.84707641601562,3
2019,2019-08-29,645,8,2,6,4,Y,A,Y,A,H,A,A,01,,05,B,,,,,C,Y,N,D,2,0,0,0,21460.0,2,37.63872909545898,-120.82478332519533,4
2019,2019-08-30,58,8,2,0,5,N,A,Y,A,H,C,A,01,N,01,C,,,,,C,Y,M,D,1,0,0,0,23152.0,2,37.616336822509766,-120.98400115966795,4
2019,2019-08-30,1400,8,2,14,5,N,A,Y,A,H,A,A,01,S,03,C,,,,,C,Y,N,D,1,0,0,0,22350.0,2,37.682811737060554,-121.05208587646484,3
2020,2020-05-28,2006,5,1,20,4,N,A,Y,A,H,B,A,07,N,03,C,,,,,C,Y,N,A,2,0,0,0,22350.0,2,37.65753173828125,-120.9938507080078,2
2020,2020-05-27,1836,5,1,18,3,Y,A,Y,A,H,A,A,01,,12,D,,,,,C,Y,N,A,2,0,0,0,21453.0,2,37.63821029663086,-120.97422790527344,3
2020,2020-05-30,1213,5,1,12,6,Y,B,Y,A,H,A,-,,,09,D,,,,,C,Y,N,D,3,0,0,0,21802.0,2,37.69549560546875,-120.99449920654295,4
2020,2020-05-30,1258,5,1,12,6,N,A,Y,A,H,A,D,22,S,21,C,,,,,C,N,N,A,1,0,0,0,22106.0,2,37.6775779724121,-120.99423217773438,4
2019,2019-08-29,1637,8,2,16,4,N,A,N,A,H,A,A,01,S,01,E,,,,,I,Y,N,D,1,0,0,0,23152.0,1,,,2
2019,2019-08-30,1430,8,2,14,5,Y,A,N,A,H,A,A,01,,09,B,,,,,C,N,N,A,1,0,0,0,21802.0,2,37.643211364746094,-121.02110290527344,4
2019,2019-07-25,25,7,2,0,4,N,A,Y,A,H,C,A,07,S,01,E,,,,,I,Y,N,D,1,0,0,0,23152.0,1,37.718387603759766,-121.09539794921876,1
2019,2019-08-30,1445,8,2,14,5,N,A,Y,A,H,A,A,01,S,03,C,,,,,C,Y,N,D,1,0,0,0,22350.0,3,37.70860290527344,-121.08035278320312,4
2019,2019-08-31,1847,8,2,18,6,N,A,Y,A,H,A,A,01,N,08,F,,,,,A,Y,N,D,3,0,0,0,22107.0,1,37.40476608276367,-121.1436004638672,3
2019,2019-08-28,2202,8,2,22,3,N,A,N,A,H,D,A,01,S,03,D,,,,,C,Y,N,D,2,0,0,0,22350.0,2,37.6692008972168,-120.79265594482422,3
2019,2019-09-01,1220,9,3,12,7,Y,A,Y,A,H,A,A,01,,09,D,,,,,C,Y,N,A,1,0,0,0,21802.0,2,37.72596740722656,-121.10363006591795,4
2019,2019-08-27,1325,8,2,13,2,N,A,N,A,H,A,C,02,N,08,F,,,Y,,A,Y,N,D,1,0,0,1,22107.0,1,37.47077178955078,-121.1974639892578,4
2019,2019-09-03,1540,9,3,15,2,N,A,N,A,H,A,F,26,N,08,A,,,,Y,C,Y,N,A,1,0,0,0,22107.0,2,37.71842956542969,-120.8119888305664,4
2019,2019-09-03,1725,9,3,17,2,N,A,N,A,H,A,A,01,W,03,C,,,,,C,Y,N,D,1,0,0,0,22350.0,2,37.6532096862793,-121.02471160888672,4
2019,2019-08-29,539,8,2,5,4,N,A,N,A,H,D,C,02,E,06,D,,,Y,,C,Y,N,A,1,0,0,1,21755.0,2,37.54674530029297,-121.19550323486328,2
2019,2019-08-25,1400,8,2,14,7,Y,A,N,A,H,A,A,01,,09,D,,,,,C,N,N,A,2,0,0,0,21802.0,2,,,3
2019,2019-08-26,1745,8,2,17,1,N,A,Y,A,H,A,A,01,N,03,C,,,,,C,N,N,D,1,0,0,0,22350.0,2,37.68391036987305,-121.05329895019533,4
2019,2019-08-29,730,8,2,7,4,N,A,Y,A,C,A,D,22,N,07,B,,,,Y,C,Y,N,D,1,0,0,0,21658.0,2,37.671607971191406,-121.03941345214844,4
2019,2019-08-30,1744,8,2,17,5,N,A,N,A,H,A,A,01,E,08,E,,,,Y,I,Y,F,D,2,0,0,0,22107.0,2,37.63238906860352,-120.96124267578124,3
2019,2019-09-01,1805,9,3,18,7,N,A,Y,A,H,A,A,01,E,08,F,,,,,A,Y,N,D,1,0,0,0,22107.0,1,37.63848114013672,-120.88304138183594,3
2019,2019-08-30,810,8,2,8,5,N,A,N,A,H,A,A,01,E,08,B,,,,Y,C,Y,N,D,3,0,0,0,22107.0,4,37.49293518066406,-120.98487854003906,2
2020,2020-08-13,753,8,2,7,4,N,-,N,-,-,-,A,07,W,08,-,,,,,-,Y,N,-,1,0,0,0,22107.0,2,37.50006866455078,-120.8738021850586,3
2019,2019-09-06,1933,9,3,19,5,N,A,Y,A,H,B,D,22,S,03,C,,,,,C,N,N,D,1,0,0,0,22350.0,2,37.540351867675774,-121.26709747314452,4
2020,2020-05-08,1614,5,1,16,5,N,A,Y,A,H,A,L,04,S,09,D,,Y,,,G,N,N,D,1,0,1,0,21804.0,2,37.73280334472656,-120.94554901123048,2
2019,2019-08-16,1236,8,2,12,5,N,A,N,A,H,A,A,01,S,05,B,,,,,C,Y,N,A,1,0,0,0,21650.0,3,37.61511993408203,-120.98475646972656,4