ACCIDENT_YEAR,COLLISION_DATE,COLLISION_TIME,MONTH,SEASON,24HOURS,DAY_OF_WEEK,INTERSECTION,WEATHER_1,STATE_HWY_IND,ROAD_SURFACE,ROAD_COND_1,LIGHTING,STWD_VEHTYPE_AT_FAULT,CHP_VEHTYPE_AT_FAULT,DIRECTION,PCF_VIOL_CATEGORY,TYPE_OF_COLLISION,PEDESTRIAN_ACCIDENT,BICYCLE_ACCIDENT,MOTORCYCLE_ACCIDENT,TRUCK_ACCIDENT,MVIW,TOW_AWAY,HIT_AND_RUN,CONTROL_DEVICE,NUMBER_INJURED,COUNT_PED_INJURED,COUNT_BICYCLIST_INJURED,COUNT_MC_INJURED,PCF_VIOLATION,PARTY_COUNT,POINT_Y,POINT_X,COLLISION_SEVERITY
2020,2020-02-01,1650,2,4,16,6,N,A,N,A,H,A,-,99,N,03,C,,,,,C,N,M,D,2,0,0,0,22350.0,2,37.60890579223633,-121.12174224853516,4
2020,2020-01-31,1750,1,4,17,5,N,A,Y,A,H,D,A,01,N,03,C,,,,,C,Y,N,D,1,0,0,0,22350.0,2,37.45342254638672,-121.11516571044922,3
2020,2020-01-31,1518,1,4,15,5,N,A,N,A,H,A,A,01,W,09,D,,,Y,,C,N,N,D,2,0,0,2,21801.0,2,37.613384246826165,-121.04424285888672,4
2020,2020-02-03,750,2,4,7,1,Y,A,N,A,H,A,A,07,,12,D,,,,,C,Y,N,A,1,0,0,0,22450.0,2,37.49274826049805,-120.9404067993164,3
2020,2020-01-27,1535,1,4,15,1,N,A,N,A,H,A,A,07,E,04,C,,,,,C,Y,N,D,2,0,0,0,21703.0,2,37.492862701416016,-120.96560668945312,4
2020,2020-02-02,850,2,4,8,7,N,A,Y,A,H,A,A,01,S,08,F,,,,,A,Y,N,D,1,0,0,0,22107.0,1,37.53066635131836,-120.88972473144533,3
2020,2020-02-05,1055,2,4,10,3,N,A,Y,A,H,A,G,25,N,03,C,,,,Y,C,Y,N,D,1,0,0,0,22350.0,2,37.63637161254882,-121.00367736816406,4
2020,2020-01-30,1905,1,4,19,4,Y,A,Y,A,H,D,A,01,,09,D,,,,,C,Y,N,D,2,0,0,0,21801.0,3,37.72196960449219,-120.9950714111328,4
2020,2020-02-03,1530,2,4,15,1,N,A,N,A,H,A,N,60,N,11,H,Y,,,,A,N,N,D,2,0,0,0,21956.0,3,37.47294235229492,-121.13760375976562,4
2020,2020-01-09,1210,1,4,12,4,N,B,Y,B,H,A,A,01,N,06,A,,,,Y,C,Y,N,D,0,0,0,0,21751.0,3,37.578155517578125,-121.23052215576172,1
2020,2020-01-27,905,1,4,9,1,N,A,Y,A,H,A,D,22,S,03,C,,,,,C,Y,N,D,1,0,0,0,22350.0,4,37.60427474975586,-120.97122192382812,4
2020,2020-01-28,1605,1,4,16,2,Y,A,N,A,H,A,-,- ,,09,D,,,,,C,N,N,A,1,0,0,0,21800.0,2,37.49282836914063,-120.95841979980467,4
2020,2020-01-25,810,1,4,8,6,N,E,Y,A,H,A,A,01,S,08,E,,,,,I,Y,N,D,1,0,0,0,22107.0,1,37.452495574951165,-121.17155456542967,4
2020,2020-02-05,1805,2,4,18,3,Y,A,N,A,H,C,A,07,,09,A,,,,,C,Y,N,D,2,0,0,0,21801.0,2,37.7218017578125,-121.09906768798828,4
2020,2020-01-31,720,1,4,7,5,N,B,N,A,H,A,A,07,N,01,B,,,,,C,N,M,D,1,0,0,0,23152.0,2,37.647438049316406,-121.02098846435548,3
2020,2020-06-25,606,6,2,6,4,Y,A,N,A,H,A,D,22,,00,D,,,,,C,Y,N,A,1,0,0,0,21445.0,2,37.646820068359375,-120.98533630371094,4
2020,2020-01-24,1759,1,4,17,5,N,A,Y,A,H,D,A,01,N,06,A,,,,,C,Y,N,D,2,0,0,0,21751.0,2,37.57023620605469,-121.22184753417967,2
2020,2020-02-01,1715,2,4,17,6,N,A,Y,A,H,B,A,01,N,07,B,,,,,C,Y,N,D,3,0,0,0,21658.0,3,37.548652648925774,-120.90646362304688,3
2020,2020-02-05,1640,2,4,16,3,N,A,Y,A,H,A,A,01,N,08,E,,,,,I,N,N,D,1,0,0,0,22107.0,1,37.65316009521485,-121.02496337890624,4
2020,2020-02-06,445,2,4,4,4,N,A,Y,A,H,D,A,01,N,03,C,,,,,C,Y,N,D,1,0,0,0,22350.0,2,37.552276611328125,-120.9121551513672,4
2019,2019-12-25,847,12,4,8,3,N,B,N,B,H,A,D,22,E,01,E,,,,,I,Y,N,D,0,0,0,0,23152.0,1,37.4842529296875,-121.10250854492188,1
2020,2020-01-30,2210,1,4,22,4,N,A,Y,A,H,C,A,01,S,08,C,,,,,C,Y,N,D,1,0,0,0,22107.0,3,37.61762237548828,-120.99182891845705,4
2020,2020-02-02,125,2,4,1,7,N,E,N,A,H,D,D,22,N,01,E,,,,,C,Y,N,D,2,0,0,0,23152.0,2,37.59670639038086,-120.84727478027344,2
2020,2020-02-02,2145,2,4,21,7,N,A,N,A,H,C,A,07,W,03,E,,,,,I,Y,N,A,1,0,0,0,22350.0,1,37.54780960083008,-120.90587615966795,4
2020,2020-02-04,245,2,4,2,2,N,A,N,A,H,A,A,01,S,01,E,,,,,I,Y,N,D,1,0,0,0,23152.0,1,37.80232620239258,-120.91416168212892,2
2020,2020-02-04,450,2,4,4,2,N,A,N,A,H,D,A,01,E,08,E,,,,,I,Y,N,D,1,0,0,0,22107.0,1,37.66013717651367,-121.0591049194336,4
2020,2020-02-04,1950,2,4,19,2,N,A,Y,A,H,D,G,25,S,07,B,,,,Y,C,Y,N,D,2,0,0,0,21658.0,2,37.53847885131836,-121.26585388183594,3
2020,2020-01-31,1220,1,4,12,5,Y,A,Y,A,H,A,A,07,,09,D,,,,,C,Y,N,A,2,0,0,0,21802.0,2,37.94476318359375,-120.84371948242188,2
2020,2020-02-10,740,2,4,7,1,N,A,Y,A,H,A,A,07,S,03,C,,,,,C,Y,N,D,1,0,0,0,22350.0,2,37.61711120605469,-120.98769378662108,4
2020,2020-02-04,2005,2,4,20,2,N,A,Y,A,G,D,A,01,S,03,D,,,,,C,Y,N,D,2,0,0,0,22350.0,2,37.53788757324219,-121.26512908935548,3
2020,2020-02-09,1340,2,4,13,7,Y,A,N,A,H,A,A,01,,12,D,,,,,C,Y,N,A,2,0,0,0,22450.0,2,37.56595993041992,-121.0484619140625,4
2020,2020-02-03,1935,2,4,19,1,N,A,N,A,H,D,D,22,E,03,C,,,,,C,N,N,D,1,0,0,0,22350.0,2,37.59477996826172,-120.89265441894533,4
2020,2020-02-10,1500,2,4,15,1,N,A,Y,A,H,A,A,07,S,03,C,,,,,C,N,N,D,2,0,0,0,22350.0,2,37.609153747558594,-121.26448059082033,3
2020,2020-01-31,1008,1,4,10,5,Y,A,N,A,H,A,A,01,,12,D,,,,,C,Y,N,A,2,0,0,0,22450.0,2,37.551151275634766,-120.75554656982422,4
2020,2020-02-10,2105,2,4,21,1,N,A,N,A,H,D,B,07,N,09,D,,,,,C,Y,N,D,1,0,0,0,21804.0,2,37.70044708251953,-121.07445526123048,4
2020,2020-01-31,1054,1,4,10,5,N,A,N,A,H,A,A,01,S,09,D,,,,,D,Y,N,D,1,0,0,0,21804.0,2,37.622047424316406,-120.99159240722656,4
2020,2020-02-03,1000,2,4,10,1,N,B,N,A,H,A,A,07,S,03,C,,,,,C,Y,N,D,4,0,0,0,22350.0,4,37.684955596923835,-120.97603607177734,4
2020,2020-02-03,1500,2,4,15,1,N,A,N,A,H,A,A,01,N,09,C,,,Y,,C,Y,N,A,1,0,0,0,21802.0,2,37.56579208374024,-120.95709228515624,4
2020,2020-06-20,27,6,2,0,6,N,A,N,A,H,C,-,,N,05,G,,Y,,,G,N,F,A,1,0,1,0,21650.0,2,37.67173767089844,-121.0312728881836,3
2020,2020-06-28,1944,6,2,19,7,Y,A,N,-,H,A,-,,,12,D,,,,,C,Y,N,A,1,0,0,0,22450.0,2,37.60559844970703,-121.01988983154295,2
2020,2020-02-04,315,2,4,3,2,N,A,N,A,H,D,D,22,W,03,H,,,,,H,Y,N,D,2,0,0,0,22350.0,3,37.71102142333984,-120.88214111328124,2
2020,2020-02-01,2030,2,4,20,6,N,A,Y,A,H,D,A,01,S,01,E,,,,,I,Y,N,D,1,0,0,0,23152.0,1,37.51909637451172,-121.2424774169922,2
2020,2020-02-04,730,2,4,7,2,N,B,Y,A,H,A,D,22,W,03,C,,,,,C,Y,N,D,1,0,0,0,22350.0,3,37.71104431152344,-121.06903076171876,4
2020,2020-06-30,1240,6,2,12,2,N,A,N,A,H,A,L,04,E,- ,H,,Y,,,A,,N,D,1,0,1,0,,1,37.64725112915039,-120.98341369628906,3
2020,2020-06-30,2340,6,2,23,2,N,A,N,A,H,D,-,,E,01,C,,,,,E,Y,N,D,1,0,0,0,23152.0,2,,,4
2020,2020-06-09,1608,6,2,16,2,Y,A,N,A,H,A,L,,,05,D,,Y,,,G,N,N,A,1,0,1,0,21650.0,2,37.6453514099121,-120.93904876708984,3
2020,2020-06-18,1153,6,2,11,4,Y,A,N,A,H,A,-,- ,,12,-,,,,,C,Y,N,A,4,0,0,0,21453.0,2,37.671489715576165,-121.02214050292967,3
2020,2020-06-19,1631,6,2,16,5,N,A,N,A,H,A,A,,W,01,C,,,,,C,Y,F,A,1,0,0,0,23152.0,3,37.6893310546875,-121.01252746582033,4
2020,2020-06-21,1406,6,2,14,7,N,A,N,A,H,A,N,,E,11,G,Y,,,,B,N,N,A,1,1,0,0,21950.0,2,37.67001724243164,-121.03060913085938,3
2020,2020-06-20,2057,6,2,20,6,N,A,N,A,H,C,C,,E,03,C,,,Y,,C,Y,N,D,1,0,0,1,22350.0,2,37.68907928466797,-120.99082183837892,3
2020,2020-06-20,1430,6,2,14,6,Y,A,N,A,H,A,A,,,01,B,,,,,C,Y,N,A,1,0,0,0,23152.0,2,37.669960021972656,-121.03063201904295,4
2020,2020-06-25,2030,6,2,20,4,Y,A,N,A,H,A,A,,,03,D,,,,,C,Y,N,D,2,0,0,0,22350.0,2,37.64598846435546,-121.0302963256836,4
2020,2020-06-25,37,6,2,0,4,Y,A,N,A,H,C,A,,,12,D,,,,,C,N,N,A,2,0,0,0,21453.0,2,37.65306854248047,-120.95738983154295,3
2020,2020-02-05,615,2,4,6,3,N,B,N,A,H,C,A,01,S,08,C,,,,,E,Y,N,D,1,0,0,0,22107.0,2,37.70228576660156,-121.0866241455078,4
2020,2020-02-07,810,2,4,8,5,N,A,N,A,H,A,A,01,W,03,C,,,,,C,Y,N,D,1,0,0,0,22350.0,2,37.608848571777344,-121.12177276611328,4
2020,2020-02-13,1335,2,4,13,4,N,A,Y,A,H,A,A,01,N,03,C,,,,,C,Y,N,D,1,0,0,0,22350.0,2,37.66128540039063,-121.02605438232422,4
2019,2019-12-22,723,12,4,7,7,N,C,N,B,H,A,A,01,S,01,A,,,,,C,Y,N,D,1,0,0,0,23152.0,2,,,1
2020,2020-02-06,1850,2,4,18,4,Y,A,Y,A,H,D,A,01,,01,D,,,,,C,Y,F,D,1,0,0,0,23152.0,2,37.56595993041992,-121.0484619140625,4
2020,2020-02-15,2102,2,4,21,6,N,A,Y,A,H,C,A,01,S,03,C,,,,,C,Y,N,D,2,0,0,0,22350.0,2,37.64506149291992,-121.01544952392578,4
2020,2020-06-14,1919,6,2,19,7,Y,A,N,A,H,A,-,,,- ,C,,,,,C,N,N,D,1,0,0,0,,2,37.623680114746094,-120.93949127197266,4
2020,2020-06-18,1715,6,2,17,4,Y,A,N,A,H,A,-,,,09,D,,,,,C,Y,N,A,1,0,0,0,21802.0,2,37.64004898071289,-120.9595184326172,4
2020,2020-06-27,1444,6,2,14,6,N,A,N,A,H,A,N,60,W,11,G,Y,,,,B,N,F,D,1,1,0,0,21954.0,2,37.62726974487305,-121.01263427734376,3
2020,2020-02-18,1525,2,4,15,2,Y,A,N,A,H,A,D,22,,12,D,,,,,C,Y,N,A,1,0,0,0,22450.0,3,37.62160110473633,-121.02806091308594,4
2020,2020-02-07,639,2,4,6,5,Y,A,Y,A,H,A,A,01,,09,D,,,,,C,Y,N,D,1,0,0,0,21800.0,2,37.49227142333984,-120.76210784912108,4
2020,2020-02-13,1905,2,4,19,4,Y,A,N,A,H,C,-,99,,09,D,,,,,C,Y,F,D,2,0,0,0,21802.0,2,37.703460693359375,-121.07805633544922,3
2020,2020-02-14,215,2,4,2,5,N,A,Y,A,H,D,A,01,N,01,F,,,,,A,Y,N,D,1,0,0,0,23152.0,1,37.53900909423828,-120.89437103271484,4
2020,2020-07-01,1703,7,2,17,3,N,A,N,A,H,A,D,22,S,08,B,,,,,C,N,N,A,1,0,0,0,22107.0,2,,,4
2020,2020-02-12,805,2,4,8,3,N,A,N,A,H,A,A,07,E,03,C,,,,,C,N,N,D,1,0,0,0,22350.0,2,,,4
2020,2020-02-16,800,2,4,8,7,Y,A,N,A,H,A,A,07,,12,D,,,,,C,N,N,A,1,0,0,0,21453.0,2,37.60947036743164,-120.99365997314452,4
2020,2020-02-16,1545,2,4,15,7,N,B,Y,A,H,A,A,01,N,08,F,,,,,A,Y,N,D,1,0,0,0,22107.0,1,37.583038330078125,-120.94710540771484,4
2020,2020-02-18,2204,2,4,22,2,Y,A,Y,A,H,C,-,- ,,00,D,,,,,C,Y,N,A,3,0,0,0,,2,37.71089553833008,-121.07758331298828,2
2020,2020-02-12,827,2,4,8,3,N,A,N,A,H,A,A,07,N,03,C,,,,,C,Y,N,D,2,0,0,0,22350.0,2,37.59754180908203,-120.84728240966795,3
2020,2020-02-22,1125,2,4,11,6,Y,A,Y,A,H,A,A,07,,09,D,,,Y,,C,N,F,A,1,0,0,1,21802.0,2,37.4637565612793,-121.18065643310548,2
2020,2020-02-13,845,2,4,8,4,N,A,N,A,H,A,C,02,N,03,F,,,Y,,A,Y,N,D,1,0,0,1,22350.0,1,,,4
2020,2020-02-14,828,2,4,8,5,N,A,Y,A,H,A,A,08,N,08,D,,,,,C,Y,N,D,1,0,0,0,22107.0,2,37.52490997314453,-120.8874969482422,4
2020,2020-02-10,2145,2,4,21,1,N,A,Y,A,H,C,N,60,N,11,G,Y,,,,B,N,F,D,1,1,0,0,21954.0,2,,,2
2020,2020-02-11,1510,2,4,15,2,N,A,Y,A,H,A,A,01,S,03,C,,,Y,,C,Y,N,A,1,0,0,1,22350.0,2,37.664024353027344,-121.02830505371094,4
2020,2020-02-15,2058,2,4,20,6,N,A,Y,A,H,D,A,01,S,03,D,,,,,C,Y,N,D,5,0,0,0,22350.0,2,37.64506149291992,-121.01544952392578,2
2020,2020-02-16,2325,2,4,23,7,N,A,Y,A,A,D,A,01,S,03,C,,,,Y,C,Y,N,D,1,0,0,0,22350.0,3,37.58015060424805,-121.31935119628906,4
2020,2020-02-11,2315,2,4,23,2,N,A,Y,A,H,D,A,01,S,08,E,,,,,I,Y,N,D,1,0,0,0,22107.0,1,37.4705467224121,-120.84087371826172,1
2020,2020-02-21,2312,2,4,23,5,N,A,N,A,H,C,A,01,N,01,G,,,,,C,Y,N,D,1,0,0,0,23152.0,3,37.61203384399414,-120.978515625,2
2020,2020-02-23,1920,2,4,19,7,N,B,Y,A,H,D,A,01,S,07,B,,,,,C,Y,N,D,1,0,0,0,21658.0,3,37.67830657958984,-121.04739379882812,4
2020,2020-02-21,1140,2,4,11,5,N,A,Y,A,H,A,A,01,E,03,C,,,,,C,Y,N,D,3,0,0,0,22350.0,2,37.72380828857422,-120.99510192871094,4
2020,2020-06-09,1913,6,2,19,2,Y,A,N,A,H,B,A,01,,17,D,,,Y,,C,Y,N,A,3,0,0,1,21451.0,2,37.4926986694336,-120.87635040283205,2
2020,2020-06-18,1539,6,2,15,4,Y,A,N,A,H,A,A,01,,- ,A,,,,,D,Y,N,A,2,0,0,0,,2,37.521820068359375,-120.88137817382812,3
2020,2020-02-25,706,2,4,7,2,Y,A,N,A,H,A,D,22,,03,C,,,,,C,Y,N,D,1,0,0,0,22350.0,2,37.557430267333984,-120.82869720458984,4
2020,2020-02-15,1320,2,4,13,6,N,A,Y,A,H,A,C,02,S,03,C,,,Y,,C,Y,N,D,1,0,0,1,22350.0,3,37.644580841064446,-121.01441192626952,2
2020,2020-02-24,1220,2,4,12,1,N,A,N,A,H,A,-,- ,S,18,H,,,Y,,H,N,N,D,1,0,0,1,,1,37.742279052734375,-120.91358947753906,3
2020,2020-02-20,1440,2,4,14,4,N,A,Y,A,H,A,A,01,E,21,C,,,,,C,Y,N,D,1,0,0,0,22106.0,2,37.71094512939453,-121.0744171142578,4
2020,2020-02-26,345,2,4,3,3,N,A,Y,A,H,D,D,22,W,09,C,,,,,C,Y,N,A,1,0,0,0,21802.0,2,37.6378288269043,-121.15901184082033,4
2020,2020-02-22,1135,2,4,11,6,N,A,Y,A,H,A,A,07,N,08,F,,,,,I,Y,N,D,3,0,0,0,22107.0,1,37.55303955078125,-121.28417205810548,2
2020,2020-02-24,1354,2,4,13,1,N,A,Y,A,H,A,A,01,S,08,E,,,,,I,Y,N,D,1,0,0,0,22107.0,1,37.46616363525391,-120.8291015625,3
2020,2020-01-22,1855,1,4,18,3,N,A,Y,A,H,D,A,01,S,08,E,,,,,I,Y,N,D,4,0,0,0,22107.0,1,37.55978012084961,-120.92076110839844,1
2020,2020-06-19,1550,6,2,15,5,Y,A,N,A,H,A,A,01,,09,D,,,,,C,Y,N,A,3,0,0,0,21800.0,2,37.478118896484375,-120.83603668212892,2
2020,2020-07-15,1026,7,2,10,3,N,A,N,A,H,A,A,01,S,03,C,,,,Y,C,N,N,D,3,0,0,0,22350.0,2,37.6014518737793,-120.99355316162108,4
2020,2020-07-11,1416,7,2,14,6,Y,A,N,A,H,A,D,82,,12,D,,,,,C,Y,N,A,1,0,0,0,21453.0,2,37.671489715576165,-121.02214050292967,4
2020,2020-02-22,1855,2,4,18,6,Y,A,Y,A,H,D,A,07,,09,D,,,,,C,Y,F,D,2,0,0,0,21804.0,2,37.6382942199707,-121.06275177001952,4
2020,2020-02-20,1700,2,4,17,4,N,A,N,A,H,B,D,22,N,03,C,,,,,C,Y,N,D,1,0,0,0,22350.0,2,,,4
2020,2020-02-11,1330,2,4,13,2,N,A,N,A,H,A,A,01,E,05,B,,,,Y,C,Y,N,D,1,0,0,0,21650.0,2,37.338172912597656,-120.98580169677734,1
2020,2020-05-29,527,5,1,5,5,N,A,N,A,H,D,N,60,S,11,G,Y,,,,B,,F,D,1,1,0,0,21955.0,2,37.61248397827149,-121.03044891357422,2
2020,2020-02-14,920,2,4,9,5,N,A,Y,A,H,A,A,07,S,12,D,,,,,C,N,N,A,1,0,0,0,21453.0,2,37.49264907836913,-120.87068939208984,4
2020,2020-02-15,903,2,4,9,6,N,A,Y,A,H,A,A,01,N,08,E,,,,Y,I,Y,N,D,1,0,0,0,22107.0,2,37.548538208007805,-121.27833557128906,4
2020,2020-02-21,129,2,4,1,5,N,A,Y,A,H,E,D,22,N,03,C,,,,,C,Y,N,D,1,0,0,0,22350.0,2,,,4
2020,2020-03-01,2114,3,1,21,7,Y,A,Y,A,H,D,A,01,,01,D,,,,,C,Y,N,A,3,0,0,0,23152.0,2,37.43513107299805,-121.10195159912108,2
2020,2020-02-22,1655,2,4,16,6,N,A,N,A,H,A,A,01,W,08,B,,,,,E,Y,N,D,1,0,0,0,22107.0,5,37.61788558959961,-121.00994110107422,4
2020,2020-02-21,1615,2,4,16,5,Y,A,N,A,H,A,D,22,,09,B,,,,,C,Y,N,D,1,0,0,0,21801.0,2,37.56072998046875,-121.1778564453125,3
2020,2020-02-22,1610,2,4,16,6,Y,A,N,A,H,A,A,01,,08,D,,,,,C,Y,N,D,1,0,0,0,22107.0,2,37.692241668701165,-120.92157745361328,4
2020,2020-02-23,1100,2,4,11,7,N,A,N,A,H,A,A,07,S,08,E,,,,,I,Y,N,D,1,0,0,0,22107.0,3,37.55531311035156,-120.91368103027344,3
2020,2020-03-01,1930,3,1,19,7,N,A,N,A,H,D,A,01,S,01,E,,,,,I,Y,N,D,1,0,0,0,23152.0,1,37.886127471923835,-120.83326721191406,3
2020,2020-02-22,1955,2,4,19,6,Y,A,N,A,H,C,A,01,,09,D,,,,,C,Y,N,D,1,0,0,0,21801.0,2,37.70235061645508,-121.0725326538086,4
2020,2020-02-25,2005,2,4,20,2,N,A,Y,A,H,D,A,07,S,03,C,,,,,C,Y,N,D,1,0,0,0,22350.0,2,37.47117614746094,-120.8418426513672,4
2020,2020-02-21,824,2,4,8,5,N,A,Y,A,H,A,-,- ,N,18,E,,,,,I,Y,N,D,1,0,0,0,,1,37.57920837402344,-120.94271087646484,4
2020,2020-02-28,415,2,4,4,5,N,A,Y,A,H,D,A,08,N,03,C,,,,,C,N,N,D,1,0,0,0,22350.0,2,37.32895278930664,-121.11131286621094,4
2020,2020-06-29,858,6,2,8,1,Y,A,Y,A,H,A,A,,,09,D,,,,,C,Y,N,A,1,0,0,0,21802.0,2,37.638214111328125,-120.97624206542967,4
2020,2020-06-27,1933,6,2,19,6,Y,A,Y,A,H,A,D,,,12,-,,,,,C,Y,N,A,1,0,0,0,21453.0,2,37.63957214355469,-121.0063934326172,4
2020,2020-06-25,742,6,2,7,4,Y,A,Y,A,H,A,A,01,,09,D,,,,,C,Y,N,A,2,0,0,0,21802.0,2,37.665233612060554,-120.99395751953124,3
2020,2020-06-11,1610,6,2,16,4,N,A,Y,A,H,A,L,04,E,07,D,,Y,,,G,,N,D,1,0,1,0,21658.0,2,37.635623931884766,-120.9922332763672,3
2020,2020-06-26,1520,6,2,15,5,Y,A,Y,A,H,A,A,,,08,A,,,,Y,C,Y,F,A,2,0,0,0,22107.0,4,37.635940551757805,-120.99665832519533,3
2020,2020-07-01,418,7,2,4,3,N,A,Y,A,H,D,-,,E,08,E,,,,,I,Y,N,D,1,0,0,0,22107.0,1,37.63816833496094,-120.95131683349608,4
2020,2020-02-25,1710,2,4,17,2,Y,A,N,A,H,A,L,04,,05,H,,Y,,,G,N,N,A,1,0,1,0,21650.0,2,37.60816955566406,-120.99358367919922,4
2020,2020-02-24,1022,2,4,10,1,Y,A,Y,A,H,A,D,22,,12,D,,,,,C,Y,N,D,1,0,0,0,22450.0,2,37.3974494934082,-121.13765716552734,4
2020,2020-06-19,1653,6,2,16,5,Y,A,Y,A,H,A,A,,,12,D,,,,,C,Y,N,A,2,0,0,0,21453.0,4,37.63839340209961,-120.99959564208984,3
2020,2020-02-26,1410,2,4,14,3,N,A,N,A,H,A,A,01,W,01,C,,,,,E,Y,N,D,1,0,0,0,23152.0,3,37.55125045776367,-120.90778350830078,3
2020,2020-06-12,1838,6,2,18,5,N,A,N,B,H,A,D,,E,09,D,,,,,C,N,N,D,2,0,0,0,21804.0,2,37.64596939086913,-121.01634979248048,4
2020,2020-03-03,1632,3,1,16,2,Y,A,N,A,H,A,F,25,,09,A,,,,Y,C,Y,N,D,1,0,0,0,21801.0,2,37.56385040283203,-121.14054107666016,4
2020,2020-03-07,1445,3,1,14,6,Y,A,Y,A,H,A,A,01,,01,E,,,,,I,Y,N,D,1,0,0,0,23152.0,1,,,3
2020,2020-03-06,2303,3,1,23,5,N,A,N,A,H,C,D,22,W,01,C,,,,,C,Y,N,A,1,0,0,0,23152.0,2,37.52899169921875,-120.79397583007812,3
2020,2020-02-26,730,2,4,7,3,N,A,Y,A,H,A,A,01,N,08,E,,,,,I,Y,N,D,1,0,0,0,22107.0,1,37.52256774902344,-120.8861083984375,4
2020,2020-03-01,21,3,1,0,7,N,A,Y,A,H,C,A,01,W,01,B,,,,,C,Y,N,A,1,0,0,0,23152.0,2,37.6092643737793,-120.97728729248048,4
2020,2020-02-29,1240,2,4,12,6,N,A,Y,A,H,A,C,02,E,08,F,,,Y,,A,Y,N,D,1,0,0,1,22107.0,1,37.65274429321289,-120.4237823486328,2
2020,2020-02-28,225,2,4,2,5,N,A,N,A,H,D,A,01,W,01,E,,,,,I,Y,N,D,2,0,0,0,23152.0,1,37.608978271484375,-121.13727569580078,3
2020,2020-02-29,738,2,4,7,6,Y,A,N,A,H,A,A,01,,12,D,,,,,C,Y,N,D,1,0,0,0,22450.0,2,37.50738906860352,-120.95854949951172,3
2020,2020-02-28,2212,2,4,22,5,N,A,N,A,H,C,-,99,S,08,G,Y,,,,B,N,F,A,1,1,0,0,22107.0,2,37.72691345214844,-121.10133361816406,2
2020,2020-03-01,2500,3,1,25,7,N,A,N,A,H,A,A,01,W,08,E,,,,,I,Y,N,D,1,0,0,0,22107.0,1,37.71090698242188,-120.70102691650392,3
2020,2020-02-29,355,2,4,3,6,N,A,N,A,H,D,A,07,W,08,E,,,,,I,Y,N,D,4,0,0,0,22107.0,1,37.73232650756836,-120.63979339599608,2
2020,2020-03-02,2222,3,1,22,1,N,A,Y,A,H,C,A,01,N,03,E,,,,,I,Y,N,D,1,0,0,0,22350.0,1,37.611663818359375,-120.97907257080078,3
2020,2020-02-20,511,2,4,5,4,Y,A,Y,A,H,C,A,01,,12,D,,,,,D,Y,N,A,2,0,0,0,21453.0,2,37.71120834350586,-120.99491119384766,4
2019,2019-12-20,1920,12,4,19,5,N,A,Y,A,H,D,A,07,N,03,C,,,,,C,Y,N,D,1,0,0,0,22350.0,2,37.50241470336913,-121.22258758544922,1
2020,2020-03-07,1600,3,1,16,6,N,B,N,A,H,A,A,01,S,03,C,,,,,C,Y,N,A,1,0,0,0,22350.0,2,37.637465,-120.923295,4
2020,2020-03-04,1140,3,1,11,3,Y,A,Y,A,H,A,A,07,,09,D,,,,Y,C,N,N,A,1,0,0,0,21802.0,2,,,4
2020,2020-03-02,1420,3,1,14,1,N,A,Y,A,H,A,D,22,N,03,C,,,,,C,Y,N,D,2,0,0,0,22350.0,3,37.50876998901367,-120.87876129150392,4
2020,2020-03-11,35,3,1,0,3,N,A,Y,B,H,D,C,02,N,08,F,,,Y,,A,Y,N,D,1,0,0,1,22107.0,1,37.5749397277832,-120.93704223632812,3
2020,2020-02-28,1905,2,4,19,5,N,A,N,A,H,D,A,01,W,09,A,,,,,C,Y,N,D,1,0,0,0,21801.0,3,37.56575775146485,-120.95864105224608,4
2020,2020-02-28,1405,2,4,14,5,Y,A,N,A,H,A,A,01,,05,D,,,,,C,Y,N,D,1,0,0,0,21460.0,2,37.60816955566406,-120.99358367919922,4
2020,2020-03-02,540,3,1,5,1,N,A,N,A,H,B,A,01,W,05,A,,,,,C,Y,N,D,2,0,0,0,21650.0,2,37.44902038574219,-120.89449310302734,3
2020,2020-03-03,930,3,1,9,2,N,B,Y,A,H,A,G,25,E,07,B,,,,Y,C,N,N,D,2,0,0,0,21658.0,2,37.7327537536621,-120.99207305908205,4
2020,2020-03-09,2305,3,1,23,1,N,A,Y,A,H,D,A,01,S,07,B,,,,Y,C,Y,N,D,1,0,0,0,21658.0,2,37.724857330322266,-121.10244750976562,4